"i","cv_fixed","cv_nested","HR","p","km_p","nsel"
1,0.69297375648459,0.673005035093073,4.36694424105205,2.89955868140514e-21,2.95830027141619e-12,4
2,0.653188892279524,0.616150442477876,15.2529062091324,1.04794485712813e-09,2.64481214706791e-10,6
3,0.661733292645713,0.634040280744584,3.68921999043655,1.98433571918246e-14,4.05784694734734e-09,11
4,0.665643118706134,0.625038144644492,3.96232373423807,1.14500042364649e-18,3.76253583844743e-09,9
5,0.666577662496186,0.661904943545926,4.47419496172119,9.13212020269958e-20,2.48603098218503e-07,3
6,0.660855965822398,0.644835215135795,5.1558147058462,1.4747216604984e-20,1.72378333829215e-10,5
7,0.697112450411962,0.658719865730851,3.38409415599929,9.16086376333274e-25,6.60582699651968e-14,11
8,0.703864052487031,0.684429356118401,5.52134466078957,1.76500224803987e-25,1.44995127016045e-13,4
9,0.671631827891364,0.637568660360085,6.24607185510178,7.44392049822973e-20,2.90619528442448e-10,7
10,0.662095666768386,0.622101007018615,4.76492501181262,4.47535592560079e-15,7.11203473890976e-09,6
11,0.629634574305767,0.565341776014648,4.17905755751065,5.75551336046027e-16,5.17124355559062e-08,12
12,0.686489166920964,0.637377937137626,3.667726119765,1.80977207221181e-19,9.73743308207986e-12,9
13,0.699744430881904,0.670182331400671,3.55193855434081,1.60333914073289e-19,1.59872115546023e-14,12
14,0.672242142203235,0.621872139151663,3.32460113600575,2.31240872251777e-23,2.8383025929557e-09,18
15,0.693393347574001,0.677105584375954,4.34112205700726,4.79565280339283e-21,9.15048037342103e-11,4
16,0.696044400366189,0.66735962770827,5.06952825846476,1.20433921421338e-22,3.87545551205903e-10,9
17,0.697703692401587,0.662248245346353,4.29704763835562,2.55365817473773e-25,4.62974103498937e-12,13
18,0.691753127860848,0.639819194385108,3.91167308339618,1.39482536393287e-19,6.47004672060802e-11,11
19,0.651720323466585,0.652673939578883,13.4505909621457,1.35219493470451e-07,1.12651559192045e-08,2
20,0.711340402807446,0.683876258773268,3.41060206832061,1.26761248992268e-31,1.24344978758018e-14,14
21,0.654237870003052,0.610381064998474,4.20310707411859,6.79340948381249e-19,7.42642525253245e-09,7
22,0.664632285627098,0.633601617332926,4.74661743058953,8.37621164024214e-18,2.20364727576694e-08,6
23,0.712694537686909,0.691657766249619,3.94602715399791,6.61147455158439e-29,1.7403856134024e-12,11
24,0.701823314006713,0.692935611840098,4.15699019113674,3.64481450944707e-28,1.01350039471981e-11,4
25,0.698523802258163,0.663163716814159,3.36773355732022,1.97957824496509e-27,1.54507628913336e-10,15
26,0.663716814159292,0.621032956972841,3.87550686110853,1.2080434784334e-17,6.69054501800659e-08,12
27,0.667912725053402,0.634498016478486,3.77605112890926,1.53176387111229e-25,4.47148318372115e-09,9
28,0.697932560268538,0.662152883735124,3.57245695750574,6.51214883708502e-32,1.32508337635784e-10,13
29,0.650823924321025,0.62330256332011,4.97857073780804,3.67947937556458e-17,1.58215089252067e-07,4
30,0.711492981385414,0.694213457430577,4.03731444270117,2.48239593395617e-25,0,9
31,0.673787000305157,0.664555996338114,4.94360795039624,3.46839873795762e-22,5.80309134079471e-11,3
33,0.642794476655478,0.545601922490082,1735618336.89234,2.71884790033763e-10,4.30320292732489e-08,1
34,0.683532956972841,0.646380073237717,4.09230137780207,1.97164264708663e-23,9.78467640244673e-10,7
35,0.627212389380531,0.617132667073543,929.014499687252,1.77366942862761e-10,1.58044885956166e-07,2
36,0.678936527311566,0.653265181568508,4.4299456356987,1.83040645190773e-20,1.4819148796974e-08,8
37,0.703330027464144,0.662343606957583,4.79384924135942,2.76676350248219e-23,4.68514116391816e-14,8
38,0.682503051571559,0.646093988404028,3.73121968141877,1.18577437175369e-26,1.09238845746873e-08,9
39,0.710444003661886,0.682388617638084,3.49111452106851,2.00209582269939e-28,3.21964677141295e-15,11
40,0.662553402502289,0.625610314311871,3.97053740671442,9.80454455620131e-16,9.14994902068145e-09,10
41,0.698828959414098,0.679604058590174,3.96885447439004,5.56922512931827e-23,7.03681557467917e-12,8
42,0.69079951174855,0.650003814464449,4.41686779393654,5.32257065208371e-18,9.23610077308012e-11,7
43,0.657213152273421,0.626220628623741,5.10790295727179,4.19636815084999e-18,1.00669399483166e-08,7
44,0.692611382361916,0.653894568202624,9.02785634598796,5.17801798601587e-17,2.07611705604904e-14,8
45,0.709814617027769,0.665852914250839,3.58992192362013,2.44872070316613e-24,1.11022302462516e-16,13
46,0.69287839487336,0.674130302105584,4.94086359620394,4.40925911781509e-19,3.22482041070771e-11,6
47,0.630721696673787,0.588495575221239,8.2506688658399,4.77283432617054e-09,1.14361633607452e-07,5
48,0.692191791272505,0.676151968263656,6.39437109231824,2.94663952651311e-23,2.22044604925031e-14,5
49,0.68580256332011,0.648668751907232,4.02087551640527,9.39897342637315e-24,7.56514884070469e-09,10
50,0.698733597802868,0.646723375038145,3.52829161551636,8.58863981574469e-19,6.66133814775094e-16,15
51,0.651834757400061,0.541844675007629,4.30393624329953,6.2944175743888e-18,9.83383585673181e-09,11
52,0.68839639914556,0.66358330790357,4.64530122437943,4.14020907386523e-16,1.92168503332368e-12,8
53,0.727151357949344,0.715784253890754,3.61664513590832,9.97786959738094e-34,2.52020626589911e-14,9
54,0.70254806225206,0.668980775099176,3.75886288966945,8.10069421686124e-26,3.68816088780477e-12,10
55,0.68462007934086,0.632342844064693,10.9392562455141,1.10131843747234e-16,9.47020240005259e-13,7
56,0.674511748550503,0.633735123588648,3.9758935856873,4.90798575790089e-23,8.85425066599055e-12,5
57,0.63028303326213,0.554422871528837,56.5582433805132,1.8792730110787e-11,3.68879546908119e-08,2
58,0.713056911809582,0.674912267317669,3.7221081864774,1.81484757083562e-25,4.98575847274196e-10,15
59,0.66386939273726,0.609799359169973,12.2991740842543,1.34261351753752e-13,1.4563715566851e-08,4
60,0.720628623741227,0.681110772047605,4.02417344221999,1.70321180706167e-24,0,13
61,0.671479249313396,0.643004272200183,4.58997086357527,1.06745639274955e-18,7.11032455136262e-10,8
62,0.658185840707965,0.639514037229173,15.5111005079011,2.81222048832763e-13,1.76071823787538e-10,4
63,0.696235123588648,0.66457506866036,3.74819284179316,1.03720610472369e-20,4.31210622764411e-13,9
64,0.696292340555386,0.664784864205066,3.76339935215313,7.64101051133372e-23,3.59268170768701e-13,14
65,0.701422795239548,0.684963381141288,3.96893531283158,2.73054606355075e-22,8.24340595784179e-13,7
66,0.692611382361916,0.658109551418981,3.46268720458862,9.46382435703931e-22,3.79101194880604e-11,10
67,0.694194385108331,0.627994354592615,3.68552691650129,3.87588873930604e-22,3.81983333852531e-12,13
68,0.67084986267928,0.646093988404028,4.40155781219578,1.06665623238735e-15,9.11101238898482e-09,3
69,0.693564998474214,0.636595971925542,3.20753630420493,2.30463488010719e-26,1.34697684117668e-08,17
70,0.698218645102228,0.685669057064388,3.91740016047517,4.69994917053167e-19,1.40887301824932e-13,8
71,0.678211779066219,0.65820491303021,4.66224476723327,8.45862009461241e-14,4.49128845225744e-09,6
72,0.695929966432713,0.680023649679585,4.49366162646219,1.53065224046377e-20,1.19637633133607e-12,4
73,0.647295544705523,0.613899908452853,11.091963734271,1.3393955804674e-11,3.50464598453115e-08,6
74,0.711492981385414,0.689979401891974,3.55465006797986,9.42178481331637e-27,5.654143819811e-12,6
75,0.70584757400061,0.692725816295392,3.95964125547685,1.92408842855708e-30,2.22044604925031e-16,6
76,0.647905859017394,0.620479859627708,445.136148740021,1.68726825462723e-09,1.03841165399743e-06,2
77,0.723012664021971,0.696959871833995,3.61982456425426,3.06362548947985e-30,2.333910842367e-12,8
78,0.68910207506866,0.671402960024413,7.54425649345951,2.63126942242761e-22,6.96847024528324e-11,3
79,0.660321940799512,0.608864815379921,4.78528141523717,5.6580203421666e-17,3.89573410197741e-08,8
80,0.65301724137931,0.57396246566982,4.24166127599421,5.10220584594734e-13,2.24629204126359e-11,9
81,0.699305767470247,0.668370460787305,3.48469761375453,1.81870365737369e-29,2.69784194983913e-14,8
82,0.705733140067135,0.673405553860238,3.45532570975168,1.72279726449302e-24,9.17377285247767e-13,12
83,0.650556911809582,0.600082010985658,5.34269029695574,1.21108042445977e-14,1.75728017592913e-06,11
84,0.676571559353067,0.648954836740922,3.71261519828509,4.49069882113634e-18,3.74349525933404e-07,9
85,0.628146933170583,0.571139761977418,5.25534728018432,1.18717698278322e-09,7.02263096509226e-05,7
86,0.696921727189503,0.65311260299054,4.07260009693536,9.22615030140289e-17,1.63872249103747e-11,8
87,0.672165852914251,0.642203234665853,5.12792973809381,4.93152429585081e-20,5.53635692845944e-10,7
88,0.668523039365273,0.638712999694843,4.30053402140612,6.37611917112908e-18,5.3699211632896e-07,8
89,0.694823771742447,0.653455904790967,3.65762403497581,4.35532855474069e-21,3.96349619791181e-14,12
90,0.607052944766555,0.552162801342691,8.42091664773707,1.62270849665484e-08,0.0011147799309611,6
91,0.668179737564846,0.648935764418676,14.4864073263271,2.08281032189794e-16,2.00731742339144e-09,3
92,0.667149832163564,0.657175007628929,11.2843014680711,7.64058539145306e-15,9.16179643262183e-09,4
93,0.627345895636253,0.608388007323772,5.54653730052728,7.38743142680277e-11,1.24844854954009e-06,3
94,0.649927525175465,0.62919591089411,5.05569862513709,1.28742383866463e-13,1.80189619891635e-08,4
95,0.668503967043027,0.652559505645407,5.08217666957808,1.68608551557423e-20,6.71226851878259e-10,4
96,0.594369850472994,0.584604821483064,13.3412991630646,9.57283029772614e-10,2.50169773804432e-05,1
97,0.67184162343607,0.643595514189808,3.70803074806843,6.69162579485959e-21,2.4222498451465e-09,11
98,0.700240311260299,0.677506103143119,3.77773667325477,5.90617248356841e-23,1.1987355552634e-10,9
100,0.664689502593836,0.597421422032347,5.94846400683204,6.69946251686781e-18,1.02779307287193e-09,9
101,0.686660817821178,0.641535703387244,4.06249794101457,4.67185785126279e-19,4.56566517925694e-09,10
102,0.697894415624046,0.666444156240464,3.79086340712921,5.31797270014094e-25,1.66533453693773e-15,11
103,0.6875,0.670697284101312,5.01792721428762,3.13052282725978e-22,1.61195014336535e-07,7
104,0.682560268538297,0.648134726884345,3.60662191335316,2.78601225914066e-19,2.87380119701197e-11,9
105,0.63934238632896,0.615654562099481,18.5133662033504,7.60011506431421e-10,5.72442948598706e-09,6
106,0.702528989929814,0.673729783338419,3.87809823215036,1.04796728410891e-24,1.03639319348758e-12,10
107,0.683437595361611,0.653894568202624,3.50856187762651,2.48832440454124e-18,8.7468832177251e-10,11
108,0.528513121757705,0.502527082697589,2166.51512919858,4.91872764006919e-08,0.0339297053458777,1
109,0.693736649374428,0.660588953310955,5.98526182856098,6.38019896372626e-16,1.17794662912729e-13,6
110,0.687061336588343,0.652654867256637,3.31225903338416,4.4470630504601e-24,9.17892428731193e-11,13
111,0.679985505035093,0.633487183399451,3.80429447219642,8.07018514080579e-21,2.36255459640233e-13,11
112,0.68112984436985,0.633792340555386,4.72605090568641,1.0502050968747e-17,8.57457216341118e-10,9
113,0.651758468111077,0.613861763808361,3.94278908114935,9.33644716596297e-16,3.54387600376427e-08,4
114,0.66627250534025,0.63226655477571,6.4826451598622,1.58282476259988e-14,2.77792233660534e-11,8
115,0.657537381751602,0.62829951174855,5.04712493623477,9.58454004442688e-14,2.2459546200615e-07,8
116,0.68551647848642,0.664536924015868,4.65231476295006,2.06536695508307e-16,3.38415961920191e-11,4
117,0.682979859627708,0.618515410436375,3.5455982104649,1.95310457854531e-20,2.68923994184433e-10,13
118,0.694423252975282,0.659158529142508,4.46185168437796,2.0603809045309e-25,1.13020703906841e-13,7
119,0.628013426914861,0.622101007018615,12.464414812578,1.37503385832977e-12,3.95404331055005e-07,2
120,0.668732834909979,0.620918523039365,4.61826421696537,6.21119054137087e-14,2.10894635088721e-10,7
121,0.716165700335673,0.694976350320415,3.52860554529714,2.77503331940993e-28,5.55111512312578e-15,13
122,0.67174626182484,0.622768538297223,4.65098937088843,2.67235406971437e-18,2.2732804527692e-09,11
123,0.689502593835825,0.652998169057064,4.28797795324265,1.6318615233634e-22,2.15938378289593e-13,11
124,0.689006713457431,0.675217424473604,3.90440393483238,3.46621682812787e-22,2.14488427019432e-11,6
125,0.707354287458041,0.677181873664937,3.94450709435293,1.05597509761312e-20,1.0591527654924e-13,12
126,0.696483063777846,0.630359322551114,3.88539077969848,6.24685279635107e-24,1.04694031222152e-13,16
127,0.718282728104974,0.665490540128166,3.55581506962874,1.67438119300049e-26,5.24025267623074e-14,16
128,0.70184238632896,0.675293713762588,3.33741885253224,2.85012802816916e-24,3.8746783559418e-14,10
129,0.677773115654562,0.664460634726884,4.71531707353791,1.20447745659043e-19,1.13992415506914e-09,6
130,0.726750839182179,0.672795239548367,3.62125395343692,2.93957339766556e-30,4.44089209850063e-16,14
131,0.689864967958499,0.632743362831858,3.20501399921807,1.59278336544751e-23,3.64844821021393e-11,15
132,0.6726426609704,0.620193774794019,4.35724549349299,1.40947147617196e-18,4.11826128754456e-12,15
133,0.706782117790662,0.682388617638084,3.86167864135946,1.27703966760286e-24,1.83741910575463e-13,10
134,0.712618248397925,0.670258620689655,3.20993306024871,1.34749133938903e-30,2.79043455009287e-12,11
135,0.694861916386939,0.682636557827281,6.97646060986693,4.50283134853075e-18,9.20843401530647e-11,3
136,0.686317516020751,0.660341013121758,10.6831315229594,2.3532186437187e-18,2.89513968354527e-11,4
137,0.663392584681111,0.637397009459872,5.48472723296374,3.00920757794235e-19,1.0799142691198e-09,7
138,0.707316142813549,0.659673481843149,4.0851922368866,3.40891696379189e-19,7.4629191715303e-13,14
139,0.660512664021971,0.632285627097955,7.13073931510353,8.77812177969088e-12,7.00795532715404e-10,4
140,0.71471620384498,0.685173176685993,3.43143104939705,5.67866780218048e-32,1.47437617670221e-13,13
141,0.722478638999084,0.676819499542264,3.36100715136958,8.6204573262297e-23,1.08801856413265e-14,16
142,0.622539670430272,0.601407537381752,22.8576709618078,1.04392950692645e-09,1.25470389977789e-06,1
143,0.70226197741837,0.677048367409216,3.96322042943887,8.40907903774445e-26,4.12170297892089e-11,6
144,0.688548977723528,0.676762282575526,4.14749694044514,4.63582969728946e-21,1.95664595636913e-11,7
145,0.706515105279219,0.654276014647543,3.2059697531872,3.5664705799944e-27,4.42601510997065e-12,17
146,0.714258468111077,0.68292264266097,3.42847196014111,8.8251116072422e-23,7.17204073907851e-14,13
147,0.708307903570339,0.678574153188892,4.24966454266925,7.19891591727201e-22,1.48278056499862e-11,7
148,0.710463075984132,0.63252403112603,3.86550384534383,5.43169887321789e-26,5.11812814352197e-14,12
149,0.642699115044248,0.632514494964907,4.59236697810818,1.5131910825036e-18,1.80540277172625e-08,4
150,0.676514342386329,0.644034177601465,4.5144816572449,4.06622238107335e-19,1.10553788346124e-11,7
151,0.675160207506866,0.657022429050961,4.10277387857475,2.30058663871336e-24,9.03676466990078e-10,8
152,0.703616112297833,0.669839029600244,4.65029244388316,6.37643706850402e-22,9.13824571568966e-13,11
153,0.703902197131523,0.670010680500458,3.36197731650536,1.41375606821989e-22,8.46170911117383e-11,13
154,0.666043637473299,0.654314159292035,5.86157756263878,8.60442551932198e-19,1.71976333174229e-09,4
155,0.702815074763503,0.677696826365578,4.46205841261073,1.29822655643861e-20,3.11417558407356e-13,9
156,0.692363442172719,0.670296765334147,3.22634352970263,1.09208871753495e-26,2.86326518050828e-13,11
157,0.694346963686298,0.668332316142814,4.90529163423656,2.70564146674341e-21,3.68859387478437e-10,8
158,0.722249771132133,0.703177448886176,3.67060030212575,7.90012515538236e-29,6.43929354282591e-15,9
159,0.678345285321941,0.666005492828807,12.7955621270038,2.83062497022132e-19,2.18100559834511e-09,6
160,0.686870613365883,0.649164632285627,5.3936241537573,1.06077958892469e-19,2.36878627823955e-10,5
161,0.695014494964907,0.663049282880684,3.53056010877799,2.61356251174609e-22,9.92306237179719e-12,10
162,0.686336588342997,0.647676991150443,5.36849197704419,2.14991572060257e-20,6.25145490928958e-11,6
163,0.692535093072933,0.656736344217272,4.25299606309312,2.90862024679929e-19,2.7599678098511e-10,12
164,0.632342844064693,0.616646322856271,5.41523704112597,5.08239132221994e-14,2.05892729199242e-07,6
165,0.65070949038755,0.638484131827891,9.76693037180226,1.87629529602874e-13,5.27675406702954e-08,3
166,0.652654867256637,0.626869087580104,7.76516012124904,7.07885288133052e-11,5.30176735846766e-09,3
167,0.684238632895941,0.66188587122368,8.04302167539043,6.53797329182022e-19,1.3086934869122e-09,9
168,0.707812023191944,0.669610161733293,3.67102365857599,4.86098617040436e-26,2.1994628340849e-12,16
169,0.691161885871224,0.68420048825145,9.65350933681781,1.75457977752007e-16,9.55693413295933e-10,7
170,0.642851693622216,0.626640219713152,5.12319481785036,4.06803644172452e-20,1.5452322310594e-08,5
171,0.702662496185536,0.656354897772353,3.14858758012025,1.46034653284499e-25,1.61815005839117e-12,18
173,0.68381904180653,0.66905706438816,5.12210894884428,2.32583822289886e-21,5.07506259239676e-11,6
174,0.699496490692707,0.669343149221849,4.27876989100458,9.23351799754257e-18,3.04201108747293e-14,10
176,0.688739700945987,0.660531736344217,4.03990580464437,3.02270286625055e-23,6.53921361504217e-14,9
177,0.685764418675618,0.674969484284407,4.2056701300928,4.34350238281846e-26,3.06311642717105e-10,8
178,0.660875038144644,0.649584223375038,5.99005053751585,3.96680586785566e-18,1.07833963980397e-10,4
180,0.702376411351846,0.65122444308819,3.66290295752736,1.4235111657838e-22,2.0673462941545e-12,12
181,0.698142355813244,0.66447970704913,3.87662990483747,6.05285947881647e-25,9.04054608952265e-13,8
182,0.702681568507782,0.67235657613671,3.13308557608407,6.02553110476136e-31,7.96029908656237e-12,19
183,0.692344369850473,0.63108407079646,3.56185514888534,5.00688596330839e-20,1.39895872663942e-11,18
184,0.673748855660665,0.642203234665853,4.21696061978352,2.58982976457202e-22,4.98191488063071e-11,9
185,0.674454531583766,0.649374427830333,4.45947642615336,4.93041117651039e-18,1.59065201565944e-07,10
186,0.575812480927678,0.509908071406775,269980.058776181,4.50660166178536e-07,0.000126050241616826,1
187,0.657213152273421,0.606919438510833,13.454662330106,5.35781127935728e-15,1.56269459827829e-06,5
188,0.676609703997559,0.669114281354898,6.70541205423985,1.32953130137797e-17,8.9340757014611e-12,6
189,0.653646628013427,0.560974214220323,7.52719173258294,2.46815905254574e-14,9.03985553080133e-10,10
190,0.681873664937443,0.632419133353677,4.46726223503396,9.08292819162173e-17,5.45916645222633e-11,10
191,0.68471544095209,0.663526090936832,3.88500372139053,9.41550769189562e-21,8.66229310503286e-11,8
192,0.695243362831858,0.651052792187977,3.83524773082645,1.06346214561396e-19,9.13431441595947e-10,11
193,0.679203539823009,0.628070643881599,5.81461868519012,1.32072028184968e-15,2.41824338331753e-11,8
194,0.695148001220629,0.67363442172719,3.9529806802229,1.4041293552941e-20,2.38697950294409e-13,5
195,0.691161885871224,0.652864662801343,3.50589295921688,2.60724647746096e-22,1.44695366799397e-12,13
196,0.630645407384803,0.606633353677144,5.88289554997264,6.59783602250254e-09,1.31512848748905e-05,3
197,0.649832163564236,0.611534940494355,3.79495780918372,6.21668879678967e-17,6.17685922188471e-07,14
198,0.683170582850168,0.645445529447666,3.8905704191458,2.45509762361608e-18,5.52891066263328e-13,13
199,0.707678516936222,0.66009307293256,3.09562142090039,3.04348022854028e-24,2.13717932240343e-13,15
200,0.691486115349405,0.64075373817516,4.35401334944048,1.30173120629247e-22,2.07411865460472e-12,13
