"cancer","gene","HR_perSD","lo","hi","p"
"BLCA","ACTN2",1.02742602044456,0.887611992898644,1.18926314192681,0.716954982734808
"BLCA","ANXA8",0.943138119817655,0.817148014013871,1.08855372319131,0.423600613150079
"BLCA","ATG14",1.00048859558775,0.86012115222081,1.16376329929412,0.994946856153433
"BLCA","ATP13A2",1.20679128440103,1.04306697118882,1.39621447551583,0.0115111174030677
"BLCA","BECN1",0.975472592370623,0.847386635443517,1.12291926573544,0.729516135213817
"BLCA","CLCN4",1.0089625938218,0.877646856881539,1.15992612261928,0.900189124144538
"BLCA","ELMO2",0.895461627589722,0.765196251075062,1.04790310375812,0.16863594305393
"BLCA","FYCO1",1.02008130019169,0.887621868688416,1.17230759595677,0.779350904275318
"BLCA","KEAP1",0.94071394989017,0.798932277603179,1.1076567568065,0.463407349330685
"BLCA","KXD1",1.02675187324397,0.879506430091505,1.19864889344847,0.738173833677086
"BLCA","MTM1",1.01442406423873,0.881866492884551,1.16690699829248,0.841136726943932
"BLCA","NCKAP1",1.14970163894734,0.99331251525094,1.33071298136646,0.0614813502322687
"BLCA","NFE2L2",0.980535978952456,0.841003462043672,1.14321860659632,0.801836576433904
"BLCA","NRBF2",1.16155700003827,1.01450933714043,1.32991842947538,0.030116852226518
"BLCA","PIK3C3",1.123310577936,1.03223710963564,1.22241938671271,0.00702939992107317
"BLCA","PIK3R4",1.06861634072822,0.915282944644528,1.24763701798777,0.401025918110998
"BLCA","RAB9A",0.934471433909973,0.80478515329866,1.08505587760228,0.373955028333541
"BLCA","SCARB2",1.0008548039035,0.867395355221252,1.1548486309812,0.990663706133047
"BLCA","SH3GL3",1.06643650496001,0.947368510989505,1.20046930620848,0.28693315680042
"BLCA","UVRAG",0.963208711293757,0.819209672522628,1.13251961326977,0.650036332537863
"BLCA","WDR91",0.96787932183666,0.829218283776151,1.12972711765709,0.678995764305194
"BRCA","ACTN2",1.0453330034734,0.985007072696178,1.10935354520825,0.143778828976758
"BRCA","ANXA8",0.918766041319211,0.743778868342993,1.13492205090734,0.43191359444396
"BRCA","ATG14",0.90526522658269,0.761118723217253,1.07671130069663,0.26070754285328
"BRCA","ATP13A2",0.863269510454262,0.716439598092463,1.04019131503081,0.122176033397058
"BRCA","BECN1",0.992091729241972,0.844452856077661,1.16554286263176,0.923060301146727
"BRCA","CLCN4",0.905239613764809,0.771799358192757,1.06175102328137,0.221122762869869
"BRCA","ELMO2",1.09300605533184,0.960221705629831,1.24415250143556,0.178388931243041
"BRCA","FYCO1",1.01055484983905,0.852617031396605,1.19774889185645,0.903619034703798
"BRCA","KEAP1",1.03590055792895,0.878769812662207,1.22112747895449,0.674313412031577
"BRCA","KXD1",0.953180404772992,0.80851198365045,1.12373459196123,0.568037315875288
"BRCA","MTM1",1.22159181899202,1.05672395616326,1.41218202116512,0.00681317851775485
"BRCA","NCKAP1",1.16233622696417,1.01019464039747,1.33739128132944,0.0355820822749318
"BRCA","NFE2L2",0.977310078404033,0.830258764432585,1.15040639167821,0.782654760605972
"BRCA","NRBF2",0.974406521155412,0.867129690224097,1.09495509054109,0.663083565208767
"BRCA","PIK3C3",1.04710898642457,0.912757919212086,1.20123551532432,0.511155643994938
"BRCA","PIK3R4",1.09060794022126,0.929827469497766,1.27918965430879,0.286480097901305
"BRCA","RAB9A",0.989057889783045,0.857354939319889,1.14099244604352,0.880051303149434
"BRCA","SCARB2",1.2077554963842,1.06209713942934,1.37338976341653,0.00399274563841239
"BRCA","SH3GL3",1.09628305937531,0.98886787591396,1.21536615309956,0.0806038266889442
"BRCA","UVRAG",0.851921374808313,0.624021826761081,1.16305231280502,0.312982040320791
"BRCA","WDR91",0.943647131634326,0.811720240092055,1.09701577595343,0.450315254049172
"CESC","ACTN2",0.934824157943384,0.623096555740709,1.40250527502228,0.744701899458948
"CESC","ANXA8",1.04992219259038,0.81494022579757,1.35265946580922,0.706272473353382
"CESC","ATG14",0.988450428466972,0.779336258338442,1.25367482788443,0.923688719813834
"CESC","ATP13A2",1.16531793774984,0.931832931087898,1.45730618733999,0.179890225654593
"CESC","BECN1",1.045708935498,0.825774935001322,1.32421938645862,0.710646379860059
"CESC","CLCN4",0.970432864762709,0.77615597350755,1.21333852621879,0.792297782123397
"CESC","ELMO2",1.00520037196827,0.806622748523186,1.25266463121093,0.96315752988873
"CESC","FYCO1",0.978789384412092,0.774616200933357,1.23677849479968,0.857459701705753
"CESC","KEAP1",0.658622795902775,0.461570915391877,0.939799222215946,0.021320390465777
"CESC","KXD1",0.909715463670938,0.703619414193105,1.17617878095516,0.470340416154095
"CESC","MTM1",0.871841451911137,0.672324279818912,1.13056681141316,0.300952229662885
"CESC","NCKAP1",1.35429150413647,1.08674860854777,1.6876998633816,0.00691721672313323
"CESC","NFE2L2",0.893351814597218,0.667044631209864,1.19643788032086,0.449261011851067
"CESC","NRBF2",1.16317581994166,0.917006199058271,1.47542948944774,0.212820293992155
"CESC","PIK3C3",1.08852890651792,0.836716338511887,1.41612530530056,0.527434902833857
"CESC","PIK3R4",0.887193363468627,0.690552759812262,1.1398290036474,0.349152826582606
"CESC","RAB9A",0.86817561491246,0.660179464362248,1.14170303533563,0.311722973556659
"CESC","SCARB2",1.14869063480208,0.927897594289524,1.42202133360666,0.203075809840464
"CESC","SH3GL3",0.83416809244779,0.598988246420901,1.16168624445601,0.283255796315771
"CESC","UVRAG",0.912349582269349,0.711045778164128,1.17064440269403,0.47077130248476
"CESC","WDR91",1.19604660677418,0.924330976042376,1.54763555766678,0.173345601484029
"COADREAD","ACTN2",1.36943644710973,1.23640847397672,1.51677719956151,1.63815304313174e-09
"COADREAD","ANXA8",1.12610688197311,0.996376853449198,1.27272798965302,0.0571920527738525
"COADREAD","ATG14",1.16560518156026,0.98528855057,1.37892137130198,0.073917853971835
"COADREAD","ATP13A2",0.948548748444608,0.774822986220225,1.16122616930224,0.608815247389987
"COADREAD","BECN1",0.951335495335381,0.784777821019023,1.15324261267964,0.611428344024505
"COADREAD","CLCN4",1.1221337414395,0.958482578285434,1.31372667819324,0.151933386025108
"COADREAD","ELMO2",1.08526526580278,0.916260222605677,1.28544344510398,0.343441791653533
"COADREAD","FYCO1",1.03983876408986,0.875610444071434,1.23486952745359,0.656017284811978
"COADREAD","KEAP1",1.06706746242478,0.889006410718842,1.28079275428955,0.485865656360412
"COADREAD","KXD1",1.08812099510589,0.919040312735903,1.28830834032246,0.327017502976592
"COADREAD","MTM1",0.808192793447751,0.652371400643101,1.00123271917957,0.0513323790595478
"COADREAD","NCKAP1",0.882418473390183,0.73436629793307,1.06031875968691,0.181901914174136
"COADREAD","NFE2L2",1.00901210640018,0.841127753328227,1.2104052289722,0.923023615184101
"COADREAD","NRBF2",1.05968871454325,0.889235220094798,1.26281567166291,0.517020383305791
"COADREAD","PIK3C3",0.960357657981165,0.803799514745565,1.14740904208559,0.655957575188738
"COADREAD","PIK3R4",1.07694533205673,0.896027331812681,1.29439271220941,0.429533516386219
"COADREAD","RAB9A",0.864096912807634,0.703097292325813,1.06196323449598,0.164987366587191
"COADREAD","SCARB2",0.969251378609563,0.803913714959365,1.1685933669934,0.743454770857103
"COADREAD","SH3GL3",1.27492375570144,1.14102641040371,1.42453370757367,1.78397464431981e-05
"COADREAD","UVRAG",1.11613967967269,0.923099455905077,1.34954882333713,0.256766089738654
"COADREAD","WDR91",1.34115090441217,1.13902994964937,1.5791382386032,0.000428484087281892
"ESCA","ACTN2",1.18498453096923,0.983783576332713,1.42733460124513,0.0738152380543188
"ESCA","ANXA8",1.12059997524109,0.887915986046543,1.41426027264309,0.337624007252868
"ESCA","ATG14",1.0641493661597,0.83711772374166,1.35275343166378,0.611572119850286
"ESCA","ATP13A2",0.986970757851491,0.790774835611214,1.23184405090613,0.907667135240306
"ESCA","BECN1",0.963480463694176,0.774393726211288,1.19873724760402,0.738562283995015
"ESCA","CLCN4",1.13268735644917,0.906787779913205,1.41486318616095,0.27228527159197
"ESCA","ELMO2",0.974942672121591,0.783102830874639,1.21377828868524,0.820430093793088
"ESCA","FYCO1",0.914514798997932,0.712051969505936,1.17454533292918,0.483988078778108
"ESCA","KEAP1",0.914705801339561,0.716357352940771,1.16797391632752,0.474675855255166
"ESCA","KXD1",1.09163532041586,0.864538396623214,1.37838605831038,0.461257280543596
"ESCA","MTM1",1.21202131754586,0.998304358941621,1.47149079439361,0.0520382306151836
"ESCA","NCKAP1",1.0081803278225,0.800060686613159,1.27043809352896,0.944941052056987
"ESCA","NFE2L2",0.995824231627127,0.788503182487156,1.25765617986191,0.971972856779701
"ESCA","NRBF2",1.31508131612677,1.03525988678726,1.67053595922924,0.0248423114218203
"ESCA","PIK3C3",0.976653097736644,0.780202448454843,1.22256893093279,0.836656546239079
"ESCA","PIK3R4",1.12953684022428,0.894815982313402,1.42582776642561,0.305423615920248
"ESCA","RAB9A",1.25256738328354,1.0124332333874,1.54965779265904,0.0381023748870354
"ESCA","SCARB2",0.86163168464977,0.616412018114357,1.20440409689525,0.383454754768691
"ESCA","SH3GL3",1.02316019238089,0.797745245855098,1.31226953054516,0.856899270401197
"ESCA","UVRAG",0.955323317451146,0.742483415773667,1.22917579231704,0.722281919928918
"ESCA","WDR91",0.952899623764067,0.734596437938356,1.2360769070948,0.716284786115317
"GBM","ACTN2",1.04989461431547,0.876469742067374,1.2576346315945,0.597101147681842
"GBM","ANXA8",0.941126214101938,0.808359077443141,1.09569939348166,0.434186382153978
"GBM","ATG14",0.815791667938435,0.668209542845815,0.995969082757229,0.0455398098894718
"GBM","ATP13A2",1.21522609972075,1.02011704035796,1.44765199973947,0.0290344776619491
"GBM","BECN1",1.16977193132482,0.976876209392098,1.40075718720484,0.0880997233447086
"GBM","CLCN4",0.964388540772177,0.815541401422415,1.14040226032739,0.671609127286146
"GBM","ELMO2",1.01205775268157,0.850176585278038,1.20476253110158,0.892787230689075
"GBM","FYCO1",1.0109017423478,0.853319021244148,1.19758531948795,0.900204371869914
"GBM","KEAP1",0.940245435326454,0.786049943474636,1.12468868675742,0.500188554628445
"GBM","KXD1",0.944438764744979,0.790729427905309,1.12802755136595,0.528215266993097
"GBM","MTM1",1.0086348043029,0.846631416698525,1.20163762929839,0.923326209932379
"GBM","NCKAP1",0.824001884657189,0.680599875615691,0.997618615936969,0.0472107590613992
"GBM","NFE2L2",1.05660701297507,0.884569917837917,1.26210303714248,0.543674538344442
"GBM","NRBF2",0.891149542876652,0.723273096995653,1.09799121668981,0.279185830913186
"GBM","PIK3C3",0.903587396179546,0.749348460823454,1.08957344309124,0.288398830562254
"GBM","PIK3R4",1.03212577650148,0.873041506467124,1.22019813562999,0.711205309326358
"GBM","RAB9A",0.940572789642132,0.772482564101489,1.14523901732875,0.541918794086577
"GBM","SCARB2",1.14305035361728,0.966758888977792,1.35148911047106,0.117722636744952
"GBM","SH3GL3",1.0602347345245,0.87775192297221,1.28065534563098,0.543893746820074
"GBM","UVRAG",0.948723406761047,0.78663876838193,1.14420511512252,0.581854284799721
"GBM","WDR91",1.05306005469658,0.894662534561584,1.23950141640947,0.534187611192711
"HNSC","ACTN2",1.04190684848325,0.931394389719096,1.16553190882296,0.473000688087041
"HNSC","ANXA8",1.12943811098207,0.994261659988984,1.28299269485347,0.0612783901353934
"HNSC","ATG14",0.899674966227957,0.77415918540931,1.04554083980716,0.167878922763292
"HNSC","ATP13A2",1.01725348510925,0.896478345433146,1.15429966405595,0.790795421656339
"HNSC","BECN1",1.17051351297421,1.02993798162227,1.3302761025447,0.0158717817154295
"HNSC","CLCN4",1.00903990472639,0.87949973216195,1.15765985150154,0.89785572739351
"HNSC","ELMO2",0.96984112484106,0.853884843914516,1.10154409477625,0.637389656910399
"HNSC","FYCO1",0.954887313743582,0.818989482187471,1.11333515482158,0.555637450893324
"HNSC","KEAP1",0.869520531303363,0.746054265416106,1.01341951839977,0.0735568019925008
"HNSC","KXD1",1.06297760094107,0.90603849871518,1.24710084803762,0.453660993300633
"HNSC","MTM1",1.0319451940874,0.904489441056487,1.1773613214945,0.640133827897717
"HNSC","NCKAP1",1.0476785628948,0.939268459229989,1.16860133049624,0.40329924199327
"HNSC","NFE2L2",1.03494433952125,0.910501223858656,1.17639576734205,0.599238019239129
"HNSC","NRBF2",1.01256337092708,0.899257289317822,1.14014597637678,0.836632328399244
"HNSC","PIK3C3",0.978791871764718,0.846861016756673,1.13127598186274,0.771671591019517
"HNSC","PIK3R4",0.968444748720604,0.847276085229233,1.10694170138269,0.638240042934861
"HNSC","RAB9A",0.940658681338156,0.804804598354107,1.09944545121438,0.442078371045858
"HNSC","SCARB2",1.13967250257397,1.01665254881738,1.27757847519696,0.0248744213167218
"HNSC","SH3GL3",1.02020944671973,0.89680952328061,1.16058905281107,0.760990471061742
"HNSC","UVRAG",1.02910207484304,0.894469696235107,1.18399883741604,0.688418925717384
"HNSC","WDR91",0.968778976631237,0.847229755929471,1.10776645767479,0.64285234210912
"KIRC","ACTN2",1.13571815411064,1.01665732158492,1.26872221169435,0.0243010127792459
"KIRC","ANXA8",1.14443735660014,1.0209962083072,1.28280286696993,0.0205153352650768
"KIRC","ATG14",0.950638091190612,0.814524546329608,1.10949729445825,0.520833441632313
"KIRC","ATP13A2",1.24598963385877,1.06798509160588,1.45366277103091,0.00517040948808211
"KIRC","BECN1",0.895702831494818,0.75531026743921,1.06219072735219,0.205396445673515
"KIRC","CLCN4",0.777933813484913,0.633596558188753,0.955151997500107,0.0164772294019566
"KIRC","ELMO2",1.40002901888583,1.23580227197822,1.58607998881957,1.25205229753342e-07
"KIRC","FYCO1",0.734562473368791,0.577463734329874,0.934399850941013,0.0119838498880798
"KIRC","KEAP1",1.16247822214289,0.999375326921708,1.35220030008041,0.0509544883397888
"KIRC","KXD1",1.47534136894973,1.29797814846823,1.67694052284558,2.66566066628626e-09
"KIRC","MTM1",0.622206332419363,0.528371875401249,0.732705009722096,1.27869184306995e-08
"KIRC","NCKAP1",0.733368783809809,0.607575083693097,0.885207092097198,0.00123792097461713
"KIRC","NFE2L2",0.836847385427496,0.712367724328401,0.983078714237187,0.0301845667317703
"KIRC","NRBF2",1.1491873784564,1.03996396809648,1.26988210295472,0.00635258895134099
"KIRC","PIK3C3",0.701964640190051,0.595133655836383,0.827972592786145,2.6570820240559e-05
"KIRC","PIK3R4",0.683884564298509,0.584653184736543,0.799958179474412,2.03025828041573e-06
"KIRC","RAB9A",0.821918292400551,0.681336010280219,0.991507375494213,0.040454574999193
"KIRC","SCARB2",0.89125411302364,0.749247774660765,1.06017517948746,0.193572524280649
"KIRC","SH3GL3",1.20518484350076,1.0958734560038,1.32539984342766,0.000119488994202401
"KIRC","UVRAG",0.761295567162729,0.653120491032531,0.88738747067232,0.000486921223200215
"KIRC","WDR91",1.1777726741369,1.01773261723529,1.36297928203562,0.028102638902574
"KIRP","ACTN2",1.24174316897919,1.09901718011651,1.40300454406274,0.000509811410231922
"KIRP","ANXA8",1.01904570739745,0.700248239686386,1.48298002752604,0.92148880844344
"KIRP","ATG14",0.90008196518772,0.653180605866581,1.24031169446827,0.519904713135411
"KIRP","ATP13A2",0.747278051903478,0.511987167806597,1.09070016197672,0.131053802045343
"KIRP","BECN1",1.13108212807136,0.866685819562762,1.47613674017174,0.364553357597494
"KIRP","CLCN4",1.33400986591618,1.04463077988727,1.70355149075137,0.0208913148087556
"KIRP","ELMO2",0.906886420191408,0.647755873222406,1.26968046624751,0.569169228882141
"KIRP","FYCO1",0.588058403960427,0.364075972958053,0.949836605966656,0.0299807075879113
"KIRP","KEAP1",1.0531980123349,0.799322890413908,1.38770710371099,0.712643265912002
"KIRP","KXD1",1.38571221605107,1.03832542425605,1.84932228457084,0.0267343659285236
"KIRP","MTM1",0.786148648696813,0.555143382159623,1.11327941160635,0.175275799562183
"KIRP","NCKAP1",1.40761462195101,1.10470579256886,1.79358064134235,0.0056852936869383
"KIRP","NFE2L2",1.30799984151385,0.996685211342612,1.71655359779603,0.0528648991374206
"KIRP","NRBF2",1.42562569577761,1.11330589384016,1.82556172181121,0.00494319086263515
"KIRP","PIK3C3",0.712984359509386,0.499328771256583,1.01806009620822,0.0626771431708978
"KIRP","PIK3R4",1.02209751744767,0.755646696780167,1.38250235146149,0.887212554240162
"KIRP","RAB9A",1.20097780983752,0.912727267847893,1.58026143244632,0.19093021181298
"KIRP","SCARB2",1.26172315276828,0.919009925562928,1.73223952206653,0.150528776504784
"KIRP","SH3GL3",1.08755015478247,0.781278262439078,1.5138848679533,0.618951175656994
"KIRP","UVRAG",1.1830037166745,0.887948595709323,1.57610226586115,0.250931077729086
"KIRP","WDR91",0.78395747321994,0.551737382510917,1.11391640171351,0.174450630669194
"LAML","ACTN2",0.857407225474861,0.650899524875769,1.12943261164127,0.273851140251743
"LAML","ANXA8",0.839369248626013,0.633551902611524,1.11204896178964,0.222462293120556
"LAML","ATG14",0.861436616166772,0.703240926691156,1.05521879559031,0.149648201242021
"LAML","ATP13A2",1.43581147303138,1.22931165987348,1.67699913161219,4.97288786045753e-06
"LAML","BECN1",0.999536256980965,0.816519058337614,1.22357551709028,0.996413298655939
"LAML","CLCN4",1.07730593815071,0.892978330500192,1.29968224841994,0.436729380541852
"LAML","ELMO2",0.952877861394044,0.766776184482292,1.18414765235299,0.663286238398487
"LAML","FYCO1",0.817465316870808,0.671115537641713,0.995729508267543,0.0452326313662734
"LAML","KEAP1",1.17489216435632,1.00838598513245,1.36889208915826,0.0387280637315186
"LAML","KXD1",1.26605872968213,1.03695618020268,1.5457786332794,0.0205432619499374
"LAML","MTM1",0.74477258798628,0.606379709188055,0.914750608259151,0.00496192874673857
"LAML","NCKAP1",1.11583742572127,0.950824893211073,1.30948734044543,0.179471997778516
"LAML","NFE2L2",1.01661121694273,0.815886834974696,1.26671778745619,0.883287611764799
"LAML","NRBF2",1.02120356278957,0.841455565888168,1.23934852763541,0.831785812377222
"LAML","PIK3C3",0.895976486258701,0.723057609525171,1.11024882852096,0.315374909304941
"LAML","PIK3R4",0.950609986111514,0.773877685620871,1.1677030653364,0.629348957247016
"LAML","RAB9A",0.983046083206218,0.791346173030774,1.22118440025552,0.877216393737799
"LAML","SCARB2",0.969558771288711,0.76387736534085,1.23062189513027,0.799403224259693
"LAML","SH3GL3",NA,NA,NA,NA
"LAML","UVRAG",0.938209106721472,0.769422623362384,1.14402189539016,0.528490703524445
"LAML","WDR91",1.18214992300926,0.983096373264856,1.42150706530407,0.0752816058968374
"LGG","ACTN2",1.05830491582199,0.891933188495156,1.25570985506509,0.516081107913961
"LGG","ANXA8",0.814804665856209,0.62967168277343,1.05436954156304,0.119380660085908
"LGG","ATG14",0.853731554112412,0.700179710675128,1.04095785035589,0.11801175994703
"LGG","ATP13A2",0.967838753058699,0.827781847882642,1.13159264644206,0.68189370148741
"LGG","BECN1",1.06122041078194,0.87213471612719,1.29130137745364,0.55285626597006
"LGG","CLCN4",0.920119349487531,0.76376459501062,1.10848240784137,0.380968262225359
"LGG","ELMO2",0.916697258373869,0.767455866035771,1.09496050613417,0.337380154909329
"LGG","FYCO1",1.41104769420198,1.25251941502498,1.58964050491228,1.48830322093413e-08
"LGG","KEAP1",0.784056700139965,0.639880925762355,0.960717665246801,0.0189503764183747
"LGG","KXD1",1.16706059173905,0.970838706403053,1.40294202920339,0.099998298762581
"LGG","MTM1",1.09158323096024,0.924054697073386,1.28948421980584,0.302620183994876
"LGG","NCKAP1",0.773974326869395,0.644421089858987,0.929572709645512,0.00611899062923551
"LGG","NFE2L2",1.60484865633478,1.35325437572619,1.90321883005733,5.41510355076838e-08
"LGG","NRBF2",0.870631235693343,0.704334339007968,1.07619167004201,0.200194543429598
"LGG","PIK3C3",1.23785785491639,1.02968094997623,1.48812315991043,0.0231289427089029
"LGG","PIK3R4",0.8980362956587,0.741594106095475,1.08748057959427,0.270798323174562
"LGG","RAB9A",0.927345536780797,0.784262200779476,1.09653346002465,0.377679592066954
"LGG","SCARB2",0.814781778304737,0.675131418177848,0.983318696749718,0.0327343083326463
"LGG","SH3GL3",0.802633213301196,0.63645147822814,1.01220611017778,0.0632450279864403
"LGG","UVRAG",0.933491563759752,0.77029367407879,1.13126529391892,0.48269567798157
"LGG","WDR91",1.13355720901402,0.941483034488505,1.36481688892647,0.185701585506313
"LIHC","ACTN2",0.936394978742937,0.74896867246715,1.17072394139882,0.564128744712801
"LIHC","ANXA8",1.12593880654656,1.01860280581189,1.24458541529052,0.0203109140626147
"LIHC","ATG14",1.01800396126117,0.851578588263758,1.21695411254569,0.844672459654229
"LIHC","ATP13A2",1.2346280122321,1.09732875600743,1.38910633685961,0.000458159593228047
"LIHC","BECN1",1.02100358840549,0.862738185158457,1.20830206135528,0.808872905780275
"LIHC","CLCN4",1.09025836846427,0.933199050878009,1.27375109188979,0.27622712701827
"LIHC","ELMO2",1.28511941227013,1.07936529723797,1.53009542554286,0.00483411681905224
"LIHC","FYCO1",0.987422948941398,0.835275953184271,1.16728378972144,0.882148838868355
"LIHC","KEAP1",1.08802864052643,0.925245274380231,1.27945135780214,0.307576190481835
"LIHC","KXD1",1.02592265642558,0.872914795701686,1.20575032311289,0.756127344606049
"LIHC","MTM1",0.934892910330442,0.78472068913389,1.11380363215707,0.451114340677428
"LIHC","NCKAP1",1.18746340989398,1.00945607274853,1.39686053499856,0.0381215646141016
"LIHC","NFE2L2",0.991882871135623,0.836297955999798,1.17641281195776,0.925407531538315
"LIHC","NRBF2",0.968990675725605,0.823231176316952,1.14055803115219,0.704889961235337
"LIHC","PIK3C3",1.07144411182381,0.899260166138635,1.27659661573949,0.440097236733241
"LIHC","PIK3R4",0.988383399880635,0.837047728728842,1.1670800978615,0.890396248992787
"LIHC","RAB9A",1.08828150086885,0.917744093131832,1.2905085785861,0.330617750414453
"LIHC","SCARB2",0.891720567733247,0.743781354673694,1.06908510938319,0.215641603482219
"LIHC","SH3GL3",0.941851420859918,0.774490292382218,1.14537794430878,0.548398679762548
"LIHC","UVRAG",1.00397790204813,0.840449078640894,1.19932504350053,0.96509106919337
"LIHC","WDR91",1.08428107333028,0.952836571648079,1.23385844011924,0.219733341715065
"LUAD","ACTN2",0.811499340285811,0.644346291878068,1.02201438509857,0.075910694382204
"LUAD","ANXA8",1.14448179490481,1.03329890109282,1.26762796078003,0.00964825153239291
"LUAD","ATG14",0.970071479054113,0.833938160100671,1.12842740564916,0.693690481503498
"LUAD","ATP13A2",0.98297705759185,0.84581468521936,1.14238250131746,0.822821258587917
"LUAD","BECN1",0.979050419441318,0.843940874682956,1.13579013952644,0.779909301375714
"LUAD","CLCN4",1.00475630453582,0.866214456192753,1.16545645744779,0.950019214609722
"LUAD","ELMO2",0.797550704309763,0.675277950830401,0.941963416934896,0.00771933207110822
"LUAD","FYCO1",0.747990380166221,0.636185046316572,0.879444765419399,0.000439503469139238
"LUAD","KEAP1",1.07209751334829,0.926229176591399,1.24093810384753,0.350837476119723
"LUAD","KXD1",1.00409671439148,0.862686735720998,1.16868634940717,0.957899696543995
"LUAD","MTM1",0.921625673788455,0.789005236003675,1.07653770067258,0.303198876497252
"LUAD","NCKAP1",1.19239111406099,1.0431521757247,1.36298097437592,0.00990241241354185
"LUAD","NFE2L2",0.935094815159129,0.776201773129055,1.12651419206705,0.480035302051042
"LUAD","NRBF2",1.05556484664203,0.917755312664952,1.21406776957899,0.448697131863178
"LUAD","PIK3C3",0.899023079922597,0.746246893318295,1.08307653334347,0.262647468894954
"LUAD","PIK3R4",1.06112261064471,0.910085308728146,1.2372259875231,0.448868366669289
"LUAD","RAB9A",1.04753741515496,0.908959358921733,1.20724279405766,0.521207454209453
"LUAD","SCARB2",1.03442419413918,0.900439310537428,1.18834595613317,0.632506966766829
"LUAD","SH3GL3",1.01636458694642,0.854841622308894,1.20840743670001,0.85415265482599
"LUAD","UVRAG",0.994375756630111,0.853233814227272,1.15886539994807,0.942432645673722
"LUAD","WDR91",0.805308691726247,0.671780343460713,0.965378185418381,0.0192377422145791
"LUSC","ACTN2",1.05779595247298,0.948101051757746,1.18018250796554,0.314473334317289
"LUSC","ANXA8",1.09178174063778,0.961450621852779,1.23978012192973,0.175782179955886
"LUSC","ATG14",0.903323849070403,0.783295990973458,1.04174409891371,0.162188596221221
"LUSC","ATP13A2",1.15554762045761,1.00768611592924,1.32510538950305,0.0384926878303194
"LUSC","BECN1",0.97403708568068,0.842845622475556,1.12564889581405,0.72154201461636
"LUSC","CLCN4",1.09500965127492,0.953250705584452,1.25784972343667,0.199449689403109
"LUSC","ELMO2",1.12131381230734,0.995439547525086,1.26310499597619,0.0594668791549347
"LUSC","FYCO1",1.06659507192928,0.93499449192782,1.21671844838166,0.337273024261609
"LUSC","KEAP1",0.941274319380618,0.815755829694433,1.08610605290718,0.40721422862798
"LUSC","KXD1",0.942850177435179,0.813088881697752,1.09332014875589,0.435997312443535
"LUSC","MTM1",1.08784949525829,0.938366827901636,1.26114488401093,0.264217912746724
"LUSC","NCKAP1",1.01769249322067,0.887931522822395,1.16641653566439,0.801035106222277
"LUSC","NFE2L2",0.95540344678733,0.822678108520497,1.10954179609165,0.549953476316197
"LUSC","NRBF2",1.08833019929693,0.992822497393367,1.19302556681731,0.0708793931000612
"LUSC","PIK3C3",1.10255059527232,0.953883428465114,1.27438823116089,0.186477888377927
"LUSC","PIK3R4",0.935609355158494,0.815086193008151,1.07395374006947,0.344176471273182
"LUSC","RAB9A",0.93442476939014,0.811035748368886,1.0765858982244,0.347902326871543
"LUSC","SCARB2",1.14803316446804,1.01041413999545,1.3043959843282,0.0340914628274673
"LUSC","SH3GL3",0.931419671769134,0.754114912123601,1.150411682638,0.50962691195281
"LUSC","UVRAG",1.03284804229354,0.907709502859914,1.17523841615463,0.623793057817521
"LUSC","WDR91",0.964757813934328,0.822379257831581,1.13178637554835,0.659652499909879
"OV","ACTN2",1.14915628786614,1.02054356237843,1.29397727115603,0.0216895487922768
"OV","ANXA8",1.18176802646011,1.03339389469096,1.35144563514291,0.0146937597223203
"OV","ATG14",1.17125969606237,1.00496066089541,1.36507758860712,0.043042263484409
"OV","ATP13A2",1.02774078110891,0.892695664315112,1.18321523826904,0.703424419385277
"OV","BECN1",1.04191340195367,0.90364980790212,1.20133211746144,0.571913558788987
"OV","CLCN4",1.00614143520186,0.866356454665406,1.16848045879803,0.936058282856807
"OV","ELMO2",1.10819616389073,0.953984897283662,1.28733561837192,0.179017865863018
"OV","FYCO1",1.05699543573933,0.902624601398781,1.2377674499924,0.491369559082814
"OV","KEAP1",0.861132929813227,0.720266886402179,1.02954881976158,0.100913513901009
"OV","KXD1",1.15825349794761,0.98667335635467,1.35967101662128,0.0725015434926179
"OV","MTM1",0.910973216790537,0.772196994547481,1.07468975866193,0.268837297929117
"OV","NCKAP1",0.976842507809511,0.857922617663487,1.11224633249832,0.723521558344676
"OV","NFE2L2",0.98797291006462,0.859410886496418,1.13576693797865,0.864918852853926
"OV","NRBF2",1.13939994448562,0.999026665122633,1.29949707932418,0.0517212041003998
"OV","PIK3C3",0.933156254468128,0.785925585794875,1.10796824914701,0.429717902069227
"OV","PIK3R4",1.12668807339049,0.965078287775905,1.31536066120175,0.13104630466028
"OV","RAB9A",0.875236282242328,0.753572624210182,1.01654243418975,0.0809662473449709
"OV","SCARB2",1.03720014297437,0.921440132174243,1.16750301948278,0.545233063278435
"OV","SH3GL3",0.954161356268511,0.81010691305141,1.12383177964362,0.574175247556964
"OV","UVRAG",0.968535031036078,0.851398680527367,1.10178712722812,0.62689093488834
"OV","WDR91",0.826913426568654,0.708188882849638,0.96554158304218,0.016243256010909
"PAAD","ACTN2",0.822545975345974,0.56027777078053,1.20758294696451,0.318687470722463
"PAAD","ANXA8",1.19177987407052,1.02360419523832,1.38758640776072,0.0237866155644769
"PAAD","ATG14",1.03457419974334,0.857948787007899,1.24756138243099,0.721938294266504
"PAAD","ATP13A2",0.811929406250826,0.61690243143719,1.06861203188812,0.13714952851125
"PAAD","BECN1",0.904934720713721,0.72413021967784,1.13088340535981,0.379732315446878
"PAAD","CLCN4",0.712202723533375,0.569825843131618,0.890153940054271,0.00285883556874038
"PAAD","ELMO2",0.713928547047366,0.573606741278894,0.888577371236551,0.00254456055337981
"PAAD","FYCO1",0.938940171868372,0.757348321570551,1.1640728859344,0.565603655552267
"PAAD","KEAP1",0.860821278782111,0.698937402021346,1.06019977162624,0.158543457984973
"PAAD","KXD1",0.922765534442692,0.756572936039419,1.12546483094254,0.42756909649024
"PAAD","MTM1",1.07391594568787,0.886241266893671,1.30133350982971,0.466818230574465
"PAAD","NCKAP1",1.4212301121127,1.16197721976694,1.73832584427171,0.000624100885124517
"PAAD","NFE2L2",1.33506211853526,1.08941855825204,1.63609371884365,0.00534451588726932
"PAAD","NRBF2",1.27009129424241,1.03672752277187,1.55598444169533,0.0209892577398026
"PAAD","PIK3C3",1.04029486875,0.83703598874658,1.29291145004188,0.721719613392597
"PAAD","PIK3R4",1.39856691850485,1.13076635065193,1.72979097265181,0.00198014445001139
"PAAD","RAB9A",1.64641534191415,1.33032869107497,2.03760431258527,4.55677243076091e-06
"PAAD","SCARB2",0.979495353041344,0.805784972936417,1.1906540564207,0.835228024800001
"PAAD","SH3GL3",0.209549526044126,0.0458111294510727,0.95852262084513,0.0439494867602383
"PAAD","UVRAG",1.06088896704629,0.880137624675958,1.27876069474353,0.535110495674973
"PAAD","WDR91",0.869050670242633,0.689866221669972,1.094776122856,0.233513969746163
"SARC","ACTN2",0.468863319110719,0.0833868545130368,2.63630056909211,0.389949567873756
"SARC","ANXA8",1.00067859171482,0.830980553553355,1.20503138086019,0.994291312184986
"SARC","ATG14",1.1216660666744,0.968910000282703,1.2985052943635,0.124261945818353
"SARC","ATP13A2",0.96679224681921,0.770430466199013,1.21320130695389,0.770632767280664
"SARC","BECN1",0.735806973054258,0.595707581641368,0.908855146854946,0.00441629150470186
"SARC","CLCN4",1.13790243820625,0.940234352894575,1.37712683533583,0.18452151121045
"SARC","ELMO2",1.04713081986372,0.858906433863627,1.27660349332365,0.648724203946268
"SARC","FYCO1",0.804334908523297,0.634975516884842,1.01886549617394,0.0710701886318427
"SARC","KEAP1",0.887329526102461,0.695014004930348,1.13286017592138,0.337511115631629
"SARC","KXD1",1.0040156322149,0.80489502554388,1.25239609854806,0.971654267974418
"SARC","MTM1",0.774763102404479,0.613392654844978,0.978586652621582,0.0322243728659218
"SARC","NCKAP1",0.886694409259419,0.71941865068433,1.09286432130169,0.259564444895865
"SARC","NFE2L2",0.689371986298415,0.545459443938601,0.871254024059974,0.00184823249023132
"SARC","NRBF2",1.01140416615817,0.838233912152443,1.22034956172959,0.905792853459904
"SARC","PIK3C3",0.994809633918245,0.803438447252968,1.23176356710367,0.96192445184
"SARC","PIK3R4",0.908687598455703,0.739754334090171,1.11619914008715,0.361535484914574
"SARC","RAB9A",0.792716799673567,0.614320015115602,1.02291950290184,0.074138781421878
"SARC","SCARB2",1.0101464033267,0.830802834738605,1.22820447101015,0.919367251291617
"SARC","SH3GL3",1.08295543233478,0.910899636700027,1.28751008472478,0.366638716537372
"SARC","UVRAG",0.81763661961449,0.65035663874951,1.02794313443166,0.084711656132459
"SARC","WDR91",1.08546719709413,0.902865703391877,1.30499921698319,0.382846469604776
"SKCM","ACTN2",1.13061491634912,0.994679742054575,1.28512729778807,0.0603342789365346
"SKCM","ANXA8",1.15406411169295,1.01949621006854,1.3063942374127,0.0235000914313961
"SKCM","ATG14",0.936142931126969,0.814787598360636,1.07557305641648,0.351586635366691
"SKCM","ATP13A2",1.12229778878042,0.980571900090387,1.28450787401242,0.0939105605056491
"SKCM","BECN1",0.847718940977959,0.723002431207506,0.99394880552835,0.0418792206409137
"SKCM","CLCN4",1.00946438268396,0.895138614181046,1.1383916677975,0.877922354167864
"SKCM","ELMO2",1.0537252247651,0.91322195683175,1.21584554663837,0.473547358471644
"SKCM","FYCO1",1.02072527480698,0.899006128196753,1.15892434317397,0.751522782549051
"SKCM","KEAP1",0.990031903369727,0.849717473465299,1.15351655143986,0.897773685008858
"SKCM","KXD1",1.17112602332479,1.02759175289354,1.33470919618273,0.0178858534966377
"SKCM","MTM1",0.856307310345512,0.697158437344046,1.05178704075455,0.139225717899475
"SKCM","NCKAP1",1.04752126419889,0.914420438353474,1.19999592411197,0.503104996688947
"SKCM","NFE2L2",0.83888111902695,0.724618998963552,0.971160751879906,0.0186892833559589
"SKCM","NRBF2",0.947835374877238,0.809877673514747,1.10929332570657,0.504421033351302
"SKCM","PIK3C3",0.885767841932437,0.764480190612445,1.02629823432455,0.106426213586326
"SKCM","PIK3R4",1.01083963518999,0.875835835259459,1.16665330069344,0.882816208844858
"SKCM","RAB9A",1.07109617917314,0.930594786330504,1.23281050129573,0.338395450891626
"SKCM","SCARB2",0.91427902261536,0.788304738466426,1.06038450665751,0.236088289376884
"SKCM","SH3GL3",1.04427901295545,0.926788696368237,1.17666374349684,0.476791502485965
"SKCM","UVRAG",1.04120884914517,0.902626909555512,1.20106752420229,0.579477660525298
"SKCM","WDR91",1.10148283280992,0.954945519487621,1.27050643855155,0.184498069962949
"STAD","ACTN2",1.05493229511471,0.904983175807032,1.22972689109226,0.494204288013654
"STAD","ANXA8",1.20624630062389,1.05986371393647,1.37284645057303,0.00450042656356439
"STAD","ATG14",1.05810266549739,0.909825102153113,1.2305455719821,0.463457147158955
"STAD","ATP13A2",0.922883034490973,0.783846361104295,1.08658167928644,0.335409886934717
"STAD","BECN1",1.08283920779983,0.930790328357386,1.25972597074338,0.302576822082187
"STAD","CLCN4",0.989750519162435,0.848804083767316,1.15410152815765,0.895427941423598
"STAD","ELMO2",0.958457740989263,0.825866088747352,1.1123367986396,0.57648354192323
"STAD","FYCO1",1.04784251076612,0.914700816773945,1.20036399578289,0.50028940533355
"STAD","KEAP1",0.771469594706319,0.624142969753782,0.953572121129745,0.0164107920603173
"STAD","KXD1",1.01121770548123,0.860148507236282,1.18881941813081,0.892513383952568
"STAD","MTM1",0.889990039452964,0.741268363607763,1.06854994656782,0.211570210299642
"STAD","NCKAP1",1.1247288568446,1.0034835757903,1.26062352383067,0.0434126394123638
"STAD","NFE2L2",0.888145003239404,0.733082778567539,1.07600610714176,0.225637607813596
"STAD","NRBF2",0.977896543071547,0.828075338146676,1.15482445243635,0.792221044877399
"STAD","PIK3C3",1.1272053250883,0.954907533371361,1.33059149760973,0.15712936318144
"STAD","PIK3R4",1.0199422006882,0.880546802352619,1.18140465670341,0.792281144923806
"STAD","RAB9A",1.07904671499855,0.922117221347652,1.26268307997492,0.342735827052199
"STAD","SCARB2",0.992171828948116,0.849239596228088,1.15916043308685,0.921121109609783
"STAD","SH3GL3",1.14573896600741,1.02878081224159,1.27599364471765,0.013269615733169
"STAD","UVRAG",1.18520440290937,1.01577656518551,1.38289218792837,0.0308620100994167
"STAD","WDR91",1.09070706823492,0.934589874066619,1.27290263002872,0.270613107441504
"UCEC","ACTN2",1.09801112324643,0.976303743851354,1.23489071343401,0.118788772609033
"UCEC","ANXA8",0.851162866621783,0.624163005982877,1.16071958538294,0.308561058124143
"UCEC","ATG14",1.0390265786177,0.848595730587595,1.27219144777745,0.710915638745888
"UCEC","ATP13A2",0.807373158125963,0.618327462047404,1.0542171526781,0.115939062838148
"UCEC","BECN1",0.838919891023294,0.673427810022628,1.04508096202752,0.11719517722316
"UCEC","CLCN4",1.41441418146622,1.20992446800633,1.65346476547351,1.35089331268172e-05
"UCEC","ELMO2",1.14657093329896,1.0019609479943,1.31205203927122,0.0467625710707819
"UCEC","FYCO1",0.8094679519295,0.632303466725337,1.0362719796467,0.0934938162181718
"UCEC","KEAP1",1.16911657657817,1.01754063540328,1.34327172996696,0.0274261510038662
"UCEC","KXD1",0.884195752339721,0.703270878751989,1.11166572095659,0.292028540322469
"UCEC","MTM1",1.11034988230966,0.910799912267955,1.35361987253065,0.300389404490547
"UCEC","NCKAP1",1.16864316812442,0.956466501881863,1.42788780549742,0.127372105829485
"UCEC","NFE2L2",1.05865886888183,0.868486032213303,1.29047395017504,0.5725896789271
"UCEC","NRBF2",1.14144610387372,0.966741243633166,1.34772279203894,0.118550129108555
"UCEC","PIK3C3",1.23511801801499,1.02467954999992,1.48877424012746,0.026706286383066
"UCEC","PIK3R4",1.30973877843819,1.08645581129723,1.57890974479355,0.00466210887135355
"UCEC","RAB9A",1.09057249281323,0.897106041628236,1.32576117748824,0.384196144080135
"UCEC","SCARB2",0.920420479342657,0.741268041451969,1.14287114973142,0.452759255081315
"UCEC","SH3GL3",0.929562850807383,0.688597189098116,1.25485132277824,0.63329139445798
"UCEC","UVRAG",1.10614744561233,1.01619143759168,1.20406660218911,0.019747985834686
"UCEC","WDR91",0.930638210122497,0.747558455695302,1.15855485486344,0.520114417073792
