cancer,gene,cox_z,cox_p,neglog10p
KIRC,PIK3C3,-4.2,2.66e-05,4.57
KIRC,PIK3R4,-4.76,1.97e-06,5.71
KIRC,MTM1,-5.69,1.23e-08,7.91
KIRC,KEAP1,1.96,0.0494,1.31
KIRC,NFE2L2,-2.17,0.0297,1.53
KIRC,SH3GL3,3.84,0.000121,3.92
KIRC,ELMO2,5.29,1.21e-07,6.92
KIRC,NCKAP1,-3.23,0.00124,2.91
KIRC,ACTN2,2.25,0.0245,1.61
KIRC,KXD1,5.95,2.76e-09,8.56
KIRC,WDR91,2.2,0.0281,1.55
KIRC,FYCO1,-2.52,0.0118,1.93
KIRC,RAB9A,-2.05,0.0405,1.39
KIRC,SCARB2,-1.3,0.193,0.71
KIRC,ANXA8,2.32,0.0203,1.69
KIRC,CLCN4,-2.4,0.0165,1.78
KIRC,ATP13A2,2.78,0.00543,2.27
KIRC,UVRAG,-3.5,0.000465,3.33
KIRC,ATG14,-0.64,0.523,0.28
KIRC,NRBF2,2.73,0.00629,2.2
KIRC,BECN1,-1.27,0.204,0.69
OV,PIK3C3,-0.79,0.429,0.37
OV,PIK3R4,1.51,0.131,0.88
OV,MTM1,-1.1,0.271,0.57
OV,KEAP1,-1.63,0.103,0.99
OV,NFE2L2,-0.17,0.865,0.06
OV,SH3GL3,-0.56,0.575,0.24
OV,ELMO2,1.33,0.184,0.74
OV,NCKAP1,-0.36,0.719,0.14
OV,ACTN2,2.3,0.0216,1.67
OV,KXD1,1.79,0.0727,1.14
OV,WDR91,-2.42,0.0156,1.81
OV,FYCO1,0.69,0.49,0.31
OV,RAB9A,-1.75,0.0805,1.09
OV,SCARB2,0.61,0.544,0.26
OV,ANXA8,2.44,0.0146,1.84
OV,CLCN4,0.09,0.927,0.03
OV,ATP13A2,0.38,0.705,0.15
OV,UVRAG,-0.49,0.627,0.2
OV,ATG14,2.02,0.0429,1.37
OV,NRBF2,1.95,0.0516,1.29
OV,BECN1,0.57,0.57,0.24
COADREAD,PIK3C3,-0.45,0.653,0.19
COADREAD,PIK3R4,0.8,0.424,0.37
COADREAD,MTM1,-1.95,0.0509,1.29
COADREAD,KEAP1,0.69,0.49,0.31
COADREAD,NFE2L2,0.09,0.929,0.03
COADREAD,SH3GL3,4.29,1.79e-05,4.75
COADREAD,ELMO2,0.95,0.344,0.46
COADREAD,NCKAP1,-1.35,0.177,0.75
COADREAD,ACTN2,6.02,1.73e-09,8.76
COADREAD,KXD1,0.97,0.331,0.48
COADREAD,WDR91,3.52,0.000425,3.37
COADREAD,FYCO1,0.44,0.659,0.18
COADREAD,RAB9A,-1.39,0.164,0.79
COADREAD,SCARB2,-0.33,0.74,0.13
COADREAD,ANXA8,1.9,0.0573,1.24
COADREAD,CLCN4,1.44,0.15,0.82
COADREAD,ATP13A2,-0.51,0.607,0.22
COADREAD,UVRAG,1.14,0.255,0.59
COADREAD,ATG14,1.78,0.0743,1.13
COADREAD,NRBF2,0.65,0.514,0.29
COADREAD,BECN1,-0.51,0.612,0.21
LUSC,PIK3C3,1.32,0.187,0.73
LUSC,PIK3R4,-0.95,0.343,0.47
LUSC,MTM1,1.11,0.268,0.57
LUSC,KEAP1,-0.83,0.405,0.39
LUSC,NFE2L2,-0.6,0.549,0.26
LUSC,SH3GL3,-0.66,0.509,0.29
LUSC,ELMO2,1.88,0.0596,1.22
LUSC,NCKAP1,0.25,0.805,0.09
LUSC,ACTN2,1.01,0.314,0.5
LUSC,KXD1,-0.78,0.435,0.36
LUSC,WDR91,-0.44,0.657,0.18
LUSC,FYCO1,0.96,0.336,0.47
LUSC,RAB9A,-0.94,0.345,0.46
LUSC,SCARB2,2.12,0.0336,1.47
LUSC,ANXA8,1.35,0.176,0.75
LUSC,CLCN4,1.29,0.198,0.7
LUSC,ATP13A2,2.08,0.0378,1.42
LUSC,UVRAG,0.49,0.624,0.2
LUSC,ATG14,-1.39,0.165,0.78
LUSC,NRBF2,1.8,0.0713,1.15
LUSC,BECN1,-0.36,0.721,0.14
