"cancer","gene","HR","p"
"BLCA","ACTN2",1.00037472779539,0.716954982734808
"BLCA","ANXA8",0.999987418085847,0.423600613150079
"BLCA","ATG14",1.00000285556345,0.994946856153433
"BLCA","ATP13A2",1.00028288213978,0.0115111174030677
"BLCA","BECN1",0.999951758922889,0.729516135213817
"BLCA","CLCN4",1.00008797426949,0.900189124144538
"BLCA","ELMO2",0.999652766820054,0.16863594305393
"BLCA","FYCO1",1.00003446918861,0.779350904275318
"BLCA","KEAP1",0.99992687792035,0.463407349330685
"BLCA","KXD1",1.00006134207042,0.738173833677086
"BLCA","MTM1",1.00014443863673,0.841136726943932
"BLCA","NCKAP1",1.0000921022605,0.0614813502322687
"BLCA","NFE2L2",0.999987492378405,0.801836576433904
"BLCA","NRBF2",1.00084178300517,0.030116852226518
"BLCA","PIK3C3",1.00041813845008,0.00702939992107317
"BLCA","PIK3R4",1.00026823769171,0.401025918110998
"BLCA","RAB9A",0.999689577672959,0.373955028333541
"BLCA","SCARB2",1.00000036516141,0.990663706133047
"BLCA","SH3GL3",1.0011747181153,0.28693315680042
"BLCA","UVRAG",0.999845852693297,0.650036332537863
"BLCA","WDR91",0.999936622182389,0.678995764305194
"BRCA","ACTN2",1.00010427861905,0.143778828976758
"BRCA","ANXA8",0.999911728800276,0.43191359444396
"BRCA","ATG14",0.999477685645383,0.26070754285328
"BRCA","ATP13A2",0.999823624032366,0.122176033397058
"BRCA","BECN1",0.9999887190141,0.923060301146727
"BRCA","CLCN4",0.999525770750033,0.221122762869869
"BRCA","ELMO2",1.00015814667429,0.178388931243041
"BRCA","FYCO1",1.00001565388898,0.903619034703798
"BRCA","KEAP1",1.00005741535415,0.674313412031577
"BRCA","KXD1",0.999903571342306,0.568037315875288
"BRCA","MTM1",1.00131267585627,0.00681317851775485
"BRCA","NCKAP1",1.00009188144117,0.0355820822749318
"BRCA","NFE2L2",0.999971807068642,0.782654760605972
"BRCA","NRBF2",0.999882234943711,0.663083565208767
"BRCA","PIK3C3",1.0002244799908,0.511155643994938
"BRCA","PIK3R4",1.00026833444122,0.286480097901305
"BRCA","RAB9A",0.999953778696793,0.880051303149434
"BRCA","SCARB2",1.00006517398951,0.00399274563841239
"BRCA","SH3GL3",1.00360679734627,0.0806038266889442
"BRCA","UVRAG",0.999797796546164,0.312982040320791
"BRCA","WDR91",0.999702703455124,0.450315254049172
"CESC","ACTN2",0.996462336947604,0.744701899458948
"CESC","ANXA8",1.00000885863232,0.706272473353382
"CESC","ATG14",0.99993614241105,0.923688719813834
"CESC","ATP13A2",1.0002512267909,0.179890225654593
"CESC","BECN1",1.00011340699379,0.710646379860059
"CESC","CLCN4",0.999836351547041,0.792297782123397
"CESC","ELMO2",1.00001551130347,0.96315752988873
"CESC","FYCO1",0.999949316300029,0.857459701705753
"CESC","KEAP1",0.999679266320868,0.021320390465777
"CESC","KXD1",0.99978603897936,0.470340416154095
"CESC","MTM1",0.99924387772992,0.300952229662885
"CESC","NCKAP1",1.00020746887439,0.00691721672313323
"CESC","NFE2L2",0.99996154893149,0.449261011851067
"CESC","NRBF2",1.00102069166562,0.212820293992155
"CESC","PIK3C3",1.00056852747426,0.527434902833857
"CESC","PIK3R4",0.999670378421516,0.349152826582606
"CESC","RAB9A",0.999456523759698,0.311722973556659
"CESC","SCARB2",1.00008353620075,0.203075809840464
"CESC","SH3GL3",0.997628248079843,0.283255796315771
"CESC","UVRAG",0.999401635104633,0.47077130248476
"CESC","WDR91",1.00028916208702,0.173345601484029
"COADREAD","ACTN2",1.06659461806551,1.63815304313174e-09
"COADREAD","ANXA8",1.00043381182632,0.0571920527738525
"COADREAD","ATG14",1.00111833840782,0.073917853971835
"COADREAD","ATP13A2",0.999941612077482,0.608815247389987
"COADREAD","BECN1",0.999906825036831,0.611428344024505
"COADREAD","CLCN4",1.00057391775571,0.151933386025108
"COADREAD","ELMO2",1.00027074681458,0.343441791653533
"COADREAD","FYCO1",1.00010302349098,0.656017284811978
"COADREAD","KEAP1",1.00008386218677,0.485865656360412
"COADREAD","KXD1",1.00021835661652,0.327017502976592
"COADREAD","MTM1",0.998911461711529,0.0513323790595478
"COADREAD","NCKAP1",0.999882822447438,0.181901914174136
"COADREAD","NFE2L2",1.00001379349051,0.923023615184101
"COADREAD","NRBF2",1.00048281518206,0.517020383305791
"COADREAD","PIK3C3",0.999692829627229,0.655957575188738
"COADREAD","PIK3R4",1.00046594212722,0.429533516386219
"COADREAD","RAB9A",0.999108091364446,0.164987366587191
"COADREAD","SCARB2",0.999977842516074,0.743454770857103
"COADREAD","SH3GL3",1.08256650618861,1.78397464431981e-05
"COADREAD","UVRAG",1.00107475812324,0.256766089738654
"COADREAD","WDR91",1.00422613915612,0.000428484087281892
"ESCA","ACTN2",1.00186176804893,0.0738152380543188
"ESCA","ANXA8",1.00004020929092,0.337624007252868
"ESCA","ATG14",1.00023452747766,0.611572119850286
"ESCA","ATP13A2",0.999974912533872,0.907667135240306
"ESCA","BECN1",0.999924394214139,0.738562283995015
"ESCA","CLCN4",1.00032226401365,0.27228527159197
"ESCA","ELMO2",0.999924262051571,0.820430093793088
"ESCA","FYCO1",0.99984883404282,0.483988078778108
"ESCA","KEAP1",0.99988271333221,0.474675855255166
"ESCA","KXD1",1.00021592312173,0.461257280543596
"ESCA","MTM1",1.00116139871439,0.0520382306151836
"ESCA","NCKAP1",1.00000341094619,0.944941052056987
"ESCA","NFE2L2",0.999998998238755,0.971972856779701
"ESCA","NRBF2",1.00096777105116,0.0248423114218203
"ESCA","PIK3C3",0.999894713889362,0.836656546239079
"ESCA","PIK3R4",1.00024205472529,0.305423615920248
"ESCA","RAB9A",1.00124179112981,0.0381023748870354
"ESCA","SCARB2",0.999953544875387,0.383454754768691
"ESCA","SH3GL3",1.00044486450099,0.856899270401197
"ESCA","UVRAG",0.999857264617878,0.722281919928918
"ESCA","WDR91",0.999888306465153,0.716284786115317
"GBM","ACTN2",1.00013347519259,0.597101147681842
"GBM","ANXA8",0.996857403100451,0.434186382153978
"GBM","ATG14",0.998940888705399,0.0455398098894718
"GBM","ATP13A2",1.00038815837601,0.0290344776619491
"GBM","BECN1",1.00063174915431,0.0880997233447086
"GBM","CLCN4",0.99988109121861,0.671609127286146
"GBM","ELMO2",1.00002438604184,0.892787230689075
"GBM","FYCO1",1.0000506951543,0.900204371869914
"GBM","KEAP1",0.999889112208138,0.500188554628445
"GBM","KXD1",0.999877134427108,0.528215266993097
"GBM","MTM1",1.00004712692815,0.923326209932379
"GBM","NCKAP1",0.999801124193601,0.0472107590613992
"GBM","NFE2L2",1.00007632067188,0.543674538344442
"GBM","NRBF2",0.999119980229452,0.279185830913186
"GBM","PIK3C3",0.999442779740321,0.288398830562254
"GBM","PIK3R4",1.00021390184917,0.711205309326358
"GBM","RAB9A",0.999811979901613,0.541918794086577
"GBM","SCARB2",1.0000750522176,0.117722636744952
"GBM","SH3GL3",1.00040712632286,0.543893746820074
"GBM","UVRAG",0.999397482990998,0.581854284799721
"GBM","WDR91",1.00016629289771,0.534187611192711
"HNSC","ACTN2",1.00000790332777,0.473000688087041
"HNSC","ANXA8",1.00002720485356,0.0612783901353934
"HNSC","ATG14",0.999518456204459,0.167878922763292
"HNSC","ATP13A2",1.00002392771251,0.790795421656339
"HNSC","BECN1",1.00043982191997,0.0158717817154295
"HNSC","CLCN4",1.00007666343736,0.89785572739351
"HNSC","ELMO2",0.999872409212487,0.637389656910399
"HNSC","FYCO1",0.99994018545505,0.555637450893324
"HNSC","KEAP1",0.999865448642857,0.0735568019925008
"HNSC","KXD1",1.00013299291753,0.453660993300633
"HNSC","MTM1",1.00018518471194,0.640133827897717
"HNSC","NCKAP1",1.00001293583066,0.40329924199327
"HNSC","NFE2L2",1.00000890745582,0.599238019239129
"HNSC","NRBF2",1.00003231120543,0.836632328399244
"HNSC","PIK3C3",0.999916725955444,0.771671591019517
"HNSC","PIK3R4",0.999924433874554,0.638240042934861
"HNSC","RAB9A",0.999720566437846,0.442078371045858
"HNSC","SCARB2",1.00007785605086,0.0248744213167218
"HNSC","SH3GL3",1.00030104181629,0.760990471061742
"HNSC","UVRAG",1.00010476826427,0.688418925717384
"HNSC","WDR91",0.999943245884136,0.64285234210912
"KIRC","ACTN2",1.00096705466398,0.0243010127792459
"KIRC","ANXA8",1.0005791302403,0.0205153352650768
"KIRC","ATG14",0.999726747603483,0.520833441632313
"KIRC","ATP13A2",1.00072471596009,0.00517040948808211
"KIRC","BECN1",0.999611188541846,0.205396445673515
"KIRC","CLCN4",0.999105778895535,0.0164772294019566
"KIRC","ELMO2",1.00127601797922,1.25205229753342e-07
"KIRC","FYCO1",0.999505804686827,0.0119838498880798
"KIRC","KEAP1",1.00042510492079,0.0509544883397888
"KIRC","KXD1",1.00094143663449,2.66566066628626e-09
"KIRC","MTM1",0.996671018464258,1.27869184306995e-08
"KIRC","NCKAP1",0.999790362333235,0.00123792097461713
"KIRC","NFE2L2",0.999815278931069,0.0301845667317703
"KIRC","NRBF2",1.0011409830032,0.00635258895134099
"KIRC","PIK3C3",0.99801523352537,2.6570820240559e-05
"KIRC","PIK3R4",0.998308847504266,2.03025828041573e-06
"KIRC","RAB9A",0.998994445614531,0.040454574999193
"KIRC","SCARB2",0.999941298533865,0.193572524280649
"KIRC","SH3GL3",1.03811072483845,0.000119488994202401
"KIRC","UVRAG",0.998216418506562,0.000486921223200215
"KIRC","WDR91",1.00021477083876,0.028102638902574
"KIRP","ACTN2",1.00143281443363,0.000509811410231922
"KIRP","ANXA8",1.0000297052854,0.92148880844344
"KIRP","ATG14",0.999438065035174,0.519904713135411
"KIRP","ATP13A2",0.999436708279383,0.131053802045343
"KIRP","BECN1",1.00025494339532,0.364553357597494
"KIRP","CLCN4",1.00105836643904,0.0208913148087556
"KIRP","ELMO2",0.999660470857286,0.569169228882141
"KIRP","FYCO1",0.999362458595614,0.0299807075879113
"KIRP","KEAP1",1.00010367895313,0.712643265912002
"KIRP","KXD1",1.00094633948794,0.0267343659285236
"KIRP","MTM1",0.998387272138228,0.175275799562183
"KIRP","NCKAP1",1.00021057624745,0.0056852936869383
"KIRP","NFE2L2",1.00022704521694,0.0528648991374206
"KIRP","NRBF2",1.00335690346625,0.00494319086263515
"KIRP","PIK3C3",0.997890708891371,0.0626771431708978
"KIRP","PIK3R4",1.00009144714853,0.887212554240162
"KIRP","RAB9A",1.00095607771449,0.19093021181298
"KIRP","SCARB2",1.00013711738857,0.150528776504784
"KIRP","SH3GL3",1.02365355029921,0.618951175656994
"KIRP","UVRAG",1.00151409507988,0.250931077729086
"KIRP","WDR91",0.99985570710929,0.174450630669194
"LAML","ACTN2",0.961711140692364,0.273851140251743
"LAML","ANXA8",0.999827457511508,0.222462293120556
"LAML","ATG14",0.999497442163838,0.149648201242021
"LAML","ATP13A2",1.00070799541712,4.97288786045753e-06
"LAML","BECN1",0.99999832589103,0.996413298655939
"LAML","CLCN4",1.00031509024234,0.436729380541852
"LAML","ELMO2",0.999884608041404,0.663286238398487
"LAML","FYCO1",0.999084021785117,0.0452326313662734
"LAML","KEAP1",1.00030510902741,0.0387280637315186
"LAML","KXD1",1.00092430371522,0.0205432619499374
"LAML","MTM1",0.998429124065972,0.00496192874673857
"LAML","NCKAP1",1.00079839810161,0.179471997778516
"LAML","NFE2L2",1.00004048757197,0.883287611764799
"LAML","NRBF2",1.00017801738079,0.831785812377222
"LAML","PIK3C3",0.999644166776708,0.315374909304941
"LAML","PIK3R4",0.999721358210818,0.629348957247016
"LAML","RAB9A",0.999788185372414,0.877216393737799
"LAML","SCARB2",0.999952938321037,0.799403224259693
"LAML","UVRAG",0.999840721351736,0.528490703524445
"LAML","WDR91",1.00047348107098,0.0752816058968374
"LGG","ACTN2",1.00013224525812,0.516081107913961
"LGG","ANXA8",0.96435257738133,0.119380660085908
"LGG","ATG14",0.999080394192333,0.11801175994703
"LGG","ATP13A2",0.999961852637097,0.68189370148741
"LGG","BECN1",1.00029800755011,0.55285626597006
"LGG","CLCN4",0.999901751895205,0.380968262225359
"LGG","ELMO2",0.999855577666245,0.337380154909329
"LGG","FYCO1",1.00158964103766,1.48830322093413e-08
"LGG","KEAP1",0.99950670564679,0.0189503764183747
"LGG","KXD1",1.00047385079972,0.099998298762581
"LGG","MTM1",1.00040922644764,0.302620183994876
"LGG","NCKAP1",0.999805929506184,0.00611899062923551
"LGG","NFE2L2",1.00070645067192,5.41510355076838e-08
"LGG","NRBF2",0.998577703661541,0.200194543429598
"LGG","PIK3C3",1.00137041255673,0.0231289427089029
"LGG","PIK3R4",0.999435925801831,0.270798323174562
"LGG","RAB9A",0.999549835340128,0.377679592066954
"LGG","SCARB2",0.999919842757504,0.0327343083326463
"LGG","SH3GL3",0.9993372343097,0.0632450279864403
"LGG","UVRAG",0.999346166508323,0.48269567798157
"LGG","WDR91",1.00030862605071,0.185701585506313
"LIHC","ACTN2",0.999942328668918,0.564128744712801
"LIHC","ANXA8",1.00027167636015,0.0203109140626147
"LIHC","ATG14",1.00013343088787,0.844672459654229
"LIHC","ATP13A2",1.00055632108646,0.000458159593228047
"LIHC","BECN1",1.00004235479227,0.808872905780275
"LIHC","CLCN4",1.00051236213926,0.27622712701827
"LIHC","ELMO2",1.00131085268407,0.00483411681905224
"LIHC","FYCO1",0.999972143849752,0.882148838868355
"LIHC","KEAP1",1.00009911828067,0.307576190481835
"LIHC","KXD1",1.00004319799448,0.756127344606049
"LIHC","MTM1",0.999694087635597,0.451114340677428
"LIHC","NCKAP1",1.0001779053692,0.0381215646141016
"LIHC","NFE2L2",0.999991908825861,0.925407531538315
"LIHC","NRBF2",0.999869839908731,0.704889961235337
"LIHC","PIK3C3",1.00054912869207,0.440097236733241
"LIHC","PIK3R4",0.999960841622584,0.890396248992787
"LIHC","RAB9A",1.00050608386588,0.330617750414453
"LIHC","SCARB2",0.999956171063833,0.215641603482219
"LIHC","SH3GL3",0.999709219707987,0.548398679762548
"LIHC","UVRAG",1.00002719153937,0.96509106919337
"LIHC","WDR91",1.00013829524346,0.219733341715065
"LUAD","ACTN2",0.991244090200364,0.075910694382204
"LUAD","ANXA8",1.00015761650689,0.00964825153239291
"LUAD","ATG14",0.999846730549252,0.693690481503498
"LUAD","ATP13A2",0.999969812211205,0.822821258587917
"LUAD","BECN1",0.999958667294186,0.779909301375714
"LUAD","CLCN4",1.00002540222552,0.950019214609722
"LUAD","ELMO2",0.999335029812279,0.00771933207110822
"LUAD","FYCO1",0.999529218142918,0.000439503469139238
"LUAD","KEAP1",1.000119179925,0.350837476119723
"LUAD","KXD1",1.00001137445734,0.957899696543995
"LUAD","MTM1",0.999435783831388,0.303198876497252
"LUAD","NCKAP1",1.00011847411672,0.00990241241354185
"LUAD","NFE2L2",0.999950082768991,0.480035302051042
"LUAD","NRBF2",1.00038006370286,0.448697131863178
"LUAD","PIK3C3",0.999604980698674,0.262647468894954
"LUAD","PIK3R4",1.0002548880457,0.448868366669289
"LUAD","RAB9A",1.00028093504999,0.521207454209453
"LUAD","SCARB2",1.00001327032632,0.632506966766829
"LUAD","SH3GL3",1.00107404825314,0.85415265482599
"LUAD","UVRAG",0.999972197022606,0.942432645673722
"LUAD","WDR91",0.999519113428009,0.0192377422145791
"LUSC","ACTN2",1.00111809633051,0.314473334317289
"LUSC","ANXA8",1.00002703742081,0.175782179955886
"LUSC","ATG14",0.999481294923551,0.162188596221221
"LUSC","ATP13A2",1.00023113121497,0.0384926878303194
"LUSC","BECN1",0.999940262590205,0.72154201461636
"LUSC","CLCN4",1.00055297836211,0.199449689403109
"LUSC","ELMO2",1.0003331109081,0.0594668791549347
"LUSC","FYCO1",1.00019963375633,0.337273024261609
"LUSC","KEAP1",0.999960717214843,0.40721422862798
"LUSC","KXD1",0.99988898774293,0.435997312443535
"LUSC","MTM1",1.00066918028366,0.264217912746724
"LUSC","NCKAP1",1.00000804337054,0.801035106222277
"LUSC","NFE2L2",0.999991468684627,0.549953476316197
"LUSC","NRBF2",1.00017389769094,0.0708793931000612
"LUSC","PIK3C3",1.0003729710339,0.186477888377927
"LUSC","PIK3R4",0.999840006530033,0.344176471273182
"LUSC","RAB9A",0.999688077198332,0.347902326871543
"LUSC","SCARB2",1.00006050376006,0.0340914628274673
"LUSC","SH3GL3",0.999126933298539,0.50962691195281
"LUSC","UVRAG",1.00009473967742,0.623793057817521
"LUSC","WDR91",0.999951107642342,0.659652499909879
"OV","ACTN2",1.00345737120258,0.0216895487922768
"OV","ANXA8",1.00063535988003,0.0146937597223203
"OV","ATG14",1.0008000379353,0.043042263484409
"OV","ATP13A2",1.00006917114822,0.703424419385277
"OV","BECN1",1.00011342084398,0.571913558788987
"OV","CLCN4",1.00004269878089,0.936058282856807
"OV","ELMO2",1.00023684553698,0.179017865863018
"OV","FYCO1",1.00015892280771,0.491369559082814
"OV","KEAP1",0.999870720606519,0.100913513901009
"OV","KXD1",1.00019697222804,0.0725015434926179
"OV","MTM1",0.9996422942111,0.268837297929117
"OV","NCKAP1",0.999985082471669,0.723521558344676
"OV","NFE2L2",0.999988126525748,0.864918852853926
"OV","NRBF2",1.00023012852501,0.0517212041003998
"OV","PIK3C3",0.999713957637145,0.429717902069227
"OV","PIK3R4",1.00044000559041,0.13104630466028
"OV","RAB9A",0.999415296112674,0.0809662473449709
"OV","SCARB2",1.00001104243408,0.545233063278435
"OV","SH3GL3",0.99870593284564,0.574175247556964
"OV","UVRAG",0.999968487626984,0.62689093488834
"OV","WDR91",0.999657361903141,0.016243256010909
"PAAD","ACTN2",0.993327025847194,0.318687470722463
"PAAD","ANXA8",1.00010464127269,0.0237866155644769
"PAAD","ATG14",1.00022705570482,0.721938294266504
"PAAD","ATP13A2",0.999715793085987,0.13714952851125
"PAAD","BECN1",0.99967599651671,0.379732315446878
"PAAD","CLCN4",0.998416684268655,0.00285883556874038
"PAAD","ELMO2",0.998477532184662,0.00254456055337981
"PAAD","FYCO1",0.999872188687052,0.565603655552267
"PAAD","KEAP1",0.999634165518958,0.158543457984973
"PAAD","KXD1",0.999761533249136,0.42756909649024
"PAAD","MTM1",1.00062817487719,0.466818230574465
"PAAD","NCKAP1",1.00028023031105,0.000624100885124517
"PAAD","NFE2L2",1.00041003610981,0.00534451588726932
"PAAD","NRBF2",1.0024511175616,0.0209892577398026
"PAAD","PIK3C3",1.00033747018757,0.721719613392597
"PAAD","PIK3R4",1.00171220555708,0.00198014445001139
"PAAD","RAB9A",1.00440397335908,4.55677243076091e-06
"PAAD","SCARB2",0.999987219007923,0.835228024800001
"PAAD","SH3GL3",0.940546142713047,0.0439494867602383
"PAAD","UVRAG",1.00036995860477,0.535110495674973
"PAAD","WDR91",0.999380464649686,0.233513969746163
"SARC","ACTN2",0.999835309939387,0.389949567873756
"SARC","ANXA8",1.00000727845938,0.994291312184986
"SARC","ATG14",1.00024108633192,0.124261945818353
"SARC","ATP13A2",0.999955746947834,0.770632767280664
"SARC","BECN1",0.999290776056885,0.00441629150470186
"SARC","CLCN4",1.00031844026932,0.18452151121045
"SARC","ELMO2",1.00007475223852,0.648724203946268
"SARC","FYCO1",0.99983602570889,0.0710701886318427
"SARC","KEAP1",0.999878070453464,0.337511115631629
"SARC","KXD1",1.00000607819568,0.971654267974418
"SARC","MTM1",0.99749067225249,0.0322243728659218
"SARC","NCKAP1",0.99992679138458,0.259564444895865
"SARC","NFE2L2",0.999670948459714,0.00184823249023132
"SARC","NRBF2",1.00003946167883,0.905792853459904
"SARC","PIK3C3",0.999971241634366,0.96192445184
"SARC","PIK3R4",0.999549759340732,0.361535484914574
"SARC","RAB9A",0.999210990131444,0.074138781421878
"SARC","SCARB2",1.00000354027338,0.919367251291617
"SARC","SH3GL3",1.00073121409236,0.366638716537372
"SARC","UVRAG",0.999155497826447,0.084711656132459
"SARC","WDR91",1.00028110562982,0.382846469604776
"SKCM","ACTN2",1.00156800317525,0.0603342789365346
"SKCM","ANXA8",1.00023702338067,0.0235000914313961
"SKCM","ATG14",0.999722196037137,0.351586635366691
"SKCM","ATP13A2",1.00007406354829,0.0939105605056491
"SKCM","BECN1",0.999765710297165,0.0418792206409137
"SKCM","CLCN4",1.00003199877753,0.877922354167864
"SKCM","ELMO2",1.00007380717438,0.473547358471644
"SKCM","FYCO1",1.00001464660191,0.751522782549051
"SKCM","KEAP1",0.999980679924148,0.897773685008858
"SKCM","KXD1",1.00027353434249,0.0178858534966377
"SKCM","MTM1",0.999171837816134,0.139225717899475
"SKCM","NCKAP1",1.00003260395114,0.503104996688947
"SKCM","NFE2L2",0.999831889314207,0.0186892833559589
"SKCM","NRBF2",0.999722503529596,0.504421033351302
"SKCM","PIK3C3",0.999631266924547,0.106426213586326
"SKCM","PIK3R4",1.00002912231645,0.882816208844858
"SKCM","RAB9A",1.00036427209905,0.338395450891626
"SKCM","SCARB2",0.999979641744376,0.236088289376884
"SKCM","SH3GL3",1.00728887159343,0.476791502485965
"SKCM","UVRAG",1.00010142375686,0.579477660525298
"SKCM","WDR91",1.00009566793476,0.184498069962949
"STAD","ACTN2",1.00015938019797,0.494204288013654
"STAD","ANXA8",1.00013408475076,0.00450042656356439
"STAD","ATG14",1.00028584340815,0.463457147158955
"STAD","ATP13A2",0.999843412845448,0.335409886934717
"STAD","BECN1",1.00015098826747,0.302576822082187
"STAD","CLCN4",0.999972134396087,0.895427941423598
"STAD","ELMO2",0.999874190275261,0.57648354192323
"STAD","FYCO1",1.00003748618894,0.50028940533355
"STAD","KEAP1",0.999549406566263,0.0164107920603173
"STAD","KXD1",1.00002629987551,0.892513383952568
"STAD","MTM1",0.999226838417941,0.211570210299642
"STAD","NCKAP1",1.0000622221452,0.0434126394123638
"STAD","NFE2L2",0.999893398358061,0.225637607813596
"STAD","NRBF2",0.999852912221814,0.792221044877399
"STAD","PIK3C3",1.00071061909707,0.15712936318144
"STAD","PIK3R4",1.00007887757822,0.792281144923806
"STAD","RAB9A",1.00047577661024,0.342735827052199
"STAD","SCARB2",0.999995032362449,0.921121109609783
"STAD","SH3GL3",1.01011712362006,0.013269615733169
"STAD","UVRAG",1.00072359642878,0.0308620100994167
"STAD","WDR91",1.00055722253032,0.270613107441504
"UCEC","ACTN2",1.00345000540771,0.118788772609033
"UCEC","ANXA8",0.998973423975255,0.308561058124143
"UCEC","ATG14",1.00019784169645,0.710915638745888
"UCEC","ATP13A2",0.999758912733096,0.115939062838148
"UCEC","BECN1",0.999621952969445,0.11719517722316
"UCEC","CLCN4",1.00211108340713,1.35089331268172e-05
"UCEC","ELMO2",1.00031820258847,0.0467625710707819
"UCEC","FYCO1",0.999439765308453,0.0934938162181718
"UCEC","KEAP1",1.0001275838785,0.0274261510038662
"UCEC","KXD1",0.999785766700125,0.292028540322469
"UCEC","MTM1",1.00090874817458,0.300389404490547
"UCEC","NCKAP1",1.00010356294472,0.127372105829485
"UCEC","NFE2L2",1.00005806192642,0.5725896789271
"UCEC","NRBF2",1.00090193159335,0.118550129108555
"UCEC","PIK3C3",1.00124255854949,0.026706286383066
"UCEC","PIK3R4",1.00121673722703,0.00466210887135355
"UCEC","RAB9A",1.00036170051013,0.384196144080135
"UCEC","SCARB2",0.999946886237852,0.452759255081315
"UCEC","SH3GL3",0.998340568968403,0.63329139445798
"UCEC","UVRAG",1.00029256843262,0.019747985834686
"UCEC","WDR91",0.99988139172456,0.520114417073792
