cancer,n_sig_obs,n_sig_pct,mean_nlp_obs,mean_nlp_pct,stouffer_obs,stouffer_pct
KIRC,18,100,2.989,80,12.55,92.5
STAD,5,97.5,0.692,78,2.03,73
ESCA,2,96.5,0.444,58,-0.23,43
OV,4,95.5,0.733,92.5,2.66,93.5
PAAD,9,89.5,1.341,88.5,5.65,83
LUSC,2,88,0.602,93,2.33,98.5
LAML,5,85.5,0.89,84.5,2.32,48
GBM,3,81,0.485,22,0.7,30.5
LUAD,5,81,0.756,45,1.55,23.5
UCEC,6,79,1.058,78,4.91,88
BRCA,3,75,0.653,67,1.83,65.5
LIHC,4,62.5,0.642,21.5,0.87,12.5
KIRP,6,60.5,1.004,30,4.29,50
COADREAD,3,56.5,1.256,99.5,4.19,97.5
CESC,2,45.5,0.509,18,0.74,25.5
SARC,3,45,0.701,37.5,1.35,18.5
BLCA,3,39,0.512,5,-0.15,1
HNSC,2,33.5,0.467,6,0.39,9
SKCM,4,26.5,0.695,9.5,2.43,17
LGG,6,2.5,1.481,1,6.06,4
