"cancer","n_total","n_os","n_dead","n_sig_cox","logrank_p","n_c1","n_c2","pass_hard","pass_soft"
"KIRC",510,510,170,17,1.12369285799607e-05,293,215,TRUE,TRUE
"STAD",412,416,167,5,0.0057622532347934,217,149,TRUE,TRUE
"SARC",253,255,97,3,0.0166992266587375,181,72,TRUE,TRUE
"LUSC",484,480,206,2,0.036028604880611,287,190,TRUE,TRUE
"PAAD",177,183,99,9,0.377492442325817,124,52,TRUE,FALSE
"KIRP",283,280,41,6,0.242050423368171,165,115,TRUE,FALSE
"UCEC",527,519,86,6,0.244219162424654,210,307,TRUE,FALSE
"LGG",514,510,125,6,0.948793182145269,258,252,TRUE,FALSE
"LAML",173,173,108,5,0.2060872016425,147,2,TRUE,FALSE
"LUAD",510,501,181,5,0.95318531045139,247,250,TRUE,FALSE
"OV",300,571,341,4,0.0598333198190062,175,124,TRUE,FALSE
"SKCM",443,426,211,4,0.066736878644369,121,304,TRUE,FALSE
"LIHC",366,366,131,4,0.420090016437788,127,233,TRUE,FALSE
"BLCA",407,409,180,3,0.164232648478845,239,166,TRUE,FALSE
"GBM",160,580,478,3,0.178526687247144,75,79,TRUE,FALSE
"BRCA",1082,1071,151,3,0.303525624864124,651,418,TRUE,FALSE
"COADREAD",592,568,116,3,0.820052712900591,31,535,TRUE,FALSE
"HNSC",515,522,219,2,0.324980453924423,249,265,TRUE,FALSE
"CESC",294,284,68,2,0.507159903682559,114,167,TRUE,FALSE
"ESCA",181,182,76,2,0.972169632469502,97,84,TRUE,FALSE
"ACC",78,90,32,NA,NA,NA,NA,FALSE,FALSE
"CHOL",36,36,18,NA,NA,NA,NA,FALSE,FALSE
"DLBC",48,47,9,NA,NA,NA,NA,FALSE,FALSE
"KICH",65,65,9,NA,NA,NA,NA,FALSE,FALSE
"MESO",87,85,73,NA,NA,NA,NA,FALSE,FALSE
"PCPG",178,178,5,NA,NA,NA,NA,FALSE,FALSE
"PRAD",493,494,10,NA,NA,NA,NA,FALSE,FALSE
"TGCT",149,133,4,NA,NA,NA,NA,FALSE,FALSE
"THCA",498,498,16,NA,NA,NA,NA,FALSE,FALSE
"THYM",119,122,9,NA,NA,NA,NA,FALSE,FALSE
"UCS",57,56,35,NA,NA,NA,NA,FALSE,FALSE
"UVM",80,80,23,NA,NA,NA,NA,FALSE,FALSE
