cancer,gene,n,spearman,max_rel_diff
KIRC,PIK3C3,508,0.999956542353558,0.00346408725764407
KIRC,PIK3R4,508,0.999951393218172,0.00346327655199965
KIRC,MTM1,508,0.999961142223635,0.00347907573326896
KIRC,KEAP1,508,0.999912213138641,0.00346105494767117
KIRC,NFE2L2,508,0.999950752435024,0.00346920703722592
KIRC,SH3GL3,508,0.999991143707574,0.00626349753219305
KIRC,ELMO2,508,0.999944138613545,0.00344984146152672
KIRC,NCKAP1,508,0.999950683777405,0.00346150403401093
KIRC,ACTN2,508,0.999993889949687,0.00607006519595052
KIRC,KXD1,508,0.999936769523305,0.00347101143284321
KIRC,WDR91,508,0.999975170558521,0.00346905323760302
KIRC,FYCO1,508,0.999968534014968,0.00346892985321053
KIRC,RAB9A,508,0.999949905685235,0.00347977176636878
KIRC,SCARB2,508,0.999939035185063,0.00347172395579278
KIRC,ANXA8,508,0.999991641086631,0.00684582220252929
KIRC,CLCN4,508,0.999978214201628,0.0034697817572378
KIRC,ATP13A2,508,0.999955695608671,0.00346892985321053
KIRC,UVRAG,508,0.999912899726526,0.00346450352657425
KIRC,ATG14,508,0.999963773983376,0.00347309722550985
KIRC,NRBF2,508,0.999936266049291,0.00347716708594815
KIRC,BECN1,508,0.999885756572149,0.00346962800740942
SARC,PIK3C3,253,0.999947386615341,0.00343790334428126
SARC,PIK3R4,253,0.999949053964509,0.00347072107818018
SARC,MTM1,253,0.999956464474388,0.00346093224594568
SARC,KEAP1,253,0.999941272886966,0.0034560393226998
SARC,NFE2L2,253,0.999958502334411,0.00346073761754653
SARC,SH3GL3,253,0.999994056145648,0.00665131824307987
SARC,ELMO2,253,0.999947757141813,0.00346219600246289
SARC,NCKAP1,253,0.99997017373797,0.00346511722077452
SARC,ACTN2,253,0.999994997612286,0.00528546650571099
SARC,KXD1,253,0.99994090237985,0.00341600650896892
SARC,WDR91,253,0.999964060170673,0.00347613482587836
SARC,FYCO1,253,0.999982215503633,0.00343907911576213
SARC,RAB9A,253,0.999967950626914,0.00346488983362408
SARC,SCARB2,253,0.999959428655413,0.00345830953031572
SARC,ANXA8,253,0.999990534627442,0.0066631256090525
SARC,CLCN4,253,0.999986846913354,0.00499120111244006
SARC,ATP13A2,253,0.999971285291644,0.00347649700109205
SARC,UVRAG,253,0.999952573973459,0.00346958217503655
SARC,ATG14,253,0.999966098030592,0.00346220014140792
SARC,NRBF2,253,0.999969432690174,0.00348227084539178
SARC,BECN1,253,0.999932935975827,0.00347166369728685
LUSC,PIK3C3,477,0.999969427581771,0.00346579893057763
LUSC,PIK3R4,477,0.999969621081028,0.00347622574961068
LUSC,MTM1,477,0.999963788444118,0.0034663312735002
LUSC,KEAP1,477,0.999979102498758,0.00346763610364298
LUSC,NFE2L2,477,0.999987782201769,0.00344734947126422
LUSC,SH3GL3,477,0.99999361459777,0.00597446261573043
LUSC,ELMO2,477,0.999945212236339,0.00344685124871176
LUSC,NCKAP1,477,0.999965889303039,0.00345926875539721
LUSC,ACTN2,477,0.999992231022839,0.00680000000000003
LUSC,KXD1,477,0.999946069173143,0.00346513373034683
LUSC,WDR91,477,0.999983580571503,0.00346331255881219
LUSC,FYCO1,477,0.999975619538078,0.00347613482587836
LUSC,RAB9A,477,0.99996107943531,0.00347857628039924
LUSC,SCARB2,477,0.999963981944466,0.00346861834720496
LUSC,ANXA8,477,0.999992978930572,0.00467916307869699
LUSC,CLCN4,477,0.999993089498977,0.00425635416126594
LUSC,ATP13A2,477,0.999977167522849,0.00345569497880437
LUSC,UVRAG,477,0.99996436894505,0.00346978767690401
LUSC,ATG14,477,0.999965253517252,0.00347761468604912
LUSC,NRBF2,477,0.999963484372066,0.0034788225556942
LUSC,BECN1,477,0.999941646225174,0.0034574939981131
PAAD,PIK3C3,176,0.999910297539578,0.00346508512804676
PAAD,PIK3R4,176,0.999908646498632,0.00343645315911654
PAAD,MTM1,176,0.999934512493598,0.00344775399152002
PAAD,KEAP1,176,0.999890484868285,0.00344194107714125
PAAD,NFE2L2,176,0.999891035105634,0.00343840672810827
PAAD,SH3GL3,176,0.999981531451237,0.00642084016428981
PAAD,ELMO2,176,0.999865718477082,0.0033508634824909
PAAD,NCKAP1,176,0.99990314300912,0.00346544073205435
PAAD,ACTN2,176,0.999980189084183,0.00630989482457112
PAAD,KXD1,176,0.999877826432731,0.00346690514554871
PAAD,WDR91,176,0.999947170077095,0.00346123820684364
PAAD,FYCO1,176,0.999943317786035,0.00342611722384888
PAAD,RAB9A,176,0.999880578385418,0.00346663756360859
PAAD,SCARB2,176,0.999903693359434,0.00346720938412922
PAAD,ANXA8,176,0.999989544184213,0.0046593160466686
PAAD,CLCN4,176,0.999957626174238,0.00348555589413914
PAAD,ATP13A2,176,0.99995652557931,0.00345471558059434
PAAD,UVRAG,176,0.999889934510701,0.00342644842006265
PAAD,ATG14,176,0.99990314300912,0.00343997201698623
PAAD,NRBF2,176,0.999886632109275,0.00347224874632175
PAAD,BECN1,176,0.999769949325269,0.00343571403726833
KIRP,PIK3C3,280,0.999953943322793,0.00344468986554413
KIRP,PIK3R4,280,0.999962280148603,0.00348013954931853
KIRP,MTM1,280,0.999970480237332,0.00346844122406265
KIRP,KEAP1,280,0.999922235415965,0.00346536388842686
KIRP,NFE2L2,280,0.999957496732457,0.00346213790501528
KIRP,SH3GL3,280,0.999982391408892,0.00654571509427508
KIRP,ELMO2,280,0.999921415370554,0.00346637916783843
KIRP,NCKAP1,280,0.999967473545939,0.00345764175157805
KIRP,ACTN2,280,0.999989203417924,0.00642084016428981
KIRP,KXD1,280,0.999920185301176,0.00346434881716934
KIRP,WDR91,280,0.999979773589937,0.00347310722431978
KIRP,FYCO1,280,0.999963646834727,0.00345208641037481
KIRP,RAB9A,280,0.999952986633418,0.0034762838945328
KIRP,SCARB2,280,0.999940412916568,0.00346973606608754
KIRP,ANXA8,280,0.999988465667372,0.00576443486299412
KIRP,CLCN4,280,0.999970616904908,0.00347179310572409
KIRP,ATP13A2,280,0.999955720029203,0.00345274061286144
KIRP,UVRAG,280,0.999921962067569,0.00345368385466912
KIRP,ATG14,280,0.999941369617973,0.00346945745586928
KIRP,NRBF2,280,0.999938772854888,0.00348798433908762
KIRP,BECN1,280,0.999936722756709,0.00345552897454574
UCEC,PIK3C3,517,0.9999672180098,0.00347475919548133
UCEC,PIK3R4,517,0.999968194972064,0.00347644698159665
UCEC,MTM1,517,0.999976553387976,0.00383312047772466
UCEC,KEAP1,517,0.99996582854923,0.00346084999253151
UCEC,NFE2L2,517,0.999968498915685,0.00347606076656162
UCEC,SH3GL3,517,0.999995480328914,0.00653459101328158
UCEC,ELMO2,517,0.999959988459379,0.00346183645227005
UCEC,NCKAP1,517,0.999967695635915,0.00345760577108615
UCEC,ACTN2,517,0.999993215787575,0.00668945166108279
UCEC,KXD1,517,0.999933761903801,0.00346736877583204
UCEC,WDR91,517,0.999977942831202,0.0034584693868102
UCEC,FYCO1,517,0.999976770487748,0.0034609438098259
UCEC,RAB9A,517,0.999975381042943,0.00346660403135057
UCEC,SCARB2,517,0.999964721324122,0.00346800330014552
UCEC,ANXA8,517,0.999996613126125,0.00596598307361484
UCEC,CLCN4,517,0.999994029849774,0.00460327889904004
UCEC,ATP13A2,517,0.999975033681188,0.0034708191863313
UCEC,UVRAG,517,0.999970800200103,0.00346925304689527
UCEC,ATG14,517,0.999968911409102,0.00346441729563852
UCEC,NRBF2,517,0.999944052869365,0.00347992907710065
UCEC,BECN1,517,0.999963245020092,0.00346970290808325
LGG,PIK3C3,510,0.999935497586747,0.00347792961368374
LGG,PIK3R4,510,0.999937306970657,0.00347200768788783
LGG,MTM1,510,0.999963316462286,0.00347280862359181
LGG,KEAP1,510,0.999909849266026,0.00345730852599385
LGG,NFE2L2,510,0.99994357192705,0.00346456726672702
LGG,SH3GL3,510,0.999991745190542,0.00596290045880099
LGG,ELMO2,510,0.999941807794307,0.00345786006508255
LGG,NCKAP1,510,0.999949904697331,0.003459839139312
LGG,ACTN2,510,0.99998631733349,0.0035847191328881
LGG,KXD1,510,0.999906569670658,0.00346276611064603
LGG,WDR91,510,0.999965080559636,0.00345493663888847
LGG,FYCO1,510,0.999970689463865,0.00347260546188799
LGG,RAB9A,510,0.999943911186033,0.00347467950154455
LGG,SCARB2,510,0.999945811017467,0.00347169164365486
LGG,ANXA8,510,0.999990462282578,0.00655362947708685
LGG,CLCN4,510,0.999987945693153,0.00347385794671626
LGG,ATP13A2,510,0.999967794548025,0.00346703737093452
LGG,UVRAG,510,0.999896255838567,0.0034769270647167
LGG,ATG14,510,0.999948231041187,0.00345923808110375
LGG,NRBF2,510,0.999949678527745,0.00345382484631179
LGG,BECN1,510,0.999827177508091,0.00346768073754153
LAML,PIK3C3,149,0.999906580073145,0.0034138708344777
LAML,PIK3R4,149,0.999878461687319,0.00345311529762706
LAML,MTM1,149,0.999904766007598,0.00340917952333744
LAML,KEAP1,149,0.999863948662666,0.00345068858784793
LAML,NFE2L2,149,0.999831293586958,0.00346245954069865
LAML,SH3GL3,0,,-Inf
LAML,ELMO2,149,0.99988118285599,0.00346361499171705
LAML,NCKAP1,149,0.999982766697821,0.00548470654880817
LAML,ACTN2,149,0.999995255412981,0.00599400741869027
LAML,KXD1,149,0.999795916051345,0.00346595451786241
LAML,WDR91,149,0.999926534576946,0.00339209413660488
LAML,FYCO1,149,0.999870298136872,0.00347028379214246
LAML,RAB9A,149,0.999889346317569,0.00344511061300402
LAML,SCARB2,149,0.999925627562685,0.00344484838507504
LAML,ANXA8,149,0.999982695660844,0.00532971675290567
LAML,CLCN4,149,0.999988209595303,0.00501772562466301
LAML,ATP13A2,149,0.999955558598913,0.00339154633622536
LAML,UVRAG,149,0.999909301165293,0.00344453605086307
LAML,ATG14,149,0.999907487104684,0.00346111185383507
LAML,NRBF2,149,0.999907487104684,0.00344956693523624
LAML,BECN1,149,0.999858506224111,0.00347377870087878
LUAD,PIK3C3,497,0.999961168316552,0.00347165412406274
LUAD,PIK3R4,497,0.99995163734408,0.00347697000219996
LUAD,MTM1,497,0.999971701165376,0.0034673709943979
LUAD,KEAP1,497,0.999962512425077,0.00346828766866925
LUAD,NFE2L2,497,0.999949731137925,0.00346270197337251
LUAD,SH3GL3,497,0.999993862646783,0.00645940482614638
LUAD,ELMO2,497,0.999938611529596,0.00347421567007391
LUAD,NCKAP1,497,0.999959188817367,0.00346697929813634
LUAD,ACTN2,497,0.999993010705717,0.00645654080015894
LUAD,KXD1,497,0.99994115313362,0.00345078070154996
LUAD,WDR91,497,0.999983455787185,0.00347221965344118
LUAD,FYCO1,497,0.999978006156416,0.00345179685391662
LUAD,RAB9A,497,0.999964614110757,0.00347549309454432
LUAD,SCARB2,497,0.999959066625697,0.00345808512931151
LUAD,ANXA8,497,0.999995699017646,0.00664963318510027
LUAD,CLCN4,497,0.999986901502524,0.00354793874045571
LUAD,ATP13A2,497,0.9999658115819,0.00345478121568729
LUAD,UVRAG,497,0.999959897528761,0.00345770282580773
LUAD,ATG14,497,0.999955205359029,0.00346072258326068
LUAD,NRBF2,497,0.999946383046466,0.00345716130507648
LUAD,BECN1,497,0.999939882348235,0.00345730917995397
STAD,PIK3C3,388,0.999957113090526,0.00346652711275217
STAD,PIK3R4,388,0.999953414971473,0.0034697891610205
STAD,MTM1,388,0.999959013507498,0.00347945171819334
STAD,KEAP1,388,0.99995418541407,0.00346251912312355
STAD,NFE2L2,388,0.999940830991689,0.00345477859902131
STAD,SH3GL3,366,0.999994576541082,0.00678499087407181
STAD,ELMO2,388,0.999953158157142,0.00345089200184826
STAD,NCKAP1,388,0.999949460023463,0.00345632119808014
STAD,ACTN2,388,0.999993564434822,0.00646881885591159
STAD,KXD1,388,0.999938622352187,0.00342868609428092
STAD,WDR91,388,0.999975757565793,0.00348666717889273
STAD,FYCO1,388,0.999981561422406,0.00344207341263461
STAD,RAB9A,388,0.999952233625005,0.00345705073788799
STAD,SCARB2,388,0.999956291287474,0.00345786993793968
STAD,ANXA8,388,0.999994658376467,0.00649999999999995
STAD,CLCN4,388,0.999992039095948,0.00354083071740344
STAD,ATP13A2,388,0.999963071138662,0.00345990520090556
STAD,UVRAG,388,0.999956599463698,0.00345280900546267
STAD,ATG14,388,0.999965331083901,0.00347353241934987
STAD,NRBF2,388,0.999934205077463,0.00347102540040866
STAD,BECN1,388,0.999918744440191,0.0034647768502935
OV,PIK3C3,299,0.999958249223832,0.00346119582043609
OV,PIK3R4,299,0.999950392700109,0.00344934478854361
OV,MTM1,299,0.99997070729919,0.00347601748213276
OV,KEAP1,299,0.999964534398368,0.00346848977152143
OV,NFE2L2,299,0.999936475277988,0.00346511374758465
OV,SH3GL3,299,0.999991245839389,0.00545014185594495
OV,ELMO2,299,0.999951964009792,0.00346326982538728
OV,NCKAP1,299,0.999945903230267,0.00344397795479851
OV,ACTN2,299,0.999990903945155,0.00619377445103763
OV,KXD1,299,0.999956902395578,0.00341908703446084
OV,WDR91,299,0.99996756473626,0.00346634585755189
OV,FYCO1,299,0.999958473695032,0.00347179831546915
OV,RAB9A,299,0.999969809425075,0.00347866780057681
OV,SCARB2,299,0.999957239102812,0.00345892788605226
OV,ANXA8,299,0.999994837352473,0.00473980764159308
OV,CLCN4,299,0.999971605172499,0.00462926689922572
OV,ATP13A2,299,0.99995712686708,0.00346809535286818
OV,UVRAG,299,0.999971829640701,0.00346147736156043
OV,ATG14,299,0.999958810401736,0.00345367737470694
OV,NRBF2,299,0.999932322461284,0.00345348779298946
OV,BECN1,299,0.999942648352027,0.00341857594430382
SKCM,PIK3C3,425,0.999963185760459,0.00346816002104692
SKCM,PIK3R4,425,0.99996299035796,0.00347478675874606
SKCM,MTM1,425,0.999972018179424,0.00346364641703694
SKCM,KEAP1,425,0.999950132407026,0.00346076894009841
SKCM,NFE2L2,425,0.999965686988492,0.00346343729052208
SKCM,SH3GL3,425,0.999991628425896,0.00633401692638513
SKCM,ELMO2,425,0.999961778825932,0.00346116040478024
SKCM,NCKAP1,425,0.999968539937516,0.00345265415320687
SKCM,ACTN2,425,0.999995231542424,0.00580753304713172
SKCM,KXD1,425,0.999944152823001,0.0034657925507962
SKCM,WDR91,425,0.999984914925848,0.00345820666793666
SKCM,FYCO1,425,0.999984797683448,0.00346460549702217
SKCM,RAB9A,425,0.999957753402527,0.00346776710517172
SKCM,SCARB2,425,0.999978310249216,0.00346699888558646
SKCM,ANXA8,425,0.999994505026527,0.00655519933798574
SKCM,CLCN4,425,0.999994216112457,0.00527011981734233
SKCM,ATP13A2,425,0.999978036681787,0.00346897826237999
SKCM,UVRAG,425,0.99996592147776,0.00347433773057305
SKCM,ATG14,425,0.999967328412212,0.00345039513899609
SKCM,NRBF2,425,0.999963732909121,0.0034755769656104
SKCM,BECN1,425,0.999971041146402,0.00343504304492506
LIHC,PIK3C3,360,0.999958975179388,0.00341963849535906
LIHC,PIK3R4,360,0.999964955391257,0.00346511998309134
LIHC,MTM1,360,0.999973057553273,0.00347461857118692
LIHC,KEAP1,360,0.999952802019944,0.00346593758036523
LIHC,NFE2L2,360,0.999965405513283,0.00345670376845842
LIHC,SH3GL3,360,0.999997030930017,0.00627530124975018
LIHC,ELMO2,360,0.999954409617219,0.00346244995820562
LIHC,NCKAP1,360,0.999967398908395,0.00346813016649926
LIHC,ACTN2,360,0.999994598236787,0.00659010517542891
LIHC,KXD1,360,0.999943670818391,0.00346117899766521
LIHC,WDR91,360,0.99997325046464,0.00347674766460686
LIHC,FYCO1,360,0.999974086398451,0.00346867245970906
LIHC,RAB9A,360,0.999956917458267,0.00342822407051477
LIHC,SCARB2,360,0.999964698178579,0.00346239346295034
LIHC,ANXA8,360,0.999996153810676,0.00540518216546216
LIHC,CLCN4,360,0.999972993254096,0.00349348524047749
LIHC,ATP13A2,360,0.999980838145926,0.00346995352517833
LIHC,UVRAG,360,0.999945342734771,0.00346832904358961
LIHC,ATG14,360,0.999961225800955,0.00346562410208242
LIHC,NRBF2,360,0.999961225800955,0.00348132493346539
LIHC,BECN1,360,0.999954216699795,0.00346715377894528
BLCA,PIK3C3,405,0.99996229026357,0.00346982273584903
BLCA,PIK3R4,405,0.999961341856657,0.00347536927874151
BLCA,MTM1,405,0.999973671076365,0.00346144597900278
BLCA,KEAP1,405,0.999959264390752,0.0034579142296696
BLCA,NFE2L2,405,0.999973219459278,0.00346593758036523
BLCA,SH3GL3,405,0.999995520734109,0.00681500912592814
BLCA,ELMO2,405,0.999942734834326,0.0034525593789104
BLCA,NCKAP1,405,0.999972225900968,0.00345972379612833
BLCA,ACTN2,405,0.999991576634399,0.00660216650351014
BLCA,KXD1,405,0.999934831261334,0.00345638781090901
BLCA,WDR91,405,0.999976019481932,0.00347163147798199
BLCA,FYCO1,405,0.999972948488928,0.00345392043510126
BLCA,RAB9A,405,0.999967800035412,0.00347563114235076
BLCA,SCARB2,405,0.999963554804721,0.00345620694258428
BLCA,ANXA8,405,0.999990290443323,0.00492469875024992
BLCA,CLCN4,405,0.999988122715471,0.00522186086164991
BLCA,ATP13A2,405,0.999969742000873,0.00345362779697208
BLCA,UVRAG,405,0.999961883803574,0.00345954583831751
BLCA,ATG14,405,0.999948018902568,0.00346947470730876
BLCA,NRBF2,405,0.999963238669583,0.00347389619890872
BLCA,BECN1,405,0.99994268967123,0.00347096216613522
GBM,PIK3C3,154,0.999832411320588,0.00347341046276345
GBM,PIK3R4,154,0.999876775965917,0.00339799864758293
GBM,MTM1,154,0.999916209308999,0.00348189107991526
GBM,KEAP1,154,0.999890742119449,0.00346018585224131
GBM,NFE2L2,154,0.999889920586406,0.00345296309554152
GBM,SH3GL3,154,0.999990142636056,0.005
GBM,ELMO2,154,0.999900600463318,0.00340318568397136
GBM,NCKAP1,154,0.999893206714529,0.00345323559297287
GBM,ACTN2,154,0.999973713480216,0.00347947542848188
GBM,KXD1,154,0.999883348297762,0.00345699998627978
GBM,WDR91,154,0.999929353411115,0.00346674570393529
GBM,FYCO1,154,0.999935103901461,0.00347035993619491
GBM,RAB9A,154,0.999912101741653,0.00345172673864275
GBM,SCARB2,154,0.99988170521885,0.00344587130043779
GBM,ANXA8,154,0.999977227201579,0.00659010517542891
GBM,CLCN4,154,0.999944961807971,0.00342298014122512
GBM,ATP13A2,154,0.999913744770616,0.00346054228007784
GBM,UVRAG,154,0.999790510105589,0.00346857427402555
GBM,ATG14,154,0.999929353411115,0.00345340559576185
GBM,NRBF2,154,0.99989484977454,0.00347417938621627
GBM,BECN1,154,0.99983898421941,0.00345591699025468
BRCA,PIK3C3,1069,0.999969714927629,0.00346653515105985
BRCA,PIK3R4,1069,0.999971431564388,0.00347697000219996
BRCA,MTM1,1069,0.999974142813354,0.00348247646357264
BRCA,KEAP1,1069,0.999971635399494,0.00347349777821991
BRCA,NFE2L2,1069,0.999966917711278,0.00346862233762386
BRCA,SH3GL3,1069,0.999992196165986,0.00678671634240269
BRCA,ELMO2,1069,0.99997253423841,0.00346088709818039
BRCA,NCKAP1,1069,0.999973236609154,0.00346839387294454
BRCA,ACTN2,1069,0.999995630091532,0.00674561833987993
BRCA,KXD1,1069,0.999964864613568,0.00346997565708902
BRCA,WDR91,1069,0.999976709161377,0.00348013907701147
BRCA,FYCO1,1069,0.999985528014889,0.00347820334574345
BRCA,RAB9A,1069,0.999970694810935,0.003476596113658
BRCA,SCARB2,1069,0.999977553967308,0.00346915704157743
BRCA,ANXA8,1069,0.999998231832236,0.00648470654880817
BRCA,CLCN4,1069,0.999995567316794,0.00404811053890416
BRCA,ATP13A2,1069,0.999984909150513,0.0034711110033096
BRCA,UVRAG,1069,0.999974776419793,0.00347522086601979
BRCA,ATG14,1069,0.999972961555121,0.00347453339995903
BRCA,NRBF2,1069,0.999968509104998,0.00348201308535635
BRCA,BECN1,1069,0.999977615362722,0.00347114082931977
COADREAD,PIK3C3,566,0.999968861354877,0.00348254631183087
COADREAD,PIK3R4,566,0.999939310183742,0.00345513094697014
COADREAD,MTM1,566,0.999971971954808,0.00346422511857981
COADREAD,KEAP1,566,0.999935769279214,0.00347086106023891
COADREAD,NFE2L2,566,0.99994485316149,0.00346119529109152
COADREAD,SH3GL3,566,0.99999839369951,0.00652734215030904
COADREAD,ELMO2,566,0.999971938862453,0.00347579009530882
COADREAD,NCKAP1,566,0.999934445573367,0.00346734833622496
COADREAD,ACTN2,566,0.999991049625553,0.00677664993149685
COADREAD,KXD1,566,0.999929101086151,0.00345029901739925
COADREAD,WDR91,566,0.999973411429932,0.00351164401902279
COADREAD,FYCO1,566,0.999970515930995,0.00346756888383459
COADREAD,RAB9A,566,0.999968629715177,0.0035840542157992
COADREAD,SCARB2,566,0.999955872844909,0.00346278035484002
COADREAD,ANXA8,566,0.999991324886223,0.00627599608787488
COADREAD,CLCN4,566,0.999991313706076,0.00368054589325348
COADREAD,ATP13A2,566,0.999972799240121,0.00346266445389326
COADREAD,UVRAG,566,0.999931202484359,0.00346573490639661
COADREAD,ATG14,566,0.999963434330403,0.00347350500756686
COADREAD,NRBF2,566,0.999931599597599,0.00347909884870653
COADREAD,BECN1,566,0.999939674201253,0.0034588521308966
HNSC,PIK3C3,514,0.999962973249795,0.00347444863144703
HNSC,PIK3R4,514,0.999971280085044,0.00346319653862733
HNSC,MTM1,514,0.999965955765528,0.00349950541810095
HNSC,KEAP1,514,0.999967038306074,0.00347108673212134
HNSC,NFE2L2,514,0.999986126175452,0.00346846249186624
HNSC,SH3GL3,514,0.999993504947209,0.0048492486349383
HNSC,ELMO2,514,0.99995608029051,0.00346836666770084
HNSC,NCKAP1,514,0.999964851131108,0.00347067809920038
HNSC,ACTN2,514,0.999997039551046,0.00609047396995097
HNSC,KXD1,514,0.99993701393255,0.00347114082931977
HNSC,WDR91,514,0.999981089134199,0.00346431182713841
HNSC,FYCO1,514,0.999983187904471,0.00346409292534536
HNSC,RAB9A,514,0.999966596452932,0.00346392193069351
HNSC,SCARB2,514,0.999965690650346,0.00345664588836423
HNSC,ANXA8,514,0.999984182057274,0.00346409141577586
HNSC,CLCN4,514,0.999993129388016,0.00492938214504581
HNSC,ATP13A2,514,0.999971876585216,0.00345625652292076
HNSC,UVRAG,514,0.999973268414605,0.003475800147294
HNSC,ATG14,514,0.999957560513337,0.00347945418064685
HNSC,NRBF2,514,0.999972914934309,0.00347364691995046
HNSC,BECN1,514,0.999925768376731,0.003455333986858
CESC,PIK3C3,281,0.999935097245891,0.00347260333699085
CESC,PIK3R4,281,0.999961329272442,0.00345845546716793
CESC,MTM1,281,0.999970659068305,0.00348481568721988
CESC,KEAP1,281,0.999955109353322,0.00344963847422101
CESC,NFE2L2,281,0.999979583129416,0.00346115896226683
CESC,SH3GL3,281,0.999994316141873,0.00644549842802356
CESC,ELMO2,281,0.999950647247793,0.00346310905762507
CESC,NCKAP1,281,0.999962681431106,0.00347248353684886
CESC,ACTN2,281,0.99998452974427,0.00644059517385365
CESC,KXD1,281,0.999914138165055,0.00345546995181369
CESC,WDR91,281,0.999983639494503,0.00345628457229447
CESC,FYCO1,281,0.999973498550934,0.00346720646120498
CESC,RAB9A,281,0.999958354539148,0.00345780957134252
CESC,SCARB2,281,0.999964574435522,0.00346973606608754
CESC,ANXA8,281,0.999987695843135,0.0045708044775038
CESC,CLCN4,281,0.999989859222344,0.00397756631414375
CESC,ATP13A2,281,0.999959571476565,0.00345458707632122
CESC,UVRAG,281,0.999946049881105,0.00346739064801394
CESC,ATG14,281,0.999943615972536,0.00346216577927822
CESC,NRBF2,281,0.999944292058844,0.00347060259848181
CESC,BECN1,281,0.999863699350424,0.00346519439103339
ESCA,PIK3C3,181,0.999946368950215,0.0034687315570437
ESCA,PIK3R4,181,0.999937767476464,0.00343438135783366
ESCA,MTM1,181,0.999946368950215,0.00346581059849695
ESCA,KEAP1,181,0.999940297329366,0.0034491800959831
ESCA,NFE2L2,181,0.999961547841049,0.00345023747645439
ESCA,SH3GL3,181,0.999993851929879,0.00647812260522517
ESCA,ELMO2,181,0.999924106160194,0.00347291403333142
ESCA,NCKAP1,181,0.999931695803386,0.00345097397129402
ESCA,ACTN2,181,0.999981718408647,0.00671014352996448
ESCA,KXD1,181,0.999922588224642,0.00346865253524991
ESCA,WDR91,181,0.999968631244588,0.00347821735971789
ESCA,FYCO1,181,0.99996306571746,0.00340761381405423
ESCA,RAB9A,181,0.999943839112674,0.00343145738513792
ESCA,SCARB2,181,0.999952946497865,0.00346871868987441
ESCA,ANXA8,181,0.99999291681866,0.00460909467204874
ESCA,CLCN4,181,0.999986845480436,0.00389055791556159
ESCA,ATP13A2,181,0.999935237617162,0.00344704067559885
ESCA,UVRAG,181,0.999936249561651,0.00345740944796995
ESCA,ATG14,181,0.999923600181933,0.00344363105101303
ESCA,NRBF2,181,0.999911456626855,0.00345695738663673
ESCA,BECN1,181,0.999917022441239,0.00341032546364444
