cancer,obs_mean_nlp,null_median,percentile,z
LAML,15.1328587851546,0.73432006202682,1,91.5481318729634
COADREAD,1.25592581573412,0.728852764339881,0.995,3.17069048903554
LUSC,0.601853257120787,0.451114030264777,0.93,1.53029343232105
OV,0.732811967733075,0.53283452407208,0.925,1.58617795060321
PAAD,1.34057318555731,1.08472580536097,0.885,1.13601713144537
KIRC,2.98870291328866,2.42456422815207,0.8,0.768897620945512
STAD,0.69193363210385,0.571839188014577,0.78,0.738310160402506
UCEC,1.0579942680869,0.911147164400546,0.78,0.64940913549963
BRCA,0.652638356684686,0.590205118137923,0.67,0.364070801144284
ESCA,0.444073620633681,0.422989455756652,0.58,0.160811279654512
LUAD,0.756142025996555,0.77381235815184,0.45,-0.143007521710823
SARC,0.701145052349885,0.751106860859081,0.375,-0.372036439705818
KIRP,1.00385851936596,1.21026774876442,0.3,-0.637436164166252
GBM,0.484719334693142,0.586991227549827,0.22,-0.785294977667943
LIHC,0.64186654481483,0.789341074884358,0.215,-0.803946696793893
CESC,0.50901130739388,0.62248056926187,0.18,-0.898050469841136
SKCM,0.694797690222297,1.03241382932251,0.095,-1.31530093045553
HNSC,0.467046240050142,0.690665349310218,0.06,-1.46222268094953
BLCA,0.511985897044578,0.765944126697214,0.05,-1.48876352360727
LGG,1.48094108385284,2.7930481881529,0.01,-1.85932099674171
