cancer,n_sig,logrank_p_xena,balance,pass_soft_xena,rank,n_sig_cox,logrank_p_orig,pass_soft_orig
BLCA,3,0.164232648478845,0.409876543209877,FALSE,14,3,0.164232648478845,FALSE
BRCA,3,0.342044836932059,0.381665107577175,FALSE,16,3,0.303525624864124,FALSE
CESC,2,0.507159903682559,0.405693950177936,FALSE,19,2,0.507159903682559,FALSE
COADREAD,3,0.820052712900592,0.0547703180212014,FALSE,17,3,0.820052712900591,FALSE
ESCA,2,0.972169632469502,0.464088397790055,FALSE,20,2,0.972169632469502,FALSE
GBM,3,0.178526687247145,0.487012987012987,FALSE,15,3,0.178526687247144,FALSE
HNSC,2,0.284875760870296,0.48443579766537,FALSE,18,2,0.324980453924423,FALSE
KIRC,18,1.12369285799607e-05,0.423228346456693,TRUE,1,17,1.12369285799607e-05,TRUE
KIRP,6,0.242050423368171,0.410714285714286,FALSE,6,6,0.242050423368171,FALSE
LAML,5,0.2060872016425,0.0134228187919463,FALSE,9,5,0.2060872016425,FALSE
LGG,6,0.964967185059883,0.496078431372549,FALSE,8,6,0.948793182145269,FALSE
LIHC,4,0.420090016437788,0.352777777777778,FALSE,13,4,0.420090016437788,FALSE
LUAD,5,0.95318531045139,0.496981891348089,FALSE,10,5,0.95318531045139,FALSE
LUSC,2,0.0279265025788608,0.40041928721174,TRUE,4,2,0.036028604880611,TRUE
OV,4,0.0598333198190062,0.414715719063545,FALSE,11,4,0.0598333198190062,FALSE
PAAD,9,0.377492442325815,0.295454545454545,FALSE,5,9,0.377492442325817,FALSE
SARC,3,0.0166992266587375,0.284584980237154,TRUE,3,3,0.0166992266587375,TRUE
SKCM,4,0.066736878644369,0.284705882352941,FALSE,12,4,0.066736878644369,FALSE
STAD,5,0.00473289646728869,0.474226804123711,TRUE,2,5,,FALSE
UCEC,6,0.244219162424654,0.406189555125725,FALSE,7,6,0.244219162424654,FALSE
