set,genes
1,SLC43A3;CXorf58;MYLK;CACNA1A;CTSE;C15orf62;TLR4;KIAA0586;ACPL2;FKBP1A;AIM1;SF1;USP12;HLA-J;PANK3;ITGA11;CENPV;ABHD10;EHHADH;B3GALTL;GPR77
2,GTF2F2;VDR;DHX57;PLD3;RRN3P1;PIK3R2;MYLIP;AGPAT6;HUWE1;PIP5K1P1;RAD50;USP16;ATP6V0D2;GCH1;RALGDS;TAF11;TUBB2C;AES;SLC25A35;LOC339524;LRP12
3,RPS15AP10;SEL1L3;FLYWCH1;C9orf128;RELA;CEACAM8;BDH1;XAB2;TOP1P1;MEX3B;STX3;MRPL11;C12orf23;TJP3;ZNF10;CG030;STMN1;SMURF2;CLDN7;NHLRC3;DZIP3
4,SRGAP2;NUBP1;FPR1;MCAM;THSD1P1;EXO1;PLCH1;MAGT1;MAP6D1;TRIM13;JHDM1D;RTTN;MFI2;TMEM17;CD300C;SPOCK3;NUF2;LOC730668;SNHG12;C4BPB;TBPL1
5,KLRC2;TUSC3;LOC220729;RBM26;SNRPE;TIMD4;PTGIR;TP53BP2;ARFGAP1;C9orf85;GTF3C1;GPR4;CBX1;KPNA6;POLR3A;LOC647121;LOC285456;FKBP2;PREB;FMNL3;RANBP9
6,RLN2;PXN;ITGAL;ANKS6;GPD1;PFN2;LDOC1L;JUNB;ESYT1;PRDX6;COPA;CRBN;NAV2;PGM2;C1QB;SHC4;MED27;ECE2;C13orf37;PSMD7;DHCR24
7,MORF4;TCEA2;CD164;PIKFYVE;NCKAP5;NCCRP1;CACNB3;GSPT1;LRRC45;ADD1;PELO;ANAPC10;DCTPP1;GDF9;SLC38A5;C9orf152;ACLY;NAP1L3;PIP5KL1;FAM156A;SLC39A6
8,MSL3;PSME1;CXCL12;PNPT1;CLEC14A;VPS26A;CA2;ADCY9;ZCRB1;LARS;SLC26A5;C7orf53;C19orf36;LOH3CR2A;AGPAT3;RPP21;KIF4B;LONP1;MAP2K5;DDX54;SLC39A1
9,TXNRD2;HLA-L;COX10;TTLL11;ZNF605;C8G;TRIL;EPS15;MBNL1;SEH1L;ZNF273;C15orf37;C15orf57;BRD7;RGS10;MARVELD1;EFNB3;ARHGAP32;GFI1;NCRNA00181;C8orf33
10,PITX1;NONO;HPCAL1;PRKCA;POC1B;DLEU2;CSNK1A1;MYSM1;COPE;NDUFS8;SH3BP4;MSTN;MCART6;DGKA;TDRD1;PI16;ZNF862;MGC14436;TMEM51;GPC6;FAM151B
11,TCN2;NOXA1;DCTN5;FAM115C;RIMS3;CUEDC1;LOC338799;NARFL;NLRP11;HIGD1A;EPHA1;MAP4K1;LDLR;ZNF394;KLHL29;LMAN2;SOCS4;MED19;ZC3H15;RPL39L;PSMD2
12,SOX8;MUC6;ZNF695;MAPK7;TOMM7;ZCRB1;ESM1;NCL;NCF1B;TOMM40;CCNB3;VPS54;EMD;GPR65;BTBD1;DTX4;EEA1;CCR5;FAM22G;RHPN1;LMF1
13,CDCA5;SOCS3;RPN2;PRR11;SYF2;PCNXL3;HNRNPK;NLN;USP44;GOLGB1;ZNF625;AHNAK;TP53;SPTLC1;ZYG11B;GUSBP1;PSENEN;ZSWIM1;SYT2;TUBB4;MRPS12
14,TULP4;SFXN2;GNB3;FBXO33;SSR1;NSUN7;C1orf152;NFAM1;ARGFXP2;DNAH10;NXT2;COPS7B;C7orf70;HOXA5;EPS8L2;LUC7L2;AURKAPS1;RNF141;MIAT;MECP2;LOC149837
15,C2orf89;NHLRC1;GTF3C5;ALDH1A3;DDX17;RPL5;ANP32B;AFF1;MDN1;GSDMD;GMPR2;ITPRIP;SET;C22orf34;TMEM165;FAM125B;LOC729082;ZNF449;ZFP28;C22orf46;BARD1
16,GLIS1;ZNF704;SIX3;MFGE8;KEL;PRRC1;SGCD;SH3GL2;SLC2A6;SERF2;RNF180;C2orf44;MUC6;GTSF1;ZSWIM1;POLR1B;SPATA9;TULP4;KDELC1;BEST2;GPRC5C
17,WDR13;CCR3;NRIP2;KCNH7;HIST1H2BJ;CFB;ZNF658;HECA;DDX19B;DHPS;DUS2L;DACH1;C19orf66;CDK5RAP1;CSNK2A1;ZBED3;C3orf58;CHMP4B;MORC4;NOD1;RPL13AP6
18,CKS2;ZNF518A;ZNF846;TMEM39B;ARVCF;PCDH9;PLXNA1;IFNG;TPR;HAL;RMRP;GAR1;PIKFYVE;ULK4;COL21A1;RAMP3;ZNF593;ZNF543;MEIS1;NLGN2;FUT11
19,SLC1A1;TMEM45A;NUP93;GNL3L;C20orf103;WDTC1;SEC61B;MKL2;TTC32;TCEA3;ATP9B;SLC9A10;C11orf73;EXT2;C17orf80;CXCR7;PTGR1;NPTXR;CEACAM8;ATR;C10orf88
20,FOXO4;PELI1;RASGRP3;NUDT3;PHF15;GGT8P;C3orf71;SMG5;MPV17L;ZSCAN10;TAX1BP3;ZDHHC15;FBXO8;PPFIA4;C1orf183;TMEM54;SNRNP200;C1orf201;SMN2;MYT1;SETDB2
21,CPM;C5orf53;RANGAP1;BHLHB9;CDHR4;LOC389705;KIF3B;KIAA0907;C17orf101;C6orf103;INO80E;UBE2E2;FAM3B;KCNJ13;SVEP1;ISPD;MUC12;WDR38;ARSE;C1orf203;CDK6
22,AGXT2L2;SPRY4;CDKN2B;MRPL36;TMEM231;CYP27B1;MICAL1;C10orf125;LRRC28;C14orf73;C9orf150;TACO1;SYTL3;TBCE;SCN9A;TGFB1I1;ANAPC16;FKBP1AP1;PAPLN;IGFBP5;PI4KB
23,C20orf24;SEPT11;RQCD1;NDRG4;RPRD1A;C8orf42;C14orf72;BLNK;MTERFD1;ARF4;HMGN5;UNC5C;MRPL4;PDE6A;C9orf50;UFSP2;CENPM;IL15RA;ATP8B4;CDKL1;SAFB2
24,MKI67IP;LOC374491;BAZ1B;FAM69B;ZNF880;TSHR;ZNF219;IFI35;CTH;TUBB8;NCAPG;GAL3ST1;NAT14;NIPAL2;CECR1;POU2F2;MGST3;SLC25A39;ADI1;RABL2A;HAUS1
25,DPP8;SULT1E1;PLA2G16;S100A9;GPR135;ARL10;ATL3;PIGL;THADA;RPL12;COQ7;LCK;CLN3;CCDC78;GALNTL4;HTRA3;ZNF555;UIMC1;C9orf47;ALG13;ZNF227
26,SKI;ASGR1;SMG6;RRAS;PPP2R1B;ZNF135;ALPK3;EPHX2;SPNS2;PPP3CA;DLGAP5;MOSPD2;VGLL4;PANK2;MRS2;BHMT;OSMR;FPR1;RPS6KA4;ZNF592;DCAF8
27,CCT4;TXLNG;CHD9;F5;KCNQ1;RASAL1;CARNS1;TBC1D15;LACTB2;DDX28;PCNP;KIF20A;EFHA1;VARS;DLG5;PLIN4;NDUFS2;CPA6;MRPS25;C4BPA;HIST1H3H
28,SLC17A9;C9orf131;PLSCR1;WDR67;SPHK2;DEAF1;PCDHGA11;GLOD5;NUP133;ZNF512B;PPARD;LOC283314;MEN1;PJA2;ALS2CL;POLB;ODF3B;CHPF;SPSB2;ADAMTS16;AP1S3
29,ATP5H;MAGEF1;C5orf25;ISG20L2;NADSYN1;JUNB;DUSP28;ZNF7;UBN1;SYS1;SCAI;SEPT7L;LCP2;RBM26;SLC8A1;SLC12A3;PYROXD2;FKRP;LOC643387;SMCR7L;KIAA1409
30,TRIM23;BTBD6;SH2B3;NCBP1;SNCG;KCNT2;TAS1R3;HNRNPUL1;TTC18;ANKRD36B;C14orf184;AP4S1;IBTK;RBM12;LTBP3;HSP90B3P;PPP4R4;NMNAT3;C10orf140;SPAG17;ANPEP
31,SREBF1;GATA3;MAK;GALK1;AGBL4;BFAR;MPG;RAD23B;C7orf11;TBX15;PLEKHG3;FAM86B1;ADAM10;LAIR1;RDX;SLC25A20;ADCY10;C2orf84;HEATR7A;ANKRD54;RHPN2
32,JUND;AGXT2L2;POLR3GL;C8orf4;NAV3;CBLL1;KIAA0284;U2AF2;C16orf72;ICMT;AKAP13;REPS2;SF3A1;PHF20;RPL29P2;POLR3D;TMEM2;C17orf47;NAB1;FBXL5;ZNF3
33,USP42;MEFV;C14orf178;TNNI3;PANX2;RWDD4A;ZNF396;RNF220;PADI2;NAB1;MTSS1L;MTCP1;SNCA;AASDHPPT;DCTN6;C14orf64;MEX3C;BCL9L;ZSWIM3;TTC25;DDI2
34,LDB3;SYTL2;ZNF594;PDS5A;TUFM;FBXO33;LOC100144603;ZBED3;ZMAT1;ST6GALNAC3;TAOK3;WDR83;VGF;PRR12;COL4A5;SERP1;SMCHD1;TMEM65;FKBP4;LOC339047;ZNF771
35,PPFIA2;PAX8;GRAMD1C;ABCC6P1;RSPH1;LOC100131726;TMEM233;BAG4;EI24;BATF3;GZMM;HLA-DPB2;TCEA1;JUB;FAM23A;DPYSL4;CYTH3;SLC9A6;LOXL1;BBS7;ALDOB
36,VPS54;CSNK1A1L;RTN4R;OSMR;SNX25;PICK1;FBXL14;PGP;MALT1;ATP5G3;FAM164A;SLC20A2;VILL;LGSN;RASGRP4;PHOSPHO2;SCML4;ELAVL1;GFAP;BCS1L;ITPR1
37,FAHD2B;C16orf46;ZNF397OS;DBNDD2;CPXM1;IGLON5;RAB21;HDGFRP2;C4orf48;SCN11A;KCNQ4;CSRP1;SERINC3;CLDN6;RNF169;VPS18;NUTF2;AKAP7;USP39;TMEM63B;KAZ
38,ROMO1;C3orf58;KCNRG;USP16;C20orf117;ANKRD34B;FOXK1;MAN2B1;DLX4;PI4KB;RPL32P3;LOC100130776;MEPCE;MARCH3;LILRA2;GPX4;TOMM34;RUNDC3B;HCG4;MMP8;GRHL3
39,PHF20;FANCL;SYNGR2;CDS1;NFYB;PTH1R;RAB3C;PDDC1;RNF138P1;DQX1;C11orf41;GALNT9;TOP3A;TCF15;SETD3;CCND2;CUTA;FCRL5;FAR1;LRRK1;SLC20A1
40,WSB2;PLA2G16;EMCN;TRPC2;TSC22D4;CYP2W1;TRUB1;FAM171A1;LOC400657;TPI1;SFRS16;KCNJ1;IRF3;JMJD1C;RBMX2;PLVAP;CPNE4;SMARCB1;GPR3;FAM198A;LPL
41,FCRL2;LOC541471;RAPGEF2;FOXD1;HOXD8;LCA5L;TLR9;KCTD18;KRT13;C2orf76;ZNF552;ZMYND15;CD59;TSTA3;TGFB2;ISYNA1;C16orf80;CD9;DMAP1;GPR98;C1R
42,ITIH1;VILL;FAM168A;BAGE2;BBC3;FBXL13;SLC2A1;ATXN7L2;STEAP4;CADM3;SNW1;CCR3;FNDC1;CDS1;FGD4;PSAT1;CD96;ALOX12P2;TMCC1;TMEM14A;ATP11C
43,CHID1;PLEKHF1;HP;CD68;PPIAL4C;ATP5SL;MAPKSP1;APOL6;ZNF280D;DNAH8;C3orf17;TOR1AIP2;LOXL3;MATN1;CYP2C8;ZFR2;SLC35F3;JSRP1;LOC401387;AP4S1;LOC644538
44,LOC494141;C10orf18;PKP3;SERPINB1;ITPR3;ARVCF;RPL21;YARS;GDPD2;ITFG3;RBP7;MIDN;DNAH3;DVL3;MRPL42;FUT11;KAZALD1;MARCH6;EP300;C16orf75;ARPC2
45,SON;IL3RA;NCBP1;MRPL55;AMOTL1;C17orf97;GPR141;TBC1D23;KIF9;ZMYM4;RNF144A;TPRN;C7orf36;ST3GAL1;IFIT2;AIMP2;SFRS2B;TRIM25;GRWD1;E2F2;BCOR
46,CHML;RGAG4;FBXO6;CD160;CMTM7;ANXA8L2;RAB5C;BARD1;GRIN2C;UBE4A;PEBP1;ARHGEF10;ZFP2;RASGRP1;LSM4;LDLR;RNASE2;LOC728392;PPP2R2B;PPARGC1A;TMEM17
47,LZTS1;SPATA7;APOBEC4;IMPDH2;PRICKLE4;CD74;BLMH;LCNL1;ATP1A2;BST1;CRIP2;VPS24;ZNF681;LIMS2;KLHL34;SPOPL;MEGF10;RUFY2;RBM22;BEND4;JPH3
48,EYA2;GPR98;PSMG2;ANUBL1;FLJ35776;DDT;CYYR1;POLI;NEIL3;CLEC18A;MATN3;EMILIN2;MARCH2;RAPGEF4;MRPL20;ZNF395;PDE7B;SKP2;UTP11L;MDM1;POLR2F
49,COL5A3;CRIPAK;C1orf123;ANKRD9;ODF3L1;C11orf48;C9orf64;FAM122A;PHAX;FITM2;DACT3;SLC35E2;PSMD3;C18orf10;PHC3;MAP3K9;SPRYD3;PHF15;FTL;KLHL21;CD46
50,FCHSD1;ANKRD36;ZMIZ1;C4orf42;GPR27;RHOT1;PMS1;ZNF181;RASSF5;RHOBTB2;CADM1;SOD1;ZNF586;LRP1B;VPS41;GHR;TLE3;CHODL;PRCP;DIO1;ACTB
51,EGFLAM;PYY2;PGAM1;CD300LB;ACAA1;TMEM184C;ZNF182;PCSK7;SLFN11;C3AR1;STAT3;POMT1;AQP12B;TMSB15B;ATG4A;GPAA1;NAP1L1;PPP2R5D;AAGAB;PDZD7;PLS3
52,ZNF546;SNHG7;CLSPN;APLF;MSH4;SIGLEC15;RNPEPL1;MYO5B;CACNA1E;MARVELD3;CHRNA6;CNPY4;STXBP3;UCK1;ITGB1;HS3ST1;GOLGA6L5;C3;C1orf35;C14orf128;DGAT1
53,FAM83G;LSMD1;HNRNPR;TCOF1;SLC12A3;EHMT1;SPAG7;FNBP1;TTC13;STUB1;UBE3C;PLCL1;TP53I3;ZNF808;UAP1L1;RBP1;KCNH4;SIDT2;ZNF275;TBC1D3B;HIF1A
54,ZNF700;TSPYL2;TIMP1;DAGLB;STX4;PAIP2;LGALS2;EEF1A2;OSBPL1A;THBD;GATSL2;FBXO8;S100A12;KCNH2;ZNF546;SGK196;MCOLN2;GRM2;ALDH8A1;PPP1R1B;CELSR3
55,NPHP1;ERN2;PPP2R4;VPS11;MRPL3;THRAP3;GAPDH;APEX1;KLHL15;ELF5;SNRPN;LOC728643;LYPLA2;SNORD10;HMP19;LRRFIP2;DHFRL1;ZDHHC4;ARID4B;10431;UBN2
56,CAPRIN1;MTUS1;JAGN1;DLL3;UQCRC2;TRIM28;REXO1;AMPD2;EIF2A;ZNF792;SCAMP1;KCNJ16;ELK4;CRLF1;PLEC;PMAIP1;ITGA6;NFS1;VAPB;TNFAIP8;RNF214
57,IGJ;ESPNP;CDK5RAP3;DAPK3;GABRD;LTV1;MXD3;ZNF498;SPRN;ZNF211;SCAND3;KRTAP5-1;DNAJC19;LOC149837;PRR15;PLLP;HARS2;FARSB;FNDC1;FMNL1;E2F4
58,RFX3;NINJ2;ABHD1;CDH13;SLC13A4;YRDC;FAM124A;UBE2F;PPIL4;HSPA14;C7orf10;NR4A2;KIAA1586;C9orf78;NOD1;PRRT1;C9orf163;C11orf48;VAMP3;DIRAS3;TLCD1
59,STARD10;TCEB3;DNAJB14;OLAH;TMEM107;MEF2A;RABGAP1L;EEF1A1;N4BP1;ARRDC1;GIMAP5;RNASE4;ZNF790;MRPS28;BTD;FAM95B1;ABR;CTDSP2;PLCB2;390284;TEKT3
60,CLCNKA;MYST3;OR2B6;PHYH;PSD3;GPS1;NUPR1;SIRT6;RPSAP9;PCDHGA4;SERPINB8;RAB3GAP2;RBM16;NR6A1;EEF1B2;ZBTB24;DDX55;VGLL4;ZNF587;DEDD2;DCUN1D5
61,KLHDC7B;CRTAP;ZNF526;GALNT14;COX7A2;TCP10L;USP33;MEFV;SLC1A1;BUD31;ATF5;C2orf76;RAB8A;DCDC2B;DCN;UCHL1;DEPDC1B;SFRS5;CRIPT;MAN2B2;NUPR1
62,TNFRSF13C;FBXW7;C9orf95;C8orf39;RG9MTD3;HAS2AS;KIAA0319;RPL36AL;RGS6;TCN2;TBL1X;POC5;HIST1H1E;KIAA1109;JHDM1D;DGAT1;HYLS1;NUCKS1;CDKAL1;AURKA;RHBDL1
63,KIAA0556;G0S2;NBEAL2;PRPS1;GPD2;SVOPL;HIST2H2AC;TPPP3;CPT1C;CYB5D1;NEFL;IGF2BP3;SGK1;PRODH;EPHA2;MCPH1;TYK2;CD79B;RILPL2;SNRNP200;AMMECR1
64,AVPR1A;NME6;PRSS16;KCNQ1;WDR11;TSEN2;FIZ1;EIF2B1;PPAP2A;RHOU;IRAK1BP1;ADRA2A;SDS;C17orf97;SLAIN1;AQP7P1;C2orf89;STOM;ZNF721;PLXNB2;MGC3771
65,RPA3;C13orf29;FBXO45;LOC723809;SLC3A1;RGS17;MARK4;DDB1;PROSC;KRTCAP2;TNNT1;CAPZA2;ZNF233;AGA;INHA;NHEJ1;ZSWIM1;AACS;CCL2;FAM57B;SYPL2
66,ST8SIA4;DOM3Z;C14orf37;PAG1;BLVRB;FN1;C21orf128;PPP3R1;FER1L5;NECAB1;RTTN;ZDHHC11;REXO2;PAQR6;C17orf50;CNTN2;H6PD;ACSBG2;CPEB4;TSTD2;AURKAIP1
67,ARL6;FCRL5;TTYH2;SLC16A4;PINK1;YLPM1;SPDYE1;ZNF175;LOC643677;MTX2;ABHD10;MTRF1;KLF5;KIAA0284;DTX1;ACN9;ST7OT4;ZNF323;ADAMTS14;ESRRA;KRIT1
68,PDGFA;WWOX;GJA4;AURKAIP1;ASNS;NCEH1;DDOST;NPHP4;PER1;FN1;CEP350;COPS7A;CRNKL1;STT3B;AKAP9;SLC30A10;PLEKHM1;CACNB2;TLK1;SMYD5;FIG4
69,ZMYND19;KIFAP3;AUH;ZNF345;KLF7;GPR141;LOC641298;OPN3;UBR7;ZNF582;NBPF1;PPAP2B;TPCN1;NAT8L;GSTK1;FLNA;CCDC74A;EID2B;TMEM70;NCRNA00183;HOOK1
70,AKNAD1;FAM155B;HDX;TSGA10IP;VDAC1;SEPX1;VRK3;TSN;CCR7;EMP1;CRYZL1;SNRPD2;NDUFA4L2;TTPAL;LOC344967;LOC644172;SLC47A1;GALNT2;LOC151009;PGM2L1;UGGT1
71,HIGD1A;THSD7A;MT1L;FBN1;PCDHGA3;MBL1P;ZNF790;GGN;GGTLC2;PRSS8;LOC375190;ST6GALNAC2;PRND;IMPACT;TM9SF2;PMM1;PIGL;ZBTB4;C22orf32;LBR;MPZL1
72,MAGI2;DPY19L4;ZNF248;QTRTD1;ATP5F1;CCDC22;E2F7;MCTP1;TFCP2L1;MRO;RHOU;C7orf29;DAZAP2;ZDBF2;MRPS17;LONRF3;RBM43;SEC22A;CXorf56;HKR1;TPH1
73,PPP1R3B;C6orf174;SPRY4;GSTM5;FOXK2;FAM70B;ABCB5;CCDC88C;ZNF141;ANKRD34B;RAB40B;PART1;UROC1;ADC;C19orf62;NT5C3L;EIF4H;LOC100128573;SCAP;ATOX1;TPP2
74,PSTPIP1;8225;GAL;TMEM100;C14orf181;ST3GAL1;C1orf182;RPS2P32;NCRNA00183;SLC16A14;PPM1H;TBX19;PRKCH;MDS2;CMPK2;SKI;FBXL17;SFRS13A;MPV17L;LDB1;SLC48A1
75,NARS2;CYP21A2;MGAM;SIGLEC15;MLF1IP;LOC646471;LOC285033;ZCCHC11;MTMR6;BCL2L12;HCG2P7;TNFRSF4;OSBPL7;ABCB9;KLHL14;LGALS9C;CCDC88B;RAB35;ASB2;PARD6G;C5orf34
76,CD248;MTMR9L;PIGB;HBQ1;ZNF767;PPM1J;SIDT1;GPC6;NPIPL3;SEMA4G;PAPOLG;BCL11B;C19orf54;U2AF1L4;PUF60;NFX1;TIMM44;CSF1R;NOP2;CYTSB;WFS1
77,LBH;ZNF286B;NBPF15;DUSP18;C10orf32;SLC9A10;FLII;PTH2R;KCNK7;LOC100132832;HEATR4;PLAC1;BLOC1S2;NRG2;SMOC2;SOX8;CHST13;AMZ2;MAP3K11;TARP;CHFR
78,KIAA0754;ARPC5;TCTN2;TCOF1;CXorf40B;POU5F1B;KAZALD1;LGALS12;CD48;SH3TC1;DOK7;YEATS4;BARD1;LOC100130872;ZFYVE1;GPA33;QSER1;CD209;CADM1;TLR10;IL17REL
79,ATP5L;ZNF434;PDXK;GSTZ1;POLR2J2;KGFLP2;HNRNPR;GJA3;ZMYM4;IGSF22;GRIK1;SNRNP40;TNFRSF1B;RUFY4;PLEKHM1P;WDR81;PSMB9;PROZ;SLC22A3;OSBPL2;PHF14
80,BMPR1B;APLN;ACBD4;HIST1H3H;C1orf9;ARHGEF17;TBC1D25;EMR1;UFM1;CNR2;SEPT1;TPSG1;ME3;TCEA2;DAAM1;LOC150381;HOOK3;CHODL;WDR54;EEF2;KBTBD11
81,ZFP2;COL12A1;ATR;TKT;PGLS;TSHZ1;NDN;C1orf163;IFFO1;PRC1;RELL2;DONSON;AGTPBP1;FAM53A;RFC1;SH3BP2;CIT;C10orf11;PARN;RBKS;PRF1
82,C3orf57;MOBKL3;ASL;KIF1A;ZMYND17;LOC284276;MITD1;ABCG2;C19orf77;SCG3;NCF1C;WDR13;PGGT1B;FBXO46;ADNP2;SHANK2;CDR2L;SLFNL1;PSMC6;TCF7L2;COMMD8
83,GSTP1;PRCC;ACTR3;SNHG9;AUP1;ABL1;GRAP2;CROT;OTUB2;RPS3A;PLEKHM2;RAB12;NRG4;TMEM41B;LOC646214;CCNB3;PCF11;PRDX2;ABCF1;TCTEX1D2;AQPEP
84,DNAH3;HIST1H2AD;RABEP2;FCAMR;CFLAR;CSDE1;TBC1D23;COMMD4;DOCK7;GRAMD1A;ADAM15;MAMLD1;RMRP;C2orf88;ANKRD36BP1;TBX19;DDX18;NUDT18;TSPYL1;PIAS2;TMEM90A
85,DENND5A;KIF11;WDR52;TLR8;ID2;SHROOM2;LYST;ATP2C2;LEO1;DNAJC18;SERPINB9;REPIN1;SPAG7;ATF1;WDR92;ATOH8;HHLA3;CLSTN3;GRINA;FAM134B;GAL3ST2
86,ABCA5;ZNF565;C16orf61;LNX1;TMEM199;HDAC5;SGPP2;GGT6;RPN2;CCDC158;PGM1;FTL;UPK3B;EPC1;DAND5;ANKIB1;ASPDH;ZDHHC9;THTPA;CLEC9A;GDPD2
87,DDX17;DOK4;GEMIN5;SGSH;MBD3;NUDT22;FAM96A;HIP1;KIR2DL3;C9orf68;TLR5;NAPEPLD;GPI;HIST1H2AG;NR3C2;LOC284100;ABLIM1;SLC7A2;RAP1GAP2;SEMA3G;RASGEF1A
88,FAHD1;FHOD3;SH3BGRL3;CKAP2L;UBE2R2;MESP2;SNPH;SLC22A23;TTC27;MIPEP;ITGA9;XRCC1;C15orf38;ZNF639;SOX18;KIAA1432;MED22;MS4A6A;PLEKHG6;C1orf91;TTC4
89,PSMB1;B3GAT3;CBFA2T3;COCH;USHBP1;IGLL3;MYO5B;C18orf18;ITCH;RCSD1;D4S234E;SPRY1;POLR2H;QDPR;KDM5C;OSBP;ASB12;ZWINT;RPL37;C6orf134;TRPM6
90,LHFP;TERF1;IGFBP5;GLA;LOC100133957;TSC1;ZBTB9;LRCH1;PDIA5;FAM65C;HSDL2;VPS72;CXCL11;ZNF676;MSR1;STX11;ANKRD37;LOC541473;NUPL2;LRRC42;TOM1L1
91,TRAP1;HLA-DQB1;ASF1A;SPATA18;AGPHD1;CAPN5;SLC38A4;EMID2;TCF15;CEBPE;SARNP;LMAN2L;ERAL1;SEPX1;GK5;EBP;RER1;LOC134466;RHEBL1;SFXN4;C17orf37
92,HBA1;SNHG3-RCC1;PHIP;CITED1;DOHH;C19orf69;HS6ST1;BARD1;NCRNA00094;FAT3;SLC12A2;ZNF397OS;REXO1;HOOK3;TMEM62;CCDC55;PHLDB2;UBL7;C14orf19;KIAA0196;PPIL1
93,KCNH2;OLFM1;GALNT1;ALG12;IMMT;NAP1L4;CTH;PLXDC1;HPCA;ADCK4;ZMYM2;CXCL2;FKBP9L;N6AMT2;C4orf49;THADA;TESK2;UBQLN2;IKBKG;NDRG4;ZNF469
94,PRKCH;OSCP1;TOMM34;C3orf31;KLRG2;MTERFD2;KPNA2;FAR2;LTB4R;PPBP;MTO1;RNF20;PLEKHG7;KLHL20;DPH3;HSPA8;ZNF765;USP48;ADAM22;C14orf105;IRGQ
95,MAD2L1;C14orf167;RQCD1;ACN9;GPR171;LOC643719;SLC16A5;KIAA1370;ADCY4;ATP13A1;PVRL3;COMT;ANKRD5;ST3GAL1;ZHX2;ZG16B;TBC1D25;A2LD1;DZIP1;CDK3;PFDN1
96,AMMECR1L;KLF4;DOPEY1;IQCA1;LRRK2;B9D1;KCNT1;ZNF467;LYSMD4;CHKA;SEMA3F;CTSZ;IFNAR1;PFKFB1;EPX;CRYBG3;LUZP1;WWTR1;PRKRIR;MIER2;ETFA
97,CTR9;ARID1A;POP4;C17orf78;KIAA1009;TSG101;ADCK5;C22orf36;ZNF324;PDE3B;DBP;COPS7A;CHFR;DNASE1L3;FAM175A;MTCH1;FRMD5;FAM153A;CLDN4;LY9;TRMT61B
98,ANGPTL7;RPL32P3;PTH1R;C10orf18;NCAPH;TRPV2;NHLRC2;LYRM2;DCST2;HCG18;TSC22D1;ZFYVE26;NUBP1;A2LD1;RNASE7;CABP7;KIAA0494;STK31;RAD17;EFHD1;RBM4
99,LOC100233209;HYAL1;LOC730101;CCR5;PPP2R2A;C7orf40;ZNF268;ACSM1;BAG4;KRT8;PRUNE2;D2HGDH;ATP6V1G2;KCNAB1;DAZAP2;MGEA5;AKAP10;C11orf45;DUSP1;TMEM178;PAK2
100,C21orf45;RNF185;ST7OT4;RLN1;MORC4;TMPO;EXD2;CACNG4;EMR2;GUCA1B;RGL2;PIK3C2A;MTMR1;CMTM1;ARNT2;ABHD11;ABCA3;GNAZ;LOC389705;CAMK2N1;ZDHHC8
101,LYZ;TMPRSS4;BBS12;MEAF6;DHRS12;MORN2;HIST1H2BG;HYI;GPR21;ZBTB34;NIPA2;KLHL3;C19orf63;PICK1;ATP6V0E2;TMCC1;HNRNPF;DPEP1;SF3B5;TMSB15A;TMPO
102,LUC7L2;CHRNA10;PSPN;ABI3BP;VPS37D;CXCL3;AARS;TNFRSF18;GNRH1;LYG1;IAH1;ACTR2;C1orf116;PHF7;CHRNA6;UTP3;OLFML2B;CLIC3;EPDR1;SLC33A1;SLC19A1
103,TMEM44;SLC35B3;CCDC94;GALNTL2;SLC35A2;BAD;POU5F1;HLA-A;ANKS3;STRA13;SLC22A16;HIST1H2BG;CROCC;RPL35;LRP8;CYP19A1;FAAH2;KHDRBS1;YEATS4;PLCXD1;C11orf17
104,PABPC4L;CYB561;NHS;METTL3;PRKACA;MREG;C9orf47;CACNA2D4;GATA6;HDAC10;SNTB1;LOC285830;SYNJ1;CNN3;CD52;SAMD9L;SLC37A2;TAF13;CLEC2L;KCNMB1;ZNF81
105,EIF4A2;MRPL9;C15orf42;H2AFB1;RSPH1;RIF1;CLDN14;PRKD2;DDR2;PCDHGB2;IL23R;KIF23;LSR;FMNL1;SEC62;C6orf47;PCDHB19P;HINFP;FNTB;LZTR1;CD177
106,CASP8AP2;EGF;MLLT4;PIP4K2B;TEX9;SYNPO2;C15orf26;C9orf91;PHC2;TP53RK;SLC38A5;TBXA2R;PI4KAP1;NUDT4;LGALS12;P2RX7;C19orf46;ZNF91;PROS1;ATP2A3;PCMTD1
107,KLC4;INCA1;C12orf34;COL4A1;DCBLD2;SF3A3;C11orf65;RNF113A;AP1S3;RSPH3;CNR2;EEPD1;FFAR3;KLHL29;C17orf95;MSRA;PSMB10;TCEA1;FBXL7;DNAJB5;WDR5B
108,NT5DC1;PRR4;MED22;MRFAP1L1;CR1;LYRM5;C6orf150;C14orf2;FKBP4;POLRMT;BNIP3;AGBL4;CASP4;FAM161A;RPL23AP7;KIAA1598;ZEB2;IQSEC2;PFDN2;OSBPL1A;ARHGAP33
109,ADCY10;BCDIN3D;ADAP2;ITGA10;MED30;CSE1L;PKIG;KIAA0495;NDN;MFSD8;HAL;POLR3E;RUNX1;FGFR1OP;TEX10;PNLDC1;C9orf3;CD69;NDUFA10;EP400NL;RPS6KA5
110,SIRPG;MCAT;ANKRD44;DFNA5;KIAA0556;PRKAA2;SGK494;FFAR3;M6PR;SECTM1;C12orf72;CSNK1A1P;COPZ1;TMCC2;S1PR5;STAG3L4;LOC387646;DKK2;TSKS;HERPUD1;DCPS
111,PGBD1;UBN1;METT5D1;DIP2A;COMMD3;ZNF446;ACOXL;UROS;LPP;VAMP7;KIAA1586;SLC30A10;C19orf42;DSTN;ZFP82;ARHGEF7;PIGT;TIMM9;GTF2IP1;BRPF3;MRPL2
112,DNAJC14;C17orf96;ZC3H12B;ZNF592;LAP3;TIGD6;FLJ26850;PIK3R5;LRCH1;ODF3L1;CCRL2;CRB3;KEL;CD1E;MIR17HG;SCCPDH;FAM184B;GAS2;HS3ST3A1;UBXN10;SPNS2
113,TMEM223;UNC80;DLX2;LILRA3;AURKAIP1;CD244;LOC220729;TEKT4;UBOX5;PCSK1N;SKI;SETBP1;HAAO;DPY19L2;TTC15;ATP8B3;ABHD8;TRIM17;TRPM6;KIRREL3;ADAMTS5
114,ACAN;ZNF367;USP44;COMMD6;DAGLB;WDR43;SSBP3;C6orf97;NPAS1;INO80;ZHX2;CA14;SH3TC1;WEE1;BRAF;KRTCAP3;SNX9;BCL7C;KLHDC7B;ZNF93;NT5DC1
115,FARP1;KLC2;HAPLN4;TGS1;HLA-DQB1;SLC30A9;C14orf79;EFR3A;CRYZ;MTMR2;ADORA3;COPS5;CYP2U1;SUMO1;ORC6L;POLR3H;BCL7B;FAM3C;RB1;LOC647979;RAB7L1
116,MTMR1;MEIS2;INTS3;TPCN1;ATF7;CBWD2;PPP1R12C;DEK;VPS36;TMEM233;CTU1;PIP5K1P1;WDR17;TOR1AIP2;RASSF2;IGSF11;UBA52;CIAO1;C17orf85;GPR68;SYBU
117,CHRAC1;MAPKAPK3;DKK3;TTC13;RNF111;MEG3;AURKC;NR6A1;ZNF815;CLDN14;RXRB;TACC1;HARS2;PICALM;PHOSPHO1;MARCH9;CLEC6A;C5;ZNF491;INTS10;SOX18
118,HEYL;SLC40A1;AP1M2;SGPL1;SLC7A9;ALDH16A1;PMS2;HHIPL1;NCOA6;PTP4A1;C14orf128;CLDN10;KISS1R;ELP4;AKAP1;DNAI2;MICB;TADA3;CMKLR1;NAE1;RSC1A1
119,PEF1;LRRCC1;GPR141;ITIH2;IAH1;ARHGAP9;ABCC10;MALL;FIGNL1;CLEC2D;PSMD7;C1orf91;CHERP;UBAP2L;PACSIN1;C13orf23;FLNA;RWDD3;RARRES3;RBPJ;ABHD8
120,LINS1;TTC39A;SETX;KLHL5;GPR172A;GPX3;AP3B2;RPGRIP1;VPS13C;KCNJ12;THRA;CTLA4;C11orf31;KIAA0652;NPFF;NTN4;LRP2BP;XAF1;WNT1;ABCG1;FYN
121,SYK;SOHLH2;C9orf103;CD109;CNPY2;MELK;KCNIP2;MFSD4;VSTM2L;KCNJ5;LPGAT1;REPIN1;RNF121;NPTN;C15orf56;APOA1;C20orf177;SCARNA6;GLI2;SSBP2;FBXL14
122,B3GALTL;LOC641367;KIAA2022;MICALL2;ZNF626;ELOVL5;MESDC2;TEC;ITGB3;LASS2;OLFML3;KCNH1;IFI44;GCLM;ZNF202;ICT1;POU6F1;STMN3;SCFD2;MRPS26;HCK
123,GAMT;CCDC144A;AIG1;CEP63;C20orf202;AKR7A2;PGRMC1;AMDHD1;SYT11;LOC100170939;FAM167B;YBX1;RAD50;OCRL;FAF2;LFNG;DTNA;TMBIM6;C2orf67;RPL26L1;TCEAL4
124,ZNF490;FOSL1;SDHAP2;SF3B1;INTS2;DMD;RAB2B;GYLTL1B;HIRA;SDHC;FAM127A;EPHB2;SF3B3;LSM14A;DNAJC5B;HLCS;HOXA5;GSK3A;C7orf50;NKIRAS1;CASC4
125,ALDH3B2;HHIP;CLTC;DNMT1;ABHD3;DCTN6;TMEM133;CTPS;PTGES;LIAS;RPS17;RPS5;EED;MED12L;ZNF711;LMX1B;BUD31;TMEM167A;AMH;AGPS;HKDC1
126,PSMD9;MYO18A;TPST1;MATN4;ALPK1;CC2D1B;HMOX2;CCDC97;CTBP1;ANKS6;ARL9;GMCL1;BDP1;ZNF17;PNPT1;ADAMTS17;IRF3;HIST1H4J;PRPF6;METT5D1;ZMIZ2
127,ACTN3;PHLPP2;MYLK;FGL2;NSUN4;BRD2;PDZD4;KIT;TNK2;P2RY11;CYSLTR2;IQCA1;GNB1L;USF1;RET;TALDO1;FAM46C;DCUN1D5;RYK;CPSF7;OLR1
128,NUDCD1;C12orf11;LRP11;NDUFB8;MGC3771;NDUFB2;ARGLU1;DKC1;FTSJD1;HSPBP1;C6orf47;PATZ1;FABP2;SFRS2B;ITCH;DCUN1D2;FAM114A1;DOCK2;ARHGAP26;FUT1;TMEM126B
129,CCDC85A;LOC100129637;COL4A3;HIST1H3F;C1RL;SRRM5;RNASEN;PGCP;CMTM7;ZFP92;EMR2;CXCR7;HRH2;ARV1;EDF1;GLTSCR2;LYN;ZNF251;HIST1H4B;ADORA2B;LOC440944
130,GLE1;LZTS1;CHD2;PDCD5;SMARCA5;RNF139;JUNB;NSUN5P2;SLC39A7;NOS1AP;OGT;ADRBK2;LRRC37B;HNRNPA3P1;CACNA1F;MOV10L1;DLL1;FLJ39582;NPIP;OSGIN2;STAG3L3
131,TRIM65;CALU;NIPBL;CCIN;LRP10;MAMLD1;LENG9;ZCCHC4;COG1;PHLDA2;TXLNG;ERI3;RAP1GDS1;C1orf151;NMT2;GPD2;FZD7;APRT;CYTH3;ZBTB16;ANGPT1
132,GTF3C3;SERF2;BEND5;TSIX;KRTAP5-9;ATP5O;OMP;HNMT;PDK4;CD151;GYS1;OSBPL2;UBE2NL;EID3;LRFN2;BCL2A1;NEURL1B;CXCR3;TNN;MERTK;DUSP7
133,PRR11;P2RX4;KIAA1279;PRSS30P;EVL;ATP8B2;PLXNA2;FDX1L;TSPO;E2F3;DOCK9;TNIP1;PEX13;ZC3H13;CD160;SIGIRR;CCDC138;C16orf54;FAM177A1;PKDREJ;ERN2
134,GNAL;SPTLC3;GLYATL1;KANK2;COL6A6;GAPVD1;COPS5;LRP6;PMS2;IKBKE;RCCD1;GGT1;ARHGAP25;ANKH;LRP5L;TIMM9;TCN1;IQCH;SLC35B4;SAFB;WDFY3
135,KLHL5;SLC29A2;FRMD3;HSPB1;PHLDA3;HGSNAT;DET1;FAH;CTSL2;SH3RF2;C4orf19;HGD;RPL32;MMP24;KRT80;SPON1;DGKH;ZNF202;BLZF1;SS18L1;TACSTD2
136,ATP1A3;PDCD2;CCNL2;CEACAM4;FANCG;TPPP;MYO7B;CCDC36;C14orf34;RPL23AP82;ZNF154;CDC20;PPT2;HNRNPC;SLITRK5;RANBP17;TBCB;SLC39A4;ZNF44;GPR161;HIST1H2AH
137,C10orf47;SLC9A3R2;C5orf62;C4orf38;ICOS;KIAA1671;ELF3;RNASEH2A;RPL10;RASSF3;ATP10B;FUNDC2P2;REPIN1;TXNL1;GCAT;BEX1;LTA4H;MRPL22;PIK3AP1;SERPINB2;TPP1
138,CDC73;CD40LG;MFSD6;FKBP1B;CC2D1B;ROR2;SPDYE8P;C12orf47;BAIAP3;B4GALNT4;ZNF628;HPD;TOMM40L;C1orf126;CD244;PRMT6;RAB27A;ZNF649;ICAM1;DQX1;CXXC1
139,SKP1;FAM3C;390284;GFM1;ELAVL4;MS4A7;SCAMP5;UQCRC1;FRAS1;C12orf72;DOCK9;LOC100272217;LRRC26;S100A3;RPL36;WNT3;NDUFAF2;RARRES1;ATP6V0A1;CARNS1;LRRC18
140,TMEM18;SAE1;TTC32;ST7;GNAZ;FCRL6;RMND1;KLHL9;WDR33;C3orf18;NPR2;RAB6A;TGFB1I1;NECAB1;DCLK2;CYP4F3;LQK1;RNF122;RAB41;ADHFE1;C20orf30
141,KIAA1409;TNRC6A;DNAH3;SFRS7;SHROOM2;ITGB5;GUCA1A;B3GAT2;MYRIP;C12orf47;ANKRD45;RDH14;PTPN20B;TMEM223;TMEM64;TOMM70A;FBXO34;EZH2;RCAN3;SCNN1A;GLYATL2
142,GK5;SMPDL3A;FLJ42289;PIM3;ARNT2;PTCD3;STAR;MTX3;PCDHB16;CAMSAP1L1;NRIP2;CUL4A;FXR1;NUP98;ISCU;ARNTL;PSTPIP2;TAS2R5;TBP;HEATR2;ETV5
143,IL12RB2;TCEAL2;TBCE;TMEM185B;CCDC81;STX3;E2F2;LOC153684;PDE4DIP;BRCC3;PIK3CG;P2RY2;COX6B1;CCDC75;LOC349114;ZNF805;FRMD6;ADORA1;DUS2L;DST;MRPS7
144,ADAM8;TMED8;LOC146880;YPEL5;SPEF1;RNASEL;BEX1;LOC400927;SRFBP1;CALM1;SHC1;ANKRD36;ZNF704;C17orf57;HNRNPH1;LCN2;RRP12;CLEC1A;NPTXR;APOBEC3A;SACM1L
145,PEX11A;EIF3A;ENPP2;MLLT1;C17orf76;ITGBL1;RMND5B;CDK4;LRRC4C;STARD3;PIK3IP1;PCSK7;FNIP2;ZNF75A;PRPH;C12orf23;FAM168A;SDHAP3;DYX1C1;GLT25D2;PLCXD1
146,C1orf95;IL6;ANK2;WBSCR22;TCEAL8;CDH4;HHLA2;TNFSF12-TNFSF13;LLGL1;C18orf55;RPL13P5;TNKS2;FBXL16;SLC30A5;AKAP6;AGAP3;MYC;SLC22A18;GOLGA4;PRO0628;SYTL4
147,CSTF2T;LOC653501;POLM;SRC;MPND;ESCO1;U2AF1;PPFIA3;GRB10;PODN;ANKRD42;ATPAF1;C12orf50;SEC22B;CBX8;EPS15;C17orf76;PGF;SOX10;CMPK2;ZNF582
148,METTL2A;JMY;LIPT1;STON1;S100A6;LOC642826;PHLDA2;SETBP1;TOLLIP;AK5;GSR;PVRL2;MINPP1;SPATA17;ATG16L2;BCOR;CALB1;CDAN1;FAM117A;DLEU7;VCAN
149,ZFHX4;FAM174A;CENPA;UBOX5;SNHG1;MTP18;KIAA0240;EGFLAM;DNAH2;BCORL1;ALPK3;TMED7;GLYATL2;ZFP106;STT3A;CHMP1A;RNF217;AMBP;LOC651250;FAM160B2;AGAP3
150,C1orf109;JAM2;ATP10A;WIT1;SPAG4;FSTL1;TMEM185A;RASSF1;MTMR4;NFKBIL2;CLEC18B;C17orf47;ZNF658;CGRRF1;SLC25A37;LONP1;SEC22A;CRMP1;CLIC1;LOC441294;TIGD2
151,CARD11;SAAL1;POU6F1;DMGDH;CD99L2;CRK;TNN;CTR9;ITGA2;GPIHBP1;RPLP2;TMEM140;BEND5;KCNE3;KILLIN;LPPR3;TRAPPC4;C21orf45;TERC;TEP1;RPS20
152,COX7A2L;ATP5F1;GNG5;CCDC82;CUL5;ATP6AP1L;RTEL1;GRID2IP;BTBD2;SEMA4D;TMEM217;SLC7A5P2;FDPS;EPHB1;TC2N;LOC100128292;LOC220729;COL27A1;C7orf64;TSPO2;LRRN3
153,MEN1;ADAP2;MEGF6;MYLPF;LYRM4;ICA1;WNT3;XYLB;KLB;MXRA8;ZNF549;ISY1;LILRA5;VPS26B;HARS2;ANKK1;USP44;NCRNA00085;PTGES;NOP14;TMEM45B
154,NUDT4;UBE2G1;TCF25;ST7OT1;IRF6;SEC24D;F12;CASC1;LOC100132287;MAFB;DIAPH3;CEP164;SLC26A9;CACNA1I;UBB;PTX4;CCDC76;C5orf25;CSTF1;ENDOU;POLA2
155,DNAJB9;C6orf145;SARDH;DENR;GUSB;ZDHHC8P1;IMPDH1;EMX1;EEF2;PLK4;BCL2L15;ARL1;WWP2;CSNK2A1;CARD6;TATDN2;ZNF768;RCOR1;RHOBTB1;HIST1H2BK;C22orf9
156,NBEAL2;ZXDC;AOX1;C2orf88;TMEM26;FAM38B;UBE2G1;C19orf43;HP;LOC100272217;UBE2Z;RTN2;TMEM64;FAM184B;LRRC8B;C12orf72;C9orf78;LSM2;ZNF326;TCP11L2;PTCH2
157,H3F3A;FLJ39653;ZNF644;PCDH9;PODNL1;UBE2M;ATP5B;EFNB3;UCK2;PRPF8;PPP4R4;RPUSD1;CDNF;ICOS;TRIM15;CBX4;PSMD14;LANCL2;ACTA2;CUTC;SECISBP2
158,KCNQ1OT1;SRGAP1;VIL1;TMBIM1;PCDHGB8P;WDR16;C2orf84;C3orf57;GABPB2;PDZD11;HOXB9;PARVA;FTCD;RCC2;FAM150B;PTTG1;RNASEL;TMEM222;PSENEN;R3HDM1;SMPD4
159,CHID1;DARC;ARL8B;FLJ35390;SLC15A2;BCAP31;CDC26;TTC39B;C16orf79;TIAF1;MINPP1;C8orf4;CTH;ZBTB5;TBCD;RAVER1;OCRL;OPLAH;TTC23;FMN1;HCG11
160,LIMD2;NAA30;KLHDC8A;TXNDC15;SGK3;SDCBP;RPL36A;TMEM149;JDP2;VGLL4;ATG9A;HPD;UBA2;MORC3;LASS6;NUP37;HOXB9;CCR5;ECHDC3;RCAN2;LPAR1
161,SIGLEC6;ALDOA;WARS;SYS1-DBNDD2;RAD51AP1;LIN9;CXorf22;AHDC1;ELN;MAP2;PHLDA1;C16orf71;RPSAP58;HAUS7;C2CD2L;WEE1;CASK;CAPN7;SIGLEC11;HKDC1;TIMM44
162,SNX32;NRIP1;MTA3;LOC100286793;OLFM2;FITM1;MFAP5;IFRD1;LOC100132832;PBLD;FOXD4L2;ERO1L;WRAP53;SLFN12L;ZNF302;ATP5J;FAM105A;OR7D2;BAG2;PTPLAD2;UBR1
163,SLC16A2;AHNAK2;HCN3;LOC100286793;HMBS;PPP1R12A;ZBTB25;FAM50B;SMCR8;MTAP;THAP7;LRP6;TUBGCP5;CCNH;SALL2;NUDT1;CA7;C1orf106;KIF22;TRIP4;HIST1H4K
164,TMEM192;DIP2B;SOCS7;MND1;EIF4G2;UBXN1;MCAT;IL17RB;GPR85;C5orf28;CD47;YWHAH;APLN;C19orf46;NEIL3;ARHGAP15;ZNF665;SLPI;SLC38A1;IQCH;FGF14
165,FLOT2;ZNF358;SLC6A13;SKA3;CLDN20;PTRH2;MMP19;LOC221442;ARL13B;CWF19L1;CMTM3;C10orf128;SNAI2;NDUFB6;ELOVL3;SEP15;HYLS1;RNF4;ZNF12;ANKMY1;TAP1
166,LTBR;ARRDC2;SAPS1;C7orf50;HSPB11;SGSM1;S100A11;C14orf135;MDFIC;ATXN3;NLGN4Y;ZNF430;RUNX1;RPP21;C6orf57;SLC12A1;ACSS2;SLC16A11;ERCC1;HHIPL1;RRP7A
167,LEO1;SLC6A6;TRIM58;VEZT;KCNC3;KIF13B;DNAJB4;TMEM132C;MGC70857;RSPH10B2;CLEC4E;GAPDHS;GNPAT;VSIG2;DPCD;NFIL3;PBX4;PINK1;LOC653653;MPP5;ARL17A
168,NIPAL2;PRR12;EIF2AK3;ZFP91;RP2;NEDD9;CCDC88A;FAM82B;VWDE;CTGF;ARPC5L;CST6;POP7;RERE;LPAR3;TTC37;CD48;TP53INP2;DNAH14;PPP2R5C;FPGS
169,SPEG;ARMCX6;C8orf38;TOMM22;PPARA;C13orf37;TBC1D22B;ZNF691;TAF10;WDR52;PNMA3;EFCAB4B;ADARB2;IFI16;INO80D;C8orf48;SENP2;WDR66;COQ6;CHCHD6;DCHS1
170,GAL;MRE11A;CAPN14;NLRP1;SELO;ERF;CCDC120;CBX4;CYP4Z1;KCNE1;BRAF;RTN4RL2;TAS2R14;ARHGEF7;ST13;HDAC5;AIM1;SLC10A4;C9orf7;FDXACB1;OASL
171,WASH7P;PPIAL4G;PHF16;KLF3;DRG1;VLDLR;LOC339047;CAMK2B;AIRE;AMMECR1;SLC35F3;L3MBTL3;WDR66;CCDC81;DCTN6;ICAM4;C6orf170;RECQL4;TCAP;CNKSR3;USP20
172,NHSL2;PLEKHA1;SF3B5;DHX38;SSR1;SPAG17;UCP2;CSGALNACT1;C16orf3;MTMR10;NKIRAS2;DSE;TRIM66;KIAA1841;MAPK8IP2;PRPSAP1;CDK12;USP15;ZNF542;NUDT19;HYAL2
173,CNIH3;FUT4;TLN1;PHF10;CLDN7;TECR;TNFAIP8L1;CATSPER3;HMGA1;SREBF2;CYHR1;NID2;AHR;PHF17;HDLBP;EIF2C3;MOCS3;CREBL2;HIATL1;CABYR;SBDSP1
174,PPAP2B;RFPL1S;SLC11A1;SUPT6H;ATG2A;PRKAA2;FEZ2;CYTIP;ODZ1;GPX1;BRI3BP;HELQ;DNAJB14;TRIM28;KLF4;EIF2AK3;PDE8B;ACOT11;MED31;SNX18;LIMCH1
175,RABIF;JTB;MAGI1;RAE1;CXCR2P1;PAN3;LEMD2;RNF31;CDK2AP1;GABRD;MRPS12;HMBOX1;RAG1;HNRNPL;ENGASE;RNF149;HNRNPD;GPR45;PGAM1;C16orf63;UBE2Q2P1
176,RIC8A;PBX4;DEM1;C1orf162;PRO0628;NOLC1;BHLHB9;CEBPG;USP2;GIMAP1;CIZ1;NCEH1;RGS3;SLCO4C1;MX1;PBLD;SERINC4;FAM182B;CENPJ;BOD1;KLHDC2
177,MMP7;FAM53B;TBC1D3;CABLES2;TTC8;ADAMTS1;FAM131A;PRKAR2A;GPR141;LARP1B;SLC2A4;LETMD1;WDFY2;RPL22L1;GLIS3;C11orf59;LOC389705;KIFC2;RRS1;C1orf226;FOXO3
178,PPM1B;HSPA13;ST6GALNAC6;MEF2B;IGF2BP2;FAM167A;CCL4L2;PDPR;NUP35;MEPCE;USF1;LCLAT1;TIMM13;MADCAM1;HEXA;GBP3;C16orf54;SLC22A23;APLF;TNFSF12;KIAA0247
179,DENND4C;KLC3;STON2;RAP2C;IPO11;CCDC18;TLE1;SCARNA6;GANAB;MIXL1;KCNV2;TMEM149;TLL2;C16orf7;SLC6A6;PNN;PHOSPHO1;TCP1;DAND5;GINS3;APCDD1L
180,MMRN2;PRIM1;ELAVL1;PIGN;TMEM108;E2F8;CIC;LOC391322;SAMD4A;ADAMTS3;RPS29;ING1;LCA5;DNAJC5B;GGA2;DCDC2B;TLE1;GLYATL2;P4HA1;GNAT2;GFM2
181,VBP1;CTNNBL1;INO80C;KIF26A;MGC16142;ERAL1;HGD;AGAP7;TMEM123;PAPD7;WSB1;EP400NL;PPAPDC3;AIFM2;RBM43;TBC1D16;GJD3;SIGLECP3;ZNF839;SULF1;C1orf89
182,KRTCAP3;THEM4;SEC61A1;PRX;USP53;APEH;LOC339524;MFAP2;NOC3L;PRR5L;PMVK;ADAT1;MSLN;RAB3IP;PPP2R3C;NAALADL1;FAM89B;AK5;OVOL1;LAMB3;IL17B
183,CCPG1;MCM6;GNL1;ELL2;PDZD4;WDR93;ADC;CACHD1;SLC26A11;LOC374491;ASAP3;CGREF1;AFAP1L2;C1orf163;COG4;CCDC47;ATP10A;ZNF747;H1F0;CCDC87;C1orf86
184,AGL;RNASEH1;MAN2A2;LCT;CISD1;TRAF3IP2;ATP6AP1L;RAB11FIP2;TLN1;RNF220;GRHL1;ZC3H12D;ATPIF1;HIST1H3A;CYB5R4;CORO1A;LOC253724;C7orf53;INO80;MAGOHB;MKX
185,ARHGEF10L;FASTKD5;GGH;ITGAL;SLC12A6;SUSD5;CEP192;ABCA8;NUDCD3;MAMDC2;PPP1R12C;LGALS9;TMLHE;ETNK1;DCP2;KIAA1683;SFT2D3;NHLRC2;CAT;RPL35A;CDK13
186,APPBP2;SDPR;ZNF446;PRKCD;SLC44A2;SORT1;C9orf122;BAAT;BUD31;TLE1;FBXW4;CAPN10;PQLC1;SLC35A5;GATA5;CXXC1;FST;SEMA5A;CIC;TMEM44;LOC647288
187,CENPB;LYRM5;NR4A3;SP110;SLC4A4;LOC100133612;PKN2;AADAT;LOC90834;MFSD6L;CIAO1;BHLHE40;C17orf58;CCT3;ZNF501;LOC728643;CISD2;IMPACT;C4orf37;ST6GALNAC5;LOC653566
188,PLVAP;PMCH;SIRPG;PSMD3;PCCB;C1orf9;GPCPD1;GRINA;RPP30;SERAC1;ACACA;AGBL5;FASTKD2;CECR7;GTPBP1;MON2;ASCC2;RBP2;PABPC4;GUCY1B2;ZNF879
189,PTPN14;PCNP;DYNC2LI1;AMN;HOMER2;PPP2R2C;GPR124;WWOX;ATRIP;EXOC1;VCAN;GIMAP8;RASGEF1B;PRDM11;SH2B3;FDFT1;KAT2B;SLC26A9;CAPS2;MGAT4A;VAV3
190,HIPK4;ABCA13;KRT13;TAF15;DPF2;PROZ;TSGA14;CUL7;INGX;RDH5;LOC100132832;VARS2;GBP6;SLC5A5;BCL3;FBXO41;CLDN4;DUS4L;MIDN;C4orf46;TAPBPL
191,SPIRE2;C2;BAG3;NQO2;TUBA1B;MOCS3;LTA4H;WDR61;GMEB2;LOC399744;CWC25;GALR3;ERI2;SMC4;INO80;CCDC153;TAF4;LAT2;NHS;LRRC25;PLK3
192,PCMTD2;VEGFA;TGIF1;ARPC3;PTOV1;ASH1L;CSGALNACT1;PSPC1;CUTA;ERP27;ZC3H13;ATL2;DTNBP1;GBP3;CMTM3;ZNF189;ZNF714;SATB2;HPN;TCF25;EGFR
193,CAST;PQLC2;CNOT10;HMGB3;MMAB;CASZ1;LRP2BP;TOMM22;POC5;PECR;PTPRA;SGCD;KCNC1;DDX50;MALAT1;HAX1;TNFSF9;OMG;SHANK3;ARHGDIB;PIGR
194,RNF40;DCTD;COPS3;NSDHL;ATG4A;SFRS12;AIMP2;ANXA6;YOD1;TREM2;HKR1;SP1;EFCAB2;ZFP41;GAS2L1;TYK2;KCNA6;POLR2I;FAM102A;NOP58;COL4A4
195,FAM122C;RD3;TWISTNB;TERF2IP;UBE2B;COASY;ZNF582;TM6SF1;SLC12A9;USP53;CBFA2T2;MRPS16;GDF1;RG9MTD1;TRIM16;BAZ1B;TNFRSF13B;GPR34;C11orf83;RBMS3;ENTPD7
196,FANCD2;MKRN2;ERLIN1;SMC5;CHD7;BCL2L10;CLCN3;ERBB3;SMPD3;NACA;SNX32;FBXL4;NSMAF;DACT1;FSCN1;MPV17L;C1orf198;CACNA1H;TP53AIP1;BTG3;CNKSR1
197,C3orf39;TMEM30B;FXR2;MTERF;YARS2;LOC400759;MYOT;BAIAP3;RYR2;KBTBD6;GDF7;TGM1;SHOC2;CIAPIN1;NDUFB7;MPHOSPH6;PWWP2B;WIPF3;WDR34;MLH3;GTPBP3
198,EHBP1L1;RAF1;ROGDI;TRPC6;MAMSTR;LOC646214;AHSA1;CCDC28A;CYTL1;TOM1L2;DNAH7;STAT3;TMEM47;GZF1;BRD4;ARMC2;TIGD2;FANCC;COL25A1;HSDL1;LSM14B
199,SHPRH;ANKRD55;CASP5;IFITM3;ACOT13;NSMCE2;DHX35;RAD23B;HDDC3;ADAT2;THSD7A;TPRA1;LRFN3;SS18L2;TAS2R31;TECPR1;DERA;PRKAA2;HS2ST1;TDRD1;POLD2
200,DDX54;STAC;SH3D20;ATP6V0E1;PCDH19;COL4A6;WNK1;LGR4;HSD17B8;FGFR3;MAP3K12;FBXW2;DDIT4;ZC3H3;TRIM35;OR7D2;KIAA1107;GPR141;FAM104B;CEACAM8;CEBPE
