"patientId","time","status","STAGE","GRADE","TAS","TAS_oof","CC34_ccB","CC34_class","RS16"
"TCGA-3Z-A93Z",12.65739554,0,"I","G1-2",0.280830139774878,0.0276539926948258,2.82855691147156e-09,"ccA",-0.751848500000001
"TCGA-6D-AA2E",11.90123944,0,"I","G1-2",0.65579670502257,0.120541857609713,0.99965037390116,"ccB",-0.217429166666667
"TCGA-A3-3306",36.82151429,0,"I","G3",-0.444284321228468,-0.26855913554038,5.93974375709995e-06,"ccA",-0.239339833333333
"TCGA-A3-3307",47.21044153,0,"III","G3",-0.502965134825565,-0.226432600009425,1.58492131234346e-10,"ccA",-0.936749666666667
"TCGA-A3-3308",0.526021633,0,"III","G1-2",0.548040065613421,0.187417197099929,0.999999710723411,"ccB",-0.488418666666667
"TCGA-A3-3311",39.15573528,1,"I","G1-2",-0.242503304485312,-0.13594899919805,0.999794338935219,"ccB",-0.503102333333334
"TCGA-A3-3313",24.16411875,1,"I","G3",0.824148663912028,0.363235842129996,0.992693372546392,"ccB",0.0320983333333338
"TCGA-A3-3316",49.0843936,0,"II","G3",-0.436718926964806,-0.247689501611703,0.999999999907254,"ccB",-0.159630166666667
"TCGA-A3-3317",49.01864089,0,"II","G1-2",-0.188586395049029,-0.00517167932681077,0.999998143548835,"ccB",-0.626943333333333
"TCGA-A3-3319",37.15027781,0,"I","G1-2",1.86727494742694,0.675260651533865,0.999999992180274,"ccB",0.404449833333333
"TCGA-A3-3320",49.57753888,0,"I","G1-2",-1.11094629289601,-0.60298345672575,2.87240858674972e-11,"ccA",-1.2100975
"TCGA-A3-3322",48.59124832,0,"I","G1-2",-0.089236486886037,0.0315090785202735,7.00644913897381e-08,"ccA",-0.5904695
"TCGA-A3-3323",36.36124536,0,"I","G1-2",-0.381175335460823,-0.0761763852209551,0.994268491361428,"ccB",-0.953801833333333
"TCGA-A3-3324",38.99135352,0,"I","G3",-0.0389482155046932,0.0913304871795908,3.42687715385788e-11,"ccA",-0.601469333333333
"TCGA-A3-3325",38.46533189,1,"I","G1-2",-0.0804122353212964,-0.101170997908691,1.0357725156134e-05,"ccA",-0.730501666666666
"TCGA-A3-3326",37.38041227,0,"I","G1-2",-0.476640002792019,-0.186836005647141,1.2331738403842e-06,"ccA",-0.9914005
"TCGA-A3-3331",48.82138278,0,"I","G1-2",-0.703418882597862,-0.33974782265839,1.63341482077625e-09,"ccA",-1.021471
"TCGA-A3-3335",62.00479995,0,"II","G4",0.440301317883148,0.170512279055328,0.999501979389848,"ccB",0.207655666666667
"TCGA-A3-3343",31.06815268,0,"II","G3",-0.505333643924264,-0.285553094164136,8.8797533024498e-11,"ccA",-0.726147333333333
"TCGA-A3-3346",4.50406023,1,"I","G3",1.75241150594724,0.826363282258263,0.999999999995554,"ccB",1.38212016666667
"TCGA-A3-3347",52.93092678,1,"III","G1-2",0.662296264197328,0.371827498933051,0.99999999999981,"ccB",-0.00730600000000031
"TCGA-A3-3349",45.53374758,0,"I","G1-2",-0.2617312706488,-0.111783037077664,0.122277653587931,"ccA",-0.836195666666667
"TCGA-A3-3351",29.91748036,0,"II","G1-2",-0.675123072289674,-0.284834869485793,9.03242902337836e-05,"ccA",-1.0064855
"TCGA-A3-3352",18.44363349,1,"III","G3",-0.740638965764558,-0.483423448264936,5.49105512220277e-10,"ccA",-0.900982333333334
"TCGA-A3-3357",88.37163428,0,"II","G3",-0.63351531296437,-0.314486301507939,1.5557610262949e-06,"ccA",-0.6946525
"TCGA-A3-3358",42.96939212,0,"I","G1-2",0.160303351505276,0.107604081601146,0.999942539987115,"ccB",-0.534714166666667
"TCGA-A3-3359",82.32238551,0,"I","G1-2",-0.701580161915359,-0.36533797626955,1.40310636414116e-10,"ccA",-1.39786083333333
"TCGA-A3-3362",51.25423283,0,"I","G1-2",-0.347464273356741,-0.107776451677436,3.49090732073376e-06,"ccA",-0.8525135
"TCGA-A3-3363",10.4875563,0,"II","G1-2",0.450374264362099,0.267296617296798,0.971367308867856,"ccB",0.564883666666666
"TCGA-A3-3365",28.70105533,0,"I","G1-2",0.286135047591622,0.0600594905243838,0.00332287263490004,"ccA",-1.259912
"TCGA-A3-3367",74.62931913,0,"I","G3",-0.786355846549584,-0.41475935337824,9.23361137446817e-08,"ccA",-0.809850666666667
"TCGA-A3-3370",74.76082454,0,"I","G1-2",-0.528615773733435,-0.204062271387038,1.04110195606318e-06,"ccA",-1.092885
"TCGA-A3-3372",24.16411875,0,"III","G1-2",-0.255665218482721,-0.0693570040153208,3.85370158095883e-09,"ccA",-1.38528333333333
"TCGA-A3-3373",53.29256666,0,"I","G3",-1.48418205924002,-0.689187818666235,1.75204965638456e-06,"ccA",-0.916153833333334
"TCGA-A3-3374",43.19952658,0,"I","G1-2",-0.814297452394083,-0.484860717249099,0.999999684425473,"ccB",0.3119595
"TCGA-A3-3376",55.75829306,1,"I","G1-2",-0.504738206508954,-0.286920145881859,0.0637491230829779,"ccA",-0.807232333333334
"TCGA-A3-3378",20.71210179,0,"I","G3",0.923507818454482,0.424205621961914,0.999999858927574,"ccB",0.122711666666667
"TCGA-A3-3380",18.64089161,0,"I","G1-2",-0.305337347291159,-0.0873180646512077,4.7756283063791e-06,"ccA",-0.7701785
"TCGA-A3-3382",18.87102607,0,"I","G3",-0.645260858979477,-0.288364534515859,0.999997138416566,"ccB",-0.548652166666667
"TCGA-A3-3383",28.30653911,0,"I","G1-2",-0.262555070676513,-0.0357239553133523,2.97973765043847e-10,"ccA",-0.491993166666667
"TCGA-A3-3385",65.52256962,0,"I","G1-2",-1.07367141475791,-0.470216655368912,1.21283779834551e-09,"ccA",-0.539918833333334
"TCGA-A3-3387",20.28470921,0,"I","G1-2",0.0336001851577184,-0.0556715436492841,0.999999999901057,"ccB",-0.2600605
"TCGA-A3-A6NI",33.46812638,0,"I","G3",0.125885894651914,-0.00146690477958526,0.999976897571228,"ccB",-0.278339
"TCGA-A3-A6NJ",15.38613276,0,"I","G1-2",-0.489090339909284,-0.263015699475658,3.60996453209318e-08,"ccA",-1.22415716666667
"TCGA-A3-A6NL",22.65180656,0,"I","G1-2",0.0355343164990709,0.0355398916085354,1.18043597715571e-07,"ccA",-0.849496666666667
"TCGA-A3-A6NN",0.098629056,0,"I","G1-2",-0.393136457867193,-0.272284133088098,1.31199572326449e-06,"ccA",-0.971320333333334
"TCGA-A3-A8CQ",0.098629056,0,"I","G1-2",-0.703331795725119,-0.384941110097436,2.66773884218674e-09,"ccA",-1.13985466666667
"TCGA-A3-A8OV",11.17795969,0,"I","G1-2",-0.00350622296634292,-0.121397821591981,4.98337348023223e-12,"ccA",-0.523358
"TCGA-A3-A8OW",10.61906171,0,"III","G1-2",-0.680000271695575,-0.323753718821579,4.55676862253459e-10,"ccA",-1.21553783333333
"TCGA-AK-3426",29.09557156,1,"III","G3",2.20959252818877,0.926729248743381,0.999999999980972,"ccB",0.524437833333334
"TCGA-AK-3428",122.5630404,0,"III","G1-2",-1.70716993888737,-0.737339136585465,0.000697768610585014,"ccA",-0.704162333333334
"TCGA-AK-3429",109.4124996,0,"II","G1-2",0.36416813794455,0.163040704399287,9.20049413576779e-09,"ccA",-0.8140815
"TCGA-AK-3431",73.67590492,1,"II","G3",-0.0363408802008876,-0.0427564822556502,0.999989707360781,"ccB",-0.137643
"TCGA-AK-3434",68.61294671,0,"I","G1-2",-0.0281401366023256,-0.0341753656715393,2.34481796382838e-07,"ccA",-0.637881
"TCGA-AK-3436",109.5111287,0,"IV","G1-2",0.204145656368122,0.0406295751174293,0.999993776138309,"ccB",0.253424666666667
"TCGA-AK-3440",94.1907486,0,"I","G3",-0.446268763531035,0.215239412286092,0.999998930378088,"ccB",-0.101511833333333
"TCGA-AK-3444",48.36111385,0,"I","G1-2",-0.507436156019207,-0.248980540395799,1.11920724850865e-10,"ccA",-1.22902683333333
"TCGA-AK-3445",78.64023408,0,"III","G3",0.90904301749628,0.442019292853443,0.999999999283934,"ccB",0.0940081666666664
"TCGA-AK-3447",40.01052043,0,"II","G1-2",-1.52860787813408,-0.21799118542073,0.999512102333052,"ccB",-0.0130806666666671
"TCGA-AK-3450",58.48703028,0,"I","G1-2",-0.798330111898959,-0.330046778930101,0.000658971553171124,"ccA",-0.8846175
"TCGA-AK-3451",94.28937765,0,"II","G3",0.130477948965596,0.295586461499608,0.0103042991496988,"ccA",0.0315468333333334
"TCGA-AK-3453",83.21004701,0,"II","G1-2",0.748552799960953,0.44972873587826,0.106965416959426,"ccA",0.5232105
"TCGA-AK-3454",28.73393168,0,"I","G3",-0.595538188344728,-0.268898652250123,1.81634884388813e-10,"ccA",-0.813737666666667
"TCGA-AK-3455",22.45454844,1,"III","G3",-0.762205772535169,-0.317090745747184,1.45258118799776e-05,"ccA",-0.442576
"TCGA-AK-3456",37.57767038,0,"II","G3",-0.989827424914075,-0.457884687370858,0.999824119898155,"ccB",0.354089
"TCGA-AK-3458",38.39957918,0,"I","G3",0.129632501888272,0.0664599509445254,5.58361990770085e-05,"ccA",0.2312565
"TCGA-AK-3460",82.45389092,0,"I","G1-2",-0.401777805660391,-0.265511323862707,5.03297857341946e-06,"ccA",-0.870997
"TCGA-AK-3461",72.88687247,0,"I","G1-2",-0.161509118590518,-0.0713981444449345,0.982290608729269,"ccB",-0.978263166666666
"TCGA-AS-3778",1.413683138,0,"I","G1-2",-0.488274985043759,-0.262625617065616,0.0110531171286993,"ccA",-0.877911333333333
"TCGA-B0-4688",3.320511556,1,"IV","G4",2.29784467117178,0.762616794701063,0.999999037412551,"ccB",2.31963333333333
"TCGA-B0-4690",1.413683138,1,"IV","G3",0.910093699859003,0.267856405291707,0.999999999999206,"ccB",0.6773455
"TCGA-B0-4691",4.569812934,1,"IV","G3",1.43446238432103,0.538293161616684,0.999999999819478,"ccB",0.398675833333333
"TCGA-B0-4693",2.531479107,1,"III","G4",-0.377787738525382,-0.218342205806908,7.45745612710498e-06,"ccA",-1.09623016666667
"TCGA-B0-4694",3.484893316,1,"III","G4",0.0803284635557222,0.113683504442499,0.999999956593891,"ccB",0.0166148333333334
"TCGA-B0-4696",28.47092087,1,"III","G3",3.60881048648212,1.05135542106617,0.999999714546725,"ccB",2.18500566666667
"TCGA-B0-4697",19.00253148,1,"IV","G4",1.72685694136786,0.968577362647442,0.999999999884145,"ccB",0.628308
"TCGA-B0-4698",1.380806786,1,"IV","G4",3.71180317165017,1.43881804061228,0.999999969701779,"ccB",2.16583
"TCGA-B0-4699",3.616398724,1,"IV","G4",0.531858778632493,0.100384520873169,0.999999905119156,"ccB",1.0478405
"TCGA-B0-4700",65.09517704,1,"IV","G4",1.76509901639577,0.804204940400758,0.999999999997771,"ccB",0.320645333333333
"TCGA-B0-4701",7.824571786,1,"IV","G3",0.161208255032261,0.016083964839598,0.855257561396245,"ccB",-0.262375166666666
"TCGA-B0-4703",5.983496071,1,"IV","G4",1.00192711999333,0.376820784044796,0.999999999948221,"ccB",-0.126701166666667
"TCGA-B0-4706",2.136962883,1,"III","G4",1.28035841784724,0.536437384500022,0.0575722363094483,"ccA",-0.1162645
"TCGA-B0-4707",19.72581122,1,"III","G4",0.496157629612633,0.203802061305096,0.999999938894974,"ccB",0.593639
"TCGA-B0-4710",57.69799783,0,"III","G3",0.286340049789624,0.165630363301849,0.0197437242401258,"ccA",-0.396903666666666
"TCGA-B0-4712",43.95568268,1,"IV","G3",1.00066668815497,0.417502360513401,0.999999999970014,"ccB",1.116432
"TCGA-B0-4713",6.641023112,1,"III","G1-2",-0.0217144523427046,0.0382719800388941,0.999997477015668,"ccB",0.279974
"TCGA-B0-4714",3.254758852,1,"IV","G3",1.09117176427216,0.659638207042451,1.31772818680127e-06,"ccA",-0.739175666666667
"TCGA-B0-4718",58.45415393,0,"III","G1-2",0.455379341433296,0.360307203590988,0.00212785553333758,"ccA",-0.2346335
"TCGA-B0-4810",15.71489628,1,"III","G3",1.11346578881316,0.61143304187866,0.999999995931792,"ccB",-0.262409833333333
"TCGA-B0-4811",46.58579084,1,"III","G3",1.14461664629832,0.313168707285212,0.717538015645489,"ccB",0.0406090000000001
"TCGA-B0-4813",0.591774337,1,"III","G3",2.61905144648257,1.40649801854899,0.999999999077214,"ccB",1.73580816666667
"TCGA-B0-4814",5.523227143,1,"IV","G3",-0.625975134674606,-0.214532901008314,8.59849042555502e-06,"ccA",-0.4424845
"TCGA-B0-4815",52.20764704,1,"III","G4",2.09035450208108,0.730453380175881,0.999999999999872,"ccB",-0.0148635000000003
"TCGA-B0-4816",45.07347865,1,"II","G3",0.38182390288233,0.0756525044277516,0.0249935194457743,"ccA",-0.599306333333333
"TCGA-B0-4817",33.50100273,1,"III","G3",1.73949957013361,0.617890703566016,0.999999934724181,"ccB",0.420257333333334
"TCGA-B0-4818",16.76693954,1,"II","G3",-0.31887800462488,-0.189694455540038,7.8465057936212e-10,"ccA",-1.08892866666667
"TCGA-B0-4819",6.016372423,1,"IV","G4",1.48747973185397,0.885291563636528,0.999999999761691,"ccB",0.0141211666666668
"TCGA-B0-4821",40.43791301,1,"III","G3",3.11696323520092,1.761542075078,0.999999998226696,"ccB",0.931431166666667
"TCGA-B0-4822",36.52562712,1,"II","G4",2.0747055460302,1.00570868133259,0.999999981716056,"ccB",0.0941818333333336
"TCGA-B0-4823",14.92586383,1,"I","G1-2",-0.578237599487907,-0.265558599284101,0.966543433872849,"ccB",-0.7979835
"TCGA-B0-4824",54.47611533,1,"I","G3",-0.514145329057449,-0.216317089551351,9.06542583206839e-09,"ccA",-0.882895166666666
"TCGA-B0-4827",29.09557156,1,"III","G4",2.27811480354066,0.845595359949628,0.999998210489727,"ccB",-0.133226166666666
"TCGA-B0-4828",10.09304008,1,"IV","G3",0.140719568501662,0.153675882631373,0.0552721547341865,"ccA",0.240644166666667
"TCGA-B0-4833",78.44297597,1,"I","G1-2",0.578303452717945,0.127659884382199,5.20162816853644e-07,"ccA",-0.817261
"TCGA-B0-4834",68.71157576,1,"I","G3",-1.07863866236638,-0.6864395261671,0.999979206994918,"ccB",-0.564711833333333
"TCGA-B0-4836",40.70092383,1,"IV","G3",1.03744849022357,0.637670632741934,0.999999999996414,"ccB",0.0695769999999999
"TCGA-B0-4837",45.30361311,1,"I","G3",0.148122840534252,-0.0385608823846774,0.999999880697356,"ccB",0.538798833333334
"TCGA-B0-4838",27.4188776,1,"I","G3",-0.117133781497877,-0.154917015954246,6.28654842474491e-07,"ccA",-1.2234205
"TCGA-B0-4839",53.88434099,1,"I","G1-2",0.117457679353045,-0.0567366652142855,9.7699529129732e-06,"ccA",-0.4730085
"TCGA-B0-4841",6.706775816,1,"IV","G3",0.408014455657092,0.373471857139639,0.154303282250464,"ccA",-0.511210833333333
"TCGA-B0-4842",56.67883092,1,"III","G4",2.55743335526111,1.20851275595993,0.999997819892113,"ccB",0.630437666666667
"TCGA-B0-4843",10.52043265,1,"III","G3",0.996829424987408,0.4725975057675,0.999999971772607,"ccB",0.684131
"TCGA-B0-4844",10.29029819,1,"IV","G3",1.33631967065873,0.812540616153754,0.999895034712504,"ccB",0.567661
"TCGA-B0-4845",65.29243515,1,"IV","G1-2",0.436226066362005,0.208814919019313,5.86467623855842e-09,"ccA",-0.9641825
"TCGA-B0-4846",39.45162245,1,"IV","G1-2",-0.699246029381667,-0.391209227824941,6.1725696486852e-09,"ccA",-1.03156966666667
"TCGA-B0-4847",26.07094717,1,"IV","G3",1.16833530054504,0.433335048217894,3.83626963708663e-05,"ccA",-0.153275
"TCGA-B0-4848",29.02981885,1,"III","G3",0.253312064848338,0.143291234147349,0.999999999999039,"ccB",-0.0906015
"TCGA-B0-4849",2.268468291,1,"III","G3",0.177113499326991,0.0791260846263585,1.9690740604248e-08,"ccA",-0.719642333333334
"TCGA-B0-4852",36.85439064,1,"II","G1-2",-0.510305534920603,-0.234806412190339,5.24990937944408e-05,"ccA",-0.479221666666666
"TCGA-B0-4945",70.51977513,1,"I","G1-2",-0.533204332107533,-0.246088994250177,0.00113987607888013,"ccA",-1.09470316666667
"TCGA-B0-5075",20.94223625,1,"III","G1-2",-0.570217057422168,-0.299901911734835,0.769767128219954,"ccB",-0.361719833333334
"TCGA-B0-5077",43.29815564,1,"I","G3",-0.291578262433316,-0.186598628496115,8.2919761275133e-07,"ccA",-0.398533
"TCGA-B0-5080",11.2437124,1,"IV","G3",0.390700549564974,0.0902738634301098,0.999999992136878,"ccB",-0.00888449999999991
"TCGA-B0-5081",11.90123944,1,"III","G1-2",0.823494253305102,0.417855338600781,0.999999999991024,"ccB",-0.032441
"TCGA-B0-5083",34.35578788,1,"I","G3",-1.28325894560756,-0.761064983015263,0.99999996651003,"ccB",-0.289772
"TCGA-B0-5084",7.298550153,1,"IV","G3",2.07102880506544,0.986281902375449,0.999999095112198,"ccB",1.33867516666667
"TCGA-B0-5085",25.31479107,1,"III","G3",0.844729768812217,0.363789254638143,4.04828741861702e-10,"ccA",-0.0620299999999997
"TCGA-B0-5088",18.5093862,1,"I","G3",0.419644757194219,0.161286753229111,0.999999218580615,"ccB",-0.533201166666667
"TCGA-B0-5092",15.09024559,1,"IV","G3",1.42214062064579,0.642237712737576,0.999999949433941,"ccB",-0.175894166666667
"TCGA-B0-5094",10.94782523,1,"IV","G1-2",1.49185503977844,0.734758305887036,0.99999999994327,"ccB",0.282334833333333
"TCGA-B0-5095",8.05470625,1,"III","G3",0.639488608510825,0.259932911468261,0.999999999841924,"ccB",-0.0558089999999999
"TCGA-B0-5097",21.86277411,0,"III","G1-2",0.654243952103884,0.195249812504126,0.999999999999799,"ccB",-0.0211648333333333
"TCGA-B0-5098",52.07614163,1,"I","G3",2.01647187249467,0.88112948555665,0.999999915034242,"ccB",1.87153066666667
"TCGA-B0-5099",15.94503074,1,"III","G3",-0.383198870496803,-0.136027717824621,5.5613027897509e-08,"ccA",-0.523013499999999
"TCGA-B0-5100",62.89246145,1,"III","G3",0.896710181576977,0.360439952023057,0.999999999046601,"ccB",0.473087666666666
"TCGA-B0-5102",90.87023704,1,"I","G3",-0.756745260269215,-0.254203330068236,0.00047217459878185,"ccA",0.00630683333333334
"TCGA-B0-5104",90.47572081,1,"I","G1-2",-0.837530065356531,-0.406913360839952,1.58634893505867e-10,"ccA",-0.658954333333333
"TCGA-B0-5106",52.53641056,1,"I","G1-2",0.310304132369882,0.161666408359467,4.90154721288718e-08,"ccA",-0.594860166666667
"TCGA-B0-5107",30.47637834,1,"IV","G4",1.40685639360234,0.740141957945071,0.999998783194457,"ccB",0.700742166666667
"TCGA-B0-5108",58.58565934,0,"III","G1-2",0.498615418483783,0.204981993057229,0.999999997799982,"ccB",0.0931729999999999
"TCGA-B0-5109",19.29841865,1,"III","G4",2.18757438304276,0.983554188095128,0.999999999933659,"ccB",1.02108283333333
"TCGA-B0-5110",66.04859125,0,"I","G1-2",-0.780239970519669,-0.346103922231234,8.13812366172424e-09,"ccA",-1.01918533333333
"TCGA-B0-5113",38.62971365,0,"III","G1-2",-1.09143615189651,-0.509947311940007,8.45273125062228e-08,"ccA",-0.924268666666666
"TCGA-B0-5115",52.73366867,0,"IV","G3",-0.361665841726012,-0.181632446106054,1.8423951139376e-08,"ccA",-1.06937433333333
"TCGA-B0-5116",41.8844725,0,"III","G3",-0.569625886741054,-0.202130889859569,1.84805087764651e-05,"ccA",-0.400771500000001
"TCGA-B0-5117",52.86517408,0,"I","G1-2",-0.853042845602136,-0.306115010286134,0.998339041655904,"ccB",-0.367978
"TCGA-B0-5119",51.02409837,0,"I","G1-2",-0.6336322250587,-0.300938612034408,4.71437922305526e-10,"ccA",-1.18421916666667
"TCGA-B0-5120",38.43245554,0,"I","G1-2",0.160744809057111,-0.00585539824287606,0.142428718673874,"ccA",-0.841887833333333
"TCGA-B0-5121",48.82138278,0,"I","G1-2",0.050129021050274,0.10486242997855,3.24311785135397e-08,"ccA",-0.836866
"TCGA-B0-5399",46.38853273,0,"I","G1-2",-0.324068301584892,-0.145690789909154,0.0281474563395169,"ccA",-0.669872166666666
"TCGA-B0-5400",56.97471809,0,"III","G4",2.95030316464105,1.29277672083601,0.999999914216584,"ccB",0.938651
"TCGA-B0-5402",42.41049413,0,"IV","G4",-1.29779907256691,-0.49713480974928,4.70743829099083e-07,"ccA",-0.742978833333333
"TCGA-B0-5690",111.5165861,0,"I","G1-2",-0.307483594427497,-0.218068848420847,3.43728209458289e-09,"ccA",-1.07444016666667
"TCGA-B0-5691",112.7987639,0,"I","G3",-1.00019982277739,-0.56509164778852,0.999284901950496,"ccB",-1.05661433333333
"TCGA-B0-5692",129.6643325,0,"III","G3",0.0585436082608528,0.0705546722705671,1.25537661504435e-07,"ccA",-0.701465833333334
"TCGA-B0-5693",133.9382582,0,"I","G1-2",-0.857146643715341,-0.412505664923185,3.16260513548754e-09,"ccA",-0.9124045
"TCGA-B0-5694",15.78064898,1,"III","G3",-0.157255129732446,-0.12754850200335,0.988329343001187,"ccB",-0.518558833333333
"TCGA-B0-5695",70.68415689,0,"I","G1-2",-0.284696114874189,-0.14659539012615,7.897817989202e-12,"ccA",-1.08080683333333
"TCGA-B0-5696",85.77440247,0,"III","G4",-0.453533953162843,-0.234768424578557,1.47778609178049e-08,"ccA",-0.4946465
"TCGA-B0-5697",86.46480587,0,"I","G1-2",0.382286719072979,0.207120387741395,0.999999807394604,"ccB",-0.310168333333333
"TCGA-B0-5698",119.3740343,0,"I","G3",-0.578172266413212,-0.249583510536129,1.12510874368448e-07,"ccA",-0.477379166666667
"TCGA-B0-5699",126.2780682,0,"I","G1-2",-0.92565383655924,-0.502300348595186,2.62789177512263e-08,"ccA",-0.738463
"TCGA-B0-5701",80.90870237,0,"III","G4",-0.732482865209683,-0.209526600173263,0.999430492025162,"ccB",-0.394501166666667
"TCGA-B0-5702",71.40743663,0,"I","G1-2",1.3507007426381,1.2285055636277,0.999630171328852,"ccB",0.773219833333333
"TCGA-B0-5703",73.84028668,0,"I","G3",0.322129143816099,0.169209425305961,1.3155413408111e-07,"ccA",-0.1031315
"TCGA-B0-5705",149.1600092,0,"I","G1-2",-1.99349619341278,-0.650607109590922,3.72775405557568e-11,"ccA",-1.1243645
"TCGA-B0-5706",105.3687083,0,"II","G1-2",0.481009761608833,0.166226348094907,0.999999998126277,"ccB",0.0389578333333331
"TCGA-B0-5707",123.089062,0,"I","G3",1.16083755236437,0.860277979840541,0.999977637534022,"ccB",0.794887666666667
"TCGA-B0-5709",130.650623,0,"III","G3",-0.546812115754641,-0.139074477898839,0.99999999220711,"ccB",-0.72138
"TCGA-B0-5710",79.88953546,0,"I","G1-2",-0.390593612051631,-0.00531238549971489,2.6076061015355e-07,"ccA",-1.2935285
"TCGA-B0-5711",131.1437683,0,"III","G3",-0.948748546704881,-0.501596962353186,1.33426583312336e-08,"ccA",-1.1197775
"TCGA-B0-5712",89.48943025,0,"IV","G3",-0.49821787639142,-0.242902256693027,1.94179048901973e-09,"ccA",-0.657310666666667
"TCGA-B0-5713",91.46201138,0,"III","G3",-0.844880805925581,-0.364024496859882,1.92358084309672e-10,"ccA",-1.18167683333333
"TCGA-B0-5812",126.0479337,0,"I","G3",-0.85726110007814,-0.511756893326027,0.000527087811453369,"ccA",-0.9890505
"TCGA-B2-3923",32.61334122,0,"II","G1-2",-3.84328557951106,-1.99393429624709,0.995135465763024,"ccB",-0.429651333333333
"TCGA-B2-3924",35.90097643,0,"I","G1-2",0.197931218430454,0.0579386551128834,1.72282784120223e-08,"ccA",-0.875427333333333
"TCGA-B2-4098",1.676693954,1,"I","G1-2",0.339838515581983,0.0539351671576252,0.999681513254029,"ccB",0.714452
"TCGA-B2-4099",31.95581418,0,"I","G3",0.0647921871911729,0.104047674684575,5.54137871767211e-08,"ccA",-0.335192833333334
"TCGA-B2-4101",21.30387612,0,"II","G3",-0.329882320614013,-0.165933963743519,0.000990347082909993,"ccA",-0.875131333333333
"TCGA-B2-4102",31.29828714,0,"I","G1-2",-0.429580547111376,-0.234625350464635,8.72874376121243e-07,"ccA",-1.15660283333333
"TCGA-B2-5633",31.65992701,0,"I","G1-2",-0.305515033069816,-0.146833743134955,0.999995586406613,"ccB",-0.780094666666667
"TCGA-B2-5635",24.82164579,0,"I","G1-2",-1.09413488651259,-0.473672016657788,7.35644631179866e-06,"ccA",-0.845473833333333
"TCGA-B2-5639",32.9749811,1,"IV","G3",-0.475659395304771,-0.250498788398953,1.93783787839463e-05,"ccA",-0.180154333333333
"TCGA-B2-5641",21.56688694,0,"I","G3",-1.00516298663027,-0.529666709975719,0.997627878863731,"ccB",-0.649453833333334
"TCGA-B4-5377",11.9998685,0,"IV","G3",-1.65405552947862,-0.728391495673291,2.52589508333902e-11,"ccA",-0.727387166666667
"TCGA-B4-5378",5.753361607,0,"I","G1-2",-0.970963382914869,-0.398325359626654,0.999999966457571,"ccB",-0.997198666666666
"TCGA-B4-5832",5.095834566,0,"III","G1-2",-1.92886887416406,-1.15185547192315,0.99999885575405,"ccB",-0.6528
"TCGA-B4-5834",1.249301378,0,"I","G1-2",-0.781845234157288,-0.448976614277242,2.91832396751425e-09,"ccA",-1.18893383333333
"TCGA-B4-5835",0.526021633,0,"I","G1-2",-0.757227426606335,-0.169302873603448,0.993703725088399,"ccB",0.652739
"TCGA-B4-5836",4.635565638,0,"I","G1-2",-0.390738418424818,-0.116630239700041,1.73648485963769e-07,"ccA",-1.02539466666667
"TCGA-B4-5838",5.457474439,0,"IV","G1-2",-1.0415745564455,-0.344363927893643,0.999928163999532,"ccB",-0.286199833333333
"TCGA-B4-5843",0.361639872,0,"I","G1-2",-0.95967667199178,-0.421225700752441,0.0571047000883267,"ccA",-0.914288
"TCGA-B4-5844",0.230134464,0,"II","G1-2",-0.671313605152517,-0.270299699796607,5.4849443819754e-10,"ccA",-1.14603583333333
"TCGA-B8-4143",23.3093336,1,"IV","G3",1.100629368831,0.538795537101143,0.999999999445673,"ccB",0.274539833333333
"TCGA-B8-4146",16.79981589,0,"I","G1-2",-2.25094246226194,-1.16557437971062,7.491116368055e-07,"ccA",-1.1156065
"TCGA-B8-4148",49.9720551,0,"I","G3",-0.355706045875659,-0.242820731960643,8.95280790144805e-09,"ccA",-1.21825766666667
"TCGA-B8-4151",42.7063813,0,"III","G1-2",-0.471287711857567,-0.19690870357034,4.97289931275882e-13,"ccA",-0.816117833333333
"TCGA-B8-4153",25.05178025,0,"III","G3",-0.142239897853518,-0.140131101722228,4.30345319704988e-11,"ccA",-0.845636833333333
"TCGA-B8-4154",45.36936582,0,"I","G1-2",-0.811142885643886,-0.388756361762225,5.9154201696881e-08,"ccA",-0.761824833333334
"TCGA-B8-4619",17.19433212,0,"I","G1-2",-1.7962644123562,-0.936795224669054,0.999999891754379,"ccB",-0.710291
"TCGA-B8-4620",25.54492554,0,"III","G1-2",0.405759024293285,0.26966656400609,0.99998284951809,"ccB",0.0260151666666659
"TCGA-B8-4621",25.90656541,0,"I","G3",-0.487850694759095,-0.262817209463411,0.998100819464145,"ccB",0.550033333333333
"TCGA-B8-4622",50.13643686,0,"IV","G3",-0.372624053266037,-0.290903267259427,0.00162513575706758,"ccA",-0.7342405
"TCGA-B8-5158",40.04339679,0,"III","G4",-0.10761943137209,-0.0111203105490963,0.999999999940466,"ccB",0.1979645
"TCGA-B8-5159",23.73672617,0,"I","G3",-1.38133492178873,-0.724945406972214,0.0010932796154409,"ccA",-1.08689633333333
"TCGA-B8-5162",1.183548673,0,"II","G1-2",0.893851150880909,0.317689941280051,0.999999999232954,"ccB",0.0215079999999998
"TCGA-B8-5163",27.02436138,0,"III","G3",0.454090747973147,0.189133623510429,0.99999999999761,"ccB",-0.2832565
"TCGA-B8-5164",0.854785153,0,"III","G3",-0.88223005264203,-0.605975027988956,4.76424866278912e-06,"ccA",-0.852067833333334
"TCGA-B8-5165",24.22987145,0,"I","G1-2",-1.06443453937536,-0.578376179691646,0.163080915679003,"ccA",-1.08253366666667
"TCGA-B8-5545",50.13643686,0,"I","G1-2",-0.441053294014297,-0.305444636226911,0.999999988585146,"ccB",-0.5902935
"TCGA-B8-5546",16.60255778,0,"I","G1-2",-1.95572139347827,-0.554283852896558,0.960510986831221,"ccB",0.139861166666667
"TCGA-B8-5549",6.378012296,0,"I","G3",-0.678262480918405,-0.269024182048397,0.00235438226621396,"ccA",-1.0671145
"TCGA-B8-5550",48.52549561,0,"III","G3",-0.713254806766398,-0.360856610711307,0.999998495785555,"ccB",-0.202407666666667
"TCGA-B8-5551",0.526021633,0,"I","G3",0.348489552341167,0.161094580448463,0.999999999980849,"ccB",0.375202333333333
"TCGA-B8-5552",34.38866423,0,"I","G1-2",-0.342696828335889,-0.187195772153223,0.998010741306096,"ccB",-1.14305533333333
"TCGA-B8-5553",14.30121314,0,"I","G1-2",-0.921651538754201,-0.369476498583811,2.18750866685789e-05,"ccA",-1.12100066666667
"TCGA-B8-A54D",27.28737219,0,"III","G1-2",-0.186663502653526,-0.14480353804431,0.0202208050106257,"ccA",-0.418379166666667
"TCGA-B8-A54E",29.884604,0,"I","G3",1.01095521387417,0.274807600741132,0.990927955058978,"ccB",-0.194882166666667
"TCGA-B8-A54F",17.06282671,0,"I","G1-2",0.307163430903589,0.236818733476008,0.999945544444778,"ccB",-0.546834166666666
"TCGA-B8-A54G",1.742446658,0,"I","G3",0.260892038716746,0.0035402921193187,0.406061982131256,"ccA",-0.145732333333334
"TCGA-B8-A54H",8.416346122,0,"II","G3",-0.90208620193414,-0.445268524765731,3.5674368864417e-09,"ccA",-0.925407833333334
"TCGA-B8-A54I",4.931452806,0,"I","G3",1.12260997811543,0.705930183314795,0.999999947585684,"ccB",0.197248166666667
"TCGA-B8-A54J",17.35871388,0,"II","G1-2",-0.0581230074055615,-0.104445747467451,5.70188682546522e-10,"ccA",-1.2259035
"TCGA-B8-A7U6",16.27379426,0,"I","G3",-0.337041076883241,-0.105332161314886,4.55853976405632e-08,"ccA",-0.435888166666667
"TCGA-B8-A8YJ",14.16970773,0,"I","G1-2",-0.139923580176261,-0.093283505073159,0.999999812495124,"ccB",-0.529955
"TCGA-BP-4158",111.0234408,0,"I","G1-2",-0.0342991624744694,-0.0759349079039627,1.23312666672575e-10,"ccA",-0.793215833333334
"TCGA-BP-4159",85.51139166,1,"I","G1-2",0.441810546566866,0.208072820109974,0.00180939899519279,"ccA",-0.1983555
"TCGA-BP-4160",94.71677023,0,"III","G1-2",-0.836488082952474,-0.385222126190227,0.249133202865743,"ccA",-0.6179445
"TCGA-BP-4161",90.2784627,0,"I","G3",-0.53022874608261,-0.325748677376256,0.750509443293474,"ccB",-0.441495333333333
"TCGA-BP-4162",101.0619062,0,"I","G1-2",-0.787665250142294,-0.428811650130231,1.25227672281148e-06,"ccA",-0.927109666666666
"TCGA-BP-4163",93.33596344,0,"III","G3",-0.298618123424911,-0.218520887112377,0.99999999670662,"ccB",-0.472766166666666
"TCGA-BP-4164",32.61334122,1,"III","G1-2",-1.49801891260655,-0.667609925266083,1.12353081276707e-09,"ccA",-0.487389333333333
"TCGA-BP-4165",99.84548115,0,"I","G1-2",0.106626336008085,0.121967934845909,3.17974750159164e-09,"ccA",-0.776205
"TCGA-BP-4166",0.427392577,0,"III","G3",0.45144427816129,0.142008828280076,1.16033321238695e-05,"ccA",-0.280898166666667
"TCGA-BP-4167",89.35792485,0,"III","G1-2",1.29834287190113,0.762636017471459,0.999999999956773,"ccB",0.510193166666667
"TCGA-BP-4169",23.04632278,1,"II","G1-2",0.4901648870218,0.148496768067748,0.999999992460642,"ccB",-0.1994655
"TCGA-BP-4170",77.02929283,1,"I","G1-2",-0.0914356869425522,-0.0936034808827143,6.3215086973847e-09,"ccA",-0.778505
"TCGA-BP-4173",62.23493441,0,"II","G3",0.623050892356809,0.318005378725828,0.999999991953878,"ccB",-0.307042666666667
"TCGA-BP-4174",61.77466548,0,"II","G3",-0.534251332332696,-0.318444808507898,3.58161967604561e-05,"ccA",-0.0624975
"TCGA-BP-4176",64.27326824,0,"I","G1-2",-0.266009796065183,-0.0316117270386397,0.999999997983199,"ccB",-0.294917666666667
"TCGA-BP-4177",54.90350791,0,"I","G1-2",-0.251121935459904,-0.0596467910165703,0.999999974266281,"ccB",-0.7011785
"TCGA-BP-4325",97.44550745,0,"I","G1-2",-0.950432281901119,-0.245770891763185,3.46807827303627e-10,"ccA",-0.7933345
"TCGA-BP-4326",53.42407207,1,"I","G1-2",1.29982066345307,0.574659945174172,0.99999999231945,"ccB",0.434414
"TCGA-BP-4327",3.583522372,1,"II","G1-2",0.54784770638827,0.235368308999265,2.02524943444298e-05,"ccA",-0.5854775
"TCGA-BP-4329",27.78051747,1,"III","G1-2",0.00205399269287868,-0.0326139183727298,0.310681801911622,"ccA",-0.6985465
"TCGA-BP-4330",62.07055265,0,"III","G1-2",-0.387045402747868,-0.209246832610991,0.0175547371917041,"ccA",-1.17587783333333
"TCGA-BP-4332",37.24890686,0,"III","G1-2",0.144871566059774,-0.0128202017867089,5.92392248871216e-05,"ccA",-0.7220265
"TCGA-BP-4334",21.20524707,1,"III","G3",3.02798193470797,1.39937257034602,0.999986211195799,"ccB",0.608425666666666
"TCGA-BP-4335",15.61626722,1,"IV","G3",0.378974149147351,0.120963521215115,0.000377108547019561,"ccA",-0.767135333333334
"TCGA-BP-4337",0.065752704,1,"III","G4",0.69287966184268,0.341921047320172,0.999999912768964,"ccB",0.39916
"TCGA-BP-4338",93.99349048,0,"I","G3",0.920957644867974,0.361513984406315,0.999999999973696,"ccB",0.504858499999999
"TCGA-BP-4340",18.47650985,1,"I","G1-2",-1.1792388650199,-0.675404038905818,6.61722958697162e-10,"ccA",-0.8036225
"TCGA-BP-4341",52.24052339,1,"III","G1-2",0.435484630205829,0.181325671699918,1.21944253718771e-08,"ccA",-1.02731716666667
"TCGA-BP-4343",62.8595851,1,"III","G3",-1.37465474538468,-0.887064211270821,0.999999982511551,"ccB",-0.0406891666666668
"TCGA-BP-4345",49.84054969,0,"III","G3",1.21822171230444,0.588727651121762,0.999999999602624,"ccB",-0.0242768333333333
"TCGA-BP-4346",49.0843936,1,"III","G3",0.161834503589766,0.123570343001224,0.999988284643593,"ccB",-0.681722333333334
"TCGA-BP-4347",44.94197324,0,"III","G1-2",0.298536598852213,0.192624894673388,1.05811590141574e-09,"ccA",-1.224767
"TCGA-BP-4349",12.23000296,0,"I","G1-2",-0.0534786610481666,0.00681306137012913,1.22822378744248e-08,"ccA",-0.8046325
"TCGA-BP-4351",31.89006148,0,"III","G1-2",0.392316934855621,0.226179175914674,0.999925219917314,"ccB",-0.356250499999999
"TCGA-BP-4352",11.3094651,1,"IV","G4",3.21947679337541,1.43037416484238,0.999999989157183,"ccB",2.15935183333333
"TCGA-BP-4354",33.99414801,1,"IV","G4",0.989154996991919,0.284589308238565,0.999999999999782,"ccB",0.4982855
"TCGA-BP-4355",31.33116349,1,"III","G4",0.38485124440023,0.177090490069358,0.00417528616013354,"ccA",-0.949846500000001
"TCGA-BP-4756",12.29575566,0,"I","G1-2",-1.64597866176366,-0.603624144062655,0.986799509409055,"ccB",0.186389666666667
"TCGA-BP-4758",72.5909853,0,"I","G1-2",0.458282389523786,0.395621656845985,3.57606135544318e-07,"ccA",-0.755217833333334
"TCGA-BP-4759",77.98270704,0,"I","G1-2",0.432656782777729,0.185171725116145,0.000311356936505434,"ccA",-0.3103085
"TCGA-BP-4760",77.62106717,0,"I","G1-2",-0.396523132110949,-0.171388640190315,0.999999999953447,"ccB",-0.611119166666667
"TCGA-BP-4761",5.983496071,0,"III","G4",3.12643348205528,2.4267710631289,0.999999999057404,"ccB",1.029811
"TCGA-BP-4762",44.15294079,1,"I","G3",-0.161141974089546,-0.088558282394164,0.999994936163924,"ccB",-0.707069833333333
"TCGA-BP-4763",41.75296709,1,"I","G1-2",-0.731427543236018,-0.456115515309253,0.99999619945538,"ccB",-0.614069333333334
"TCGA-BP-4765",71.80195286,0,"I","G1-2",0.0785597340624396,0.0628170951189813,0.0574879474722076,"ccA",-0.962471833333333
"TCGA-BP-4766",48.06522668,0,"I","G3",-0.688190889234283,-0.231313826398926,6.08823580588831e-10,"ccA",-0.7182315
"TCGA-BP-4768",13.15054082,0,"I","G1-2",-0.363825147484582,-0.19125623647141,1.23438810102928e-06,"ccA",-0.484257833333333
"TCGA-BP-4769",61.67603643,0,"I","G1-2",-0.440896831262406,-0.151745618620185,0.999999999201378,"ccB",-0.233336
"TCGA-BP-4770",10.81631982,1,"IV","G4",2.50084843659911,0.939461716161578,0.99999998857476,"ccB",1.46101133333333
"TCGA-BP-4771",5.325969031,1,"IV","G4",0.842811243390897,0.352127384881979,0.99999999906616,"ccB",-0.578804500000001
"TCGA-BP-4774",61.9719236,0,"I","G1-2",0.508032352646044,0.279533495840124,3.70447001644178e-11,"ccA",-0.77733
"TCGA-BP-4775",60.59111681,0,"I","G1-2",-1.49691326164681,-0.631248107223415,1.79693430987359e-08,"ccA",-0.902423833333333
"TCGA-BP-4776",13.51218069,0,"I","G1-2",0.702217692800746,0.250266801356757,2.50748355973023e-08,"ccA",-0.603167
"TCGA-BP-4777",56.90896538,0,"I","G3",-0.518210897469466,-0.107859800778597,0.00117205467584896,"ccA",-0.544989333333334
"TCGA-BP-4781",68.38281224,0,"I","G3",0.55074973192799,0.142132848030142,0.999999989275206,"ccB",-0.2248515
"TCGA-BP-4782",11.63822862,0,"I","G1-2",-0.41958860411548,-0.216369648059558,0.999991746479706,"ccB",-0.7503695
"TCGA-BP-4784",60.95275668,0,"I","G1-2",-0.703358734742132,-0.272185252584686,0.999999999961845,"ccB",-0.227005666666667
"TCGA-BP-4787",15.78064898,1,"IV","G4",0.319758235991129,0.132234328669695,0.999999990463071,"ccB",0.318763833333333
"TCGA-BP-4789",48.95288819,0,"I","G1-2",-0.755412706883957,-0.337389768260307,0.000804291166724445,"ccA",-0.900146
"TCGA-BP-4790",36.52562712,1,"I","G1-2",-0.204142200510228,-0.138879934369236,0.999999892858549,"ccB",-0.974780166666667
"TCGA-BP-4795",20.38333827,0,"I","G1-2",0.67377869220279,0.437614202004857,0.999999999837361,"ccB",-0.824523166666666
"TCGA-BP-4797",36.39412171,0,"III","G3",-0.960674519208843,-0.297968788204888,0.999999997459749,"ccB",-0.400103833333334
"TCGA-BP-4798",10.98070158,1,"III","G4",2.04176591748851,0.708185074497877,0.999999992204092,"ccB",0.282964166666667
"TCGA-BP-4799",37.24890686,1,"III","G3",0.56012572578933,0.175567317163622,0.99998478270424,"ccB",-0.134681333333334
"TCGA-BP-4801",36.95301969,0,"I","G1-2",-0.273144264559922,-0.069274164348247,0.0001039940536755,"ccA",-0.547225833333334
"TCGA-BP-4803",6.706775816,0,"III","G3",-0.210906972346483,-0.139872317893502,0.000246672355500274,"ccA",-0.4836405
"TCGA-BP-4804",47.96659763,0,"I","G1-2",0.0534009580949897,0.0973620064972962,0.99999999996124,"ccB",-0.414807500000001
"TCGA-BP-4807",6.93691028,0,"I","G3",-0.577442865280909,-0.295740302336987,0.00285671383218224,"ccA",-0.250863666666667
"TCGA-BP-4959",87.45109643,0,"I","G3",-1.52351195857395,-0.428716969460037,0.491261196445549,"ccA",-0.503305
"TCGA-BP-4960",71.40743663,0,"II","G3",0.806713700988674,0.319393529013006,0.999999624309783,"ccB",0.226366166666667
"TCGA-BP-4961",63.6157412,0,"I","G1-2",-0.447549424016517,-0.181856109410182,0.0634704718027755,"ccA",-1.0134545
"TCGA-BP-4962",58.68428839,0,"II","G1-2",-0.237428948400909,-0.0317875341998881,0.999999793485787,"ccB",-0.105345333333333
"TCGA-BP-4963",60.29522964,0,"I","G3",0.003568669833691,0.0727161828719636,0.194336719440287,"ccA",-0.558864
"TCGA-BP-4964",61.2157675,0,"I","G1-2",-0.70813362218529,-0.34802815881066,0.329123488683091,"ccA",-0.776862166666667
"TCGA-BP-4965",61.51165467,0,"I","G1-2",-0.929813630668309,-0.401714206544428,3.82228896631615e-07,"ccA",-1.29087883333333
"TCGA-BP-4967",6.739652168,0,"III","G1-2",-1.2660431295451,-0.830498176329904,0.995351254605786,"ccB",-0.240494833333333
"TCGA-BP-4968",57.40211066,0,"I","G3",-0.246724267729068,-0.00362975494713872,2.03712872352888e-08,"ccA",-0.309668
"TCGA-BP-4969",58.98017556,0,"I","G1-2",0.630698329844973,0.194610769737661,9.56734953260062e-11,"ccA",-0.699375666666666
"TCGA-BP-4970",14.23546043,0,"III","G3",-0.457229573518817,-0.193514348534409,0.999998799485964,"ccB",-1.36659033333333
"TCGA-BP-4971",48.88713548,0,"III","G3",1.30359738975069,0.508556151504777,0.999999685701531,"ccB",-0.0653861666666666
"TCGA-BP-4972",49.38028076,0,"III","G3",-0.698424812795614,-0.305742983187267,0.000401607690748342,"ccA",-0.458287166666667
"TCGA-BP-4973",45.50087122,0,"III","G3",-0.672423912568847,-0.30649424203111,1.23989355122445e-09,"ccA",-0.8322565
"TCGA-BP-4974",6.93691028,1,"IV","G4",0.857501400576902,0.352784882631515,0.855177992796882,"ccB",-0.761247333333333
"TCGA-BP-4975",47.11181247,0,"I","G3",-0.776341458086726,-0.299199200056799,2.4589201133569e-06,"ccA",-0.698531333333333
"TCGA-BP-4977",14.92586383,0,"I","G3",-0.640633104751192,-0.350889939620079,0.11638260733958,"ccA",-0.424247833333333
"TCGA-BP-4981",36.06535819,1,"III","G3",0.509214530157743,0.225274621931624,4.17535036079616e-09,"ccA",-0.0862846666666669
"TCGA-BP-4982",33.33662097,0,"I","G3",-0.791451763841954,-0.43693180255537,1.99715683380893e-05,"ccA",-1.09913833333333
"TCGA-BP-4983",46.45428543,0,"III","G4",1.97025925318608,0.972276850042527,0.999999999984167,"ccB",0.945024666666667
"TCGA-BP-4985",31.29828714,1,"III","G4",0.252777593124279,0.136969030164854,0.999999999981523,"ccB",0.205483666666666
"TCGA-BP-4987",36.95301969,0,"I","G1-2",-0.53345488270313,-0.165101643509974,1.40718409652824e-10,"ccA",-1.1186355
"TCGA-BP-4989",3.879409541,0,"III","G3",1.08952224131456,0.347665506681758,0.995253993626296,"ccB",-0.120258666666666
"TCGA-BP-4991",46.45428543,0,"I","G1-2",-0.543929597711677,-0.271208385021804,4.97148054043401e-06,"ccA",-1.2422585
"TCGA-BP-4992",16.47105237,0,"I","G4",2.72172535838222,1.14290641157952,0.998873382705745,"ccB",0.132801666666667
"TCGA-BP-4993",5.819114311,0,"I","G3",0.339115449932215,0.0799755143860885,0.00232422456040005,"ccA",-1.10566733333333
"TCGA-BP-4994",43.00226847,0,"I","G3",-3.03852445558404,-1.63268495336426,0.942453703261232,"ccB",-0.635795
"TCGA-BP-4998",30.6407601,0,"I","G3",0.0288130235022003,-0.121105794957667,0.999999951811357,"ccB",-0.9080535
"TCGA-BP-4999",41.62146168,0,"I","G1-2",-0.435873432249274,-0.230546366725779,1.35885917802588e-08,"ccA",-1.20978233333333
"TCGA-BP-5000",18.5093862,0,"I","G3",0.831514202038959,0.476545160918204,0.999995398733312,"ccB",-0.392203000000001
"TCGA-BP-5001",38.69546635,0,"I","G1-2",0.495286342683782,0.196528878403416,8.99627018409997e-09,"ccA",-0.631800333333334
"TCGA-BP-5004",37.0187724,0,"I","G3",-1.26034533798295,-0.45903503819128,7.86899288434421e-08,"ccA",-0.604445166666667
"TCGA-BP-5007",37.47904133,0,"II","G1-2",-0.308537936015595,-0.0389435760435565,1.09694755683795e-09,"ccA",-1.18074533333333
"TCGA-BP-5008",35.21057304,0,"I","G1-2",-0.50674411004484,-0.24832172887253,0.995840027844501,"ccB",-0.654022166666666
"TCGA-BP-5010",28.86543709,1,"III","G4",0.971889379304039,0.415076645172326,0.999999999394486,"ccB",0.279654333333333
"TCGA-BP-5168",48.09810303,1,"I","G1-2",-0.738612298459506,-0.489128308516791,1.4743619040442e-10,"ccA",-0.744994833333333
"TCGA-BP-5169",6.345135944,0,"I","G4",1.78127443330095,0.887424950862438,0.999999999749382,"ccB",0.834797666666667
"TCGA-BP-5170",79.29776112,0,"I","G1-2",0.323436388507229,0.221029651475306,0.999997465169817,"ccB",-0.563295
"TCGA-BP-5173",2.038333827,1,"I","G1-2",0.854838100490929,0.261046509324569,1.7158214110161e-05,"ccA",-0.592837833333333
"TCGA-BP-5174",74.20192655,0,"I","G1-2",-0.180865870531581,-0.141383557385582,0.000121527624672045,"ccA",-0.457913333333334
"TCGA-BP-5175",30.6407601,0,"I","G3",0.982730622980294,0.648628176922124,0.999999367870172,"ccB",0.894334999999999
"TCGA-BP-5176",52.27339974,1,"I","G1-2",0.255831511937441,0.186758878369046,1.65913611679112e-09,"ccA",-0.720997166666666
"TCGA-BP-5177",9.632771148,0,"I","G3",0.651144783406628,0.293008001218789,0.00169860656080349,"ccA",-0.797494333333333
"TCGA-BP-5178",62.8595851,1,"IV","G4",0.875487391753127,0.459016205052567,0.999999999975209,"ccB",0.1272935
"TCGA-BP-5180",74.39918467,0,"I","G1-2",0.316871776958722,0.0136856993074915,0.59006551173201,"ccB",-0.0331156666666669
"TCGA-BP-5182",38.30095013,0,"I","G3",-0.200701324737015,-0.10186759372385,0.999999937890778,"ccB",-0.246494
"TCGA-BP-5183",42.44337048,0,"III","G3",-0.0321942598902738,-0.0389993111058975,0.000593315672049295,"ccA",-0.641148333333334
"TCGA-BP-5184",37.24890686,0,"I","G3",-0.68389683094474,-0.323775956014654,0.0159651366513943,"ccA",-1.17337366666667
"TCGA-BP-5185",37.21603051,0,"I","G3",0.138612502916363,0.289004629430956,1.30334925041535e-10,"ccA",0.0854144999999999
"TCGA-BP-5186",22.78331196,0,"I","G1-2",-0.746668498555356,-0.340645843314579,3.63597159945719e-08,"ccA",-1.00880316666667
"TCGA-BP-5187",13.34779893,0,"I","G1-2",-0.226022200382097,-0.179909404599868,0.286521296591356,"ccA",-0.997442666666667
"TCGA-BP-5189",27.02436138,1,"I","G4",-0.487868084523166,-0.238299724746322,0.99999983233124,"ccB",-0.628459
"TCGA-BP-5190",33.23799191,0,"I","G3",-0.543713349471033,-0.246612629314579,1.72774965420953e-06,"ccA",-0.364208333333333
"TCGA-BP-5191",31.79143242,0,"III","G1-2",0.0560690191415955,0.166666609713421,0.999999928150187,"ccB",0.139630499999999
"TCGA-BP-5192",23.47371536,0,"I","G1-2",-0.347959169823894,-0.0990703708559904,2.19318797391536e-11,"ccA",-0.842799833333333
"TCGA-BP-5194",13.41355163,0,"I","G1-2",-0.341061051602169,-0.131202074918973,3.16397342596258e-07,"ccA",-0.909742166666667
"TCGA-BP-5195",24.62438768,0,"I","G1-2",-0.13024644617246,-0.119974994721326,0.259318593721427,"ccA",-0.578591666666667
"TCGA-BP-5196",33.46812638,0,"I","G1-2",0.817769918010687,0.769078973924287,0.999999999800834,"ccB",-0.123177333333333
"TCGA-BP-5198",19.82444028,0,"III","G3",0.29885090123787,0.221441433054027,0.999999999999524,"ccB",0.647165166666667
"TCGA-BP-5200",34.94756222,0,"II","G4",-1.03308078989692,-0.451435428716413,1.29833171593803e-07,"ccA",-0.749901833333333
"TCGA-BP-5201",31.26541079,0,"IV","G4",-0.541677134825464,-0.125528606627455,0.29990431103868,"ccA",-0.282888333333334
"TCGA-BP-5202",0.953414209,0,"III","G1-2",-0.655770042521688,-0.197613668630455,2.40443448281835e-10,"ccA",-0.7908085
"TCGA-CJ-4634",115.0014794,0,"I","G1-2",-0.693762054277833,-0.301778367434198,7.54740808326233e-12,"ccA",-0.812034166666667
"TCGA-CJ-4635",46.55291449,0,"I","G3",-0.442789044389352,-0.350804755502416,0.00717996036389188,"ccA",-0.532087833333333
"TCGA-CJ-4636",63.25410133,0,"III","G3",0.356507735807378,0.0883803958084746,0.999935127523129,"ccB",-0.391577
"TCGA-CJ-4637",73.21563599,1,"IV","G4",1.17728982611324,0.443332086726956,0.999999999989792,"ccB",0.1972185
"TCGA-CJ-4638",14.16970773,1,"IV","G4",0.204411414056246,0.161443373995455,0.999643427039621,"ccB",0.1679665
"TCGA-CJ-4639",106.1577407,0,"II","G1-2",-0.699420143404661,-0.391707157473619,2.11637320339309e-09,"ccA",-1.1424
"TCGA-CJ-4640",114.4097051,0,"III","G4",-0.643912047963531,-0.130807891365471,0.977377722425778,"ccB",-0.564388166666666
"TCGA-CJ-4641",54.60762074,1,"IV","G4",-0.300450730370143,-0.14164460121552,0.999999997905553,"ccB",-0.2705975
"TCGA-CJ-4643",58.94729921,0,"II","G3",-0.528630426097479,-0.199905069806604,1.93755283216557e-10,"ccA",-1.28818566666667
"TCGA-CJ-4644",11.04645429,1,"IV","G3",0.16643224280289,-0.0876924088908007,1.24611026195138e-08,"ccA",-0.653367166666667
"TCGA-CJ-4868",21.23812342,1,"IV","G3",1.18768049932998,0.385496128861491,0.999999999877923,"ccB",0.126211166666667
"TCGA-CJ-4869",83.96620311,0,"III","G1-2",0.460032642611447,0.194898505664351,0.999999879420515,"ccB",-0.371961
"TCGA-CJ-4870",49.24877536,0,"III","G1-2",-0.357812292751753,-0.0945161219344982,2.85026348395354e-10,"ccA",-0.8643895
"TCGA-CJ-4871",79.65940099,0,"IV","G4",-0.39444600190261,-0.196934094038099,0.999997630836352,"ccB",-0.301042833333333
"TCGA-CJ-4872",47.17756518,0,"I","G4",0.13040650414973,0.0371148978039503,0.999988386038027,"ccB",-0.630473
"TCGA-CJ-4873",74.26767926,0,"III","G3",1.68513063983737,0.92128460995071,0.999999887991445,"ccB",0.363606
"TCGA-CJ-4874",75.05671171,0,"I","G3",-1.11416476670897,-0.660009474519657,3.03221714993111e-10,"ccA",-1.118559
"TCGA-CJ-4875",116.8425552,1,"IV","G3",0.489125533432457,0.326590402868754,1.8494056576913e-07,"ccA",-0.438300166666666
"TCGA-CJ-4876",64.27326824,0,"II","G3",0.038592146317944,-0.0356656132641489,0.589359509236654,"ccB",-0.151360666666667
"TCGA-CJ-4878",71.86770556,0,"III","G1-2",-0.482581877864649,-0.251369488803533,0.00028322097398451,"ccA",-0.701982
"TCGA-CJ-4881",66.21297301,0,"III","G3",1.76182763115587,0.885069106717645,0.999999998515746,"ccB",0.292897333333333
"TCGA-CJ-4882",61.90617089,0,"III","G3",0.894719340656974,0.42615103599225,0.999999999822422,"ccB",0.105520666666667
"TCGA-CJ-4884",57.82950324,0,"III","G3",-0.567826466556848,-0.240655173153974,0.787524835729793,"ccB",-0.364418
"TCGA-CJ-4885",113.4562909,0,"IV","G3",-0.676550563291717,-0.319381831294907,3.39111157821726e-10,"ccA",-0.392193166666666
"TCGA-CJ-4886",64.17463918,0,"I","G3",-0.642973626414777,-0.273214755377931,5.04224628249034e-06,"ccA",-1.01963683333333
"TCGA-CJ-4887",30.6407601,1,"IV","G3",0.532662804349554,0.353076609728963,1.17491285970396e-05,"ccA",-0.502808333333333
"TCGA-CJ-4888",51.51724365,1,"IV","G4",1.72103018670593,0.73482620721739,0.999999999849396,"ccB",0.021309833333333
"TCGA-CJ-4889",63.97738107,0,"I","G4",0.0614896824180985,0.00399208262381117,0.999998959234108,"ccB",-0.6190795
"TCGA-CJ-4890",115.6918828,0,"IV","G4",0.978668154146932,0.429231643344019,0.999999999996507,"ccB",-0.0445505000000006
"TCGA-CJ-4891",26.92573232,1,"III","G4",2.32471984613972,1.1362918297836,0.99999999741825,"ccB",0.573712166666666
"TCGA-CJ-4892",50.00493145,0,"I","G1-2",0.28969696367115,0.0798590906098453,5.80369170486169e-09,"ccA",-0.711534166666667
"TCGA-CJ-4893",24.65726403,0,"I","G3",-0.975679274453136,-0.41607061806792,6.60775389664608e-08,"ccA",-1.27103983333333
"TCGA-CJ-4894",27.64901207,1,"III","G3",-0.336797766597573,-0.278043280566993,0.0183434457920136,"ccA",-0.936683
"TCGA-CJ-4895",39.45162245,1,"IV","G4",0.818572597766981,0.291139427995952,0.999999923404165,"ccB",0.107294666666667
"TCGA-CJ-4897",109.8398922,0,"III","G3",-1.36229508799587,-0.757410377384289,1.90043839454423e-09,"ccA",-0.867979
"TCGA-CJ-4899",50.23506592,0,"I","G1-2",-0.930498139085033,-0.33189429827069,0.999715847826132,"ccB",-1.12539583333333
"TCGA-CJ-4900",56.3500674,1,"IV","G4",0.805639132993933,0.436536759117307,0.999998852611476,"ccB",0.329395333333333
"TCGA-CJ-4901",47.67071046,0,"III","G3",0.648370189934638,0.39433500213785,0.999999999985942,"ccB",0.118039666666667
"TCGA-CJ-4902",49.9720551,0,"III","G3",0.105085608719058,0.131369636314534,0.999999607696118,"ccB",-0.280314666666666
"TCGA-CJ-4903",51.28710918,0,"I","G3",-0.44221818814196,-0.209159441959793,4.64101944597481e-06,"ccA",-0.751109166666667
"TCGA-CJ-4904",108.5577144,0,"IV","G3",-0.538140747166325,-0.328807735307376,4.79513563397245e-09,"ccA",-0.845930333333333
"TCGA-CJ-4905",49.18302265,0,"I","G1-2",-0.34443317684894,-0.230556000294437,3.39757855228276e-09,"ccA",-1.21575066666667
"TCGA-CJ-4907",49.28165171,0,"III","G3",-0.716324725887345,-0.249703876759753,0.998524892617704,"ccB",-0.817046833333333
"TCGA-CJ-4908",50.33369497,0,"I","G1-2",-0.0481804590529294,0.0143209037733718,0.958159617085049,"ccB",-0.8259295
"TCGA-CJ-4912",54.47611533,0,"II","G3",0.898570778948078,0.322251588413253,0.974549574029787,"ccB",0.0130153333333328
"TCGA-CJ-4916",45.13923135,0,"III","G3",0.434356446011586,0.251894474956369,1.69326243218715e-06,"ccA",-0.837512833333334
"TCGA-CJ-4918",3.05750074,1,"IV","G4",0.175296692166651,-0.00516558766541732,0.999999994842389,"ccB",-0.804461666666667
"TCGA-CJ-4920",4.569812934,1,"I","G1-2",0.229733847849303,-0.00505741509265222,0.99999994615048,"ccB",-0.321974166666666
"TCGA-CJ-4923",18.80527337,1,"IV","G4",1.59541563107643,0.687083154744037,0.999999999468179,"ccB",0.266435833333333
"TCGA-CJ-5671",131.0780156,0,"I","G3",0.443569886248383,0.160226440429836,0.99999999991917,"ccB",-0.1714155
"TCGA-CJ-5672",71.99921097,1,"I","G3",-0.179499220063856,-0.110982922399242,0.0880337004139169,"ccA",-0.7369085
"TCGA-CJ-5675",129.4013216,0,"II","G3",-0.0201601838128892,0.0131356885615712,5.45568647814689e-07,"ccA",-0.372573
"TCGA-CJ-5676",133.7081238,0,"III","G3",-0.275271847376551,0.052248705644141,0.999998086330714,"ccB",-0.368252166666667
"TCGA-CJ-5677",25.7093073,1,"IV","G4",1.19989885192043,0.689896985276883,0.999999996751509,"ccB",0.294868333333333
"TCGA-CJ-5678",18.87102607,1,"IV","G3",-1.22326614036626,-0.507953838545104,3.46960390593968e-06,"ccA",0.1421125
"TCGA-CJ-5679",22.32304304,1,"III","G4",2.11124374416841,0.842074713785858,0.999999989542928,"ccB",0.301803166666666
"TCGA-CJ-5680",25.24903837,1,"IV","G4",-1.00543499729324,-0.333827532376434,0.302837267431886,"ccA",-0.644758666666667
"TCGA-CJ-5681",18.14774633,1,"IV","G3",2.87647326664325,0.821033409692496,0.999986763877039,"ccB",0.398395
"TCGA-CJ-5682",122.8260512,0,"IV","G4",-0.20423145017595,-0.0726680749143812,0.907886479284553,"ccB",-0.535224
"TCGA-CJ-5683",62.103429,0,"I","G3",-0.0562332283314173,0.0078044810718597,2.94674491877732e-09,"ccA",-0.464902666666667
"TCGA-CJ-5684",73.3471414,0,"III","G1-2",-0.345215896933088,-0.170330883164541,1.08835617378594e-07,"ccA",-0.616529166666667
"TCGA-CJ-5686",67.00200546,0,"I","G3",-0.260354134241119,-0.230132042491969,0.546218683163117,"ccB",-0.671599666666667
"TCGA-CJ-5689",53.25969031,1,"I","G4",1.19893852049769,0.571566865651116,0.999899515359344,"ccB",-0.0123501666666667
"TCGA-CJ-6027",118.8480126,1,"I","G4",0.935153192836834,0.52128773216135,0.999999999544292,"ccB",0.0326090000000006
"TCGA-CJ-6028",53.42407207,1,"IV","G4",-0.716395675673181,-0.455879350598215,0.999999999989133,"ccB",-0.501406166666667
"TCGA-CJ-6030",75.58273334,1,"I","G3",-0.0978580281367273,-0.110803902610858,0.999999801317141,"ccB",-0.303349
"TCGA-CJ-6031",62.66232699,0,"I","G3",-0.0150962411441195,0.00973854519770854,0.999999999982822,"ccB",-0.161391
"TCGA-CJ-6032",119.6370451,0,"II","G3",-1.49444784061566,-0.722375817942942,1.43885116678232e-09,"ccA",-1.121996
"TCGA-CJ-6033",7.364302857,1,"IV","G4",0.648789024843259,0.323914816980852,0.999999997178621,"ccB",0.286754333333334
"TCGA-CW-5580",64.56915541,1,"IV","G3",-0.93944445520231,-0.567413904356211,0.99998455059381,"ccB",-0.444204166666667
"TCGA-CW-5581",92.02090936,0,"I","G3",-1.09586992611862,-0.596776005437244,1.88257267715981e-07,"ccA",-0.735578166666667
"TCGA-CW-5583",81.82924023,0,"I","G1-2",-1.18805229629544,-0.576882789428026,5.33176485341578e-06,"ccA",-1.2705195
"TCGA-CW-5584",5.391721735,1,"III","G3",-0.491064551989909,-0.268041713759436,3.06114231956591e-06,"ccA",-0.6303285
"TCGA-CW-5585",85.77440247,0,"IV","G1-2",-1.03865756141629,-0.461070352178003,2.12797636320536e-12,"ccA",-0.849590833333333
"TCGA-CW-5587",73.18275964,0,"III","G1-2",-1.00855980108332,-0.568229610096504,4.55815734649354e-06,"ccA",-1.1136655
"TCGA-CW-5588",66.31160207,0,"I","G1-2",-0.896388788931617,-0.53008704954748,0.999999999998763,"ccB",-0.223934666666667
"TCGA-CW-5589",78.17996515,0,"I","G1-2",-0.830072752030019,-0.451854284636424,5.18845921323266e-06,"ccA",-0.883487333333333
"TCGA-CW-5591",74.66219548,0,"IV","G1-2",-1.17618359136825,-0.403919261169065,0.999999985042019,"ccB",0.0322416666666666
"TCGA-CW-6087",1.347930434,1,"IV","G4",1.99202687180614,0.815487063691661,0.999999999997685,"ccB",0.9823415
"TCGA-CW-6088",105.9276063,0,"I","G1-2",-1.34125100168352,-0.605339508243422,2.09894531263487e-08,"ccA",-1.44006383333333
"TCGA-CW-6090",83.90045041,0,"I","G3",0.0228552622299444,0.0795958792321633,0.000152051594972252,"ccA",0.234772333333333
"TCGA-CW-6093",103.4290035,0,"I","G1-2",-0.329578384415266,-0.240121260280552,7.74993688447474e-09,"ccA",-1.13025933333333
"TCGA-CW-6097",18.77239702,1,"III","G4",-0.317616104102701,0.0177937276353556,0.999999999999149,"ccB",-0.283502166666667
"TCGA-CZ-4853",25.44629648,0,"I","G1-2",-1.13283930894977,-0.437714947369658,3.52069102505137e-09,"ccA",-0.573799666666667
"TCGA-CZ-4854",46.15839826,1,"I","G1-2",0.631973668039112,0.12409963071053,0.999999999969852,"ccB",-0.0464543333333331
"TCGA-CZ-4856",0.591774337,0,"I","G1-2",-1.19510458315461,-0.497627660949945,5.09799928991489e-07,"ccA",-1.0021
"TCGA-CZ-4857",47.07893612,1,"IV","G3",0.409096744809641,0.24912687446589,0.999999999999448,"ccB",0.1552475
"TCGA-CZ-4858",69.20472104,1,"II","G4",2.41680231658321,1.06244739175945,0.999999999966595,"ccB",2.03636283333333
"TCGA-CZ-4859",58.7500411,0,"I","G1-2",-0.97495510505209,-0.534069289561277,4.13707377898633e-11,"ccA",-0.873949166666666
"TCGA-CZ-4860",6.77252852,1,"IV","G4",0.798505370776936,0.398090774194326,0.999999999998651,"ccB",1.55445966666667
"TCGA-CZ-4861",14.66285301,1,"II","G1-2",2.17830197558049,0.502368606990998,0.999999997158138,"ccB",0.529090833333333
"TCGA-CZ-4862",107.5385475,0,"I","G1-2",-0.480839501245237,-0.256246613004051,0.999878884637247,"ccB",-0.926468166666667
"TCGA-CZ-4863",63.38560673,0,"III","G3",-0.210630840074587,-0.150310845090603,1.48335041590678e-05,"ccA",-0.848612833333334
"TCGA-CZ-4864",93.04007627,1,"II","G3",-0.165779150597782,-0.168982083986468,1.41392898121227e-09,"ccA",-0.925569666666667
"TCGA-CZ-4866",107.4070421,0,"I","G3",-1.46296904437675,-0.442121333770282,0.00194785308429234,"ccA",-0.207525166666667
"TCGA-CZ-5451",63.41848309,0,"II","G3",-0.793870731023042,-0.370168193488178,7.77156332672156e-11,"ccA",-0.950657500000001
"TCGA-CZ-5452",58.8157938,0,"II","G1-2",-0.373656267560012,-0.236265186913095,0.217618428333184,"ccA",-0.342745833333334
"TCGA-CZ-5453",79.52789559,1,"II","G1-2",0.0565438504461282,-0.104509856831361,4.01888890467662e-12,"ccA",-0.882419
"TCGA-CZ-5454",23.73672617,1,"IV","G1-2",-0.219228559918891,-0.121942204167816,2.9813334986956e-07,"ccA",-0.0716254999999998
"TCGA-CZ-5455",18.44363349,1,"IV","G4",-0.968852527854444,-0.589638339001211,0.27741072573773,"ccA",-1.1029695
"TCGA-CZ-5456",79.62652464,0,"II","G3",-0.0660812682827235,-0.151815972478248,0.99999999999972,"ccB",0.370953833333334
"TCGA-CZ-5457",90.54147352,0,"III","G4",0.0541108473345821,0.0300200986679244,2.36512525201458e-09,"ccA",-1.02846116666667
"TCGA-CZ-5458",91.69214584,0,"III","G3",-1.20647755363073,-0.658755910215317,0.528342065965741,"ccB",-0.710747166666667
"TCGA-CZ-5459",55.33090048,0,"III","G3",-0.520327227989989,-0.170986691117615,0.819604190167662,"ccB",-0.302937833333333
"TCGA-CZ-5460",94.45375941,0,"IV","G1-2",-0.196296984193499,-0.0169649932616377,1.0645657707736e-06,"ccA",-0.388382833333334
"TCGA-CZ-5461",10.84919617,1,"IV","G4",-0.385357024273328,-0.347456366309396,0.0427566931413796,"ccA",-0.8052945
"TCGA-CZ-5462",10.22454548,1,"IV","G3",-0.827390519514535,-0.381119307875824,0.989892373990225,"ccB",-0.231836166666667
"TCGA-CZ-5463",21.76414505,0,"II","G1-2",-1.11773273990093,-0.567489428784119,1.26176985931367e-09,"ccA",-1.00146816666667
"TCGA-CZ-5464",69.96087714,0,"IV","G1-2",-0.614634711977431,-0.43502496251581,0.999999999930327,"ccB",-0.317110833333333
"TCGA-CZ-5465",84.29496663,1,"III","G1-2",-0.580761731878761,-0.413737801687091,1.34782879044484e-09,"ccA",-0.586953499999999
"TCGA-CZ-5466",22.52030115,0,"III","G1-2",0.122468086562304,0.143074288844564,0.999999997617125,"ccB",-0.232971166666667
"TCGA-CZ-5467",2.399973699,1,"III","G4",-0.807444229078525,-0.492483379566588,2.7234274215547e-08,"ccA",-0.699261333333334
"TCGA-CZ-5468",1.93970477,1,"IV","G4",1.54720289376818,0.459658418958935,0.999999999940456,"ccB",0.746462333333333
"TCGA-CZ-5469",31.10102903,1,"II","G1-2",1.33285738961898,0.63617904186916,0.999999996544737,"ccB",0.828600666666667
"TCGA-CZ-5470",12.69027189,0,"II","G3",-0.653780148328934,-0.142149738775275,0.126616995525889,"ccA",-0.209437
"TCGA-CZ-5982",80.18542263,0,"I","G1-2",-1.05466762913512,-0.549009904900716,2.60698978009838e-08,"ccA",-0.838614666666667
"TCGA-CZ-5984",67.95541967,0,"I","G3",-0.682441880982721,-0.27596038316043,0.999999999968186,"ccB",-0.494264333333333
"TCGA-CZ-5985",65.65407502,0,"II","G1-2",-0.700273552674377,-0.392456104285777,0.990659233377111,"ccB",-0.561236333333334
"TCGA-CZ-5986",12.26287931,0,"I","G3",-0.85465028028481,-0.481238507981936,7.84070103336117e-10,"ccA",-0.949567
"TCGA-CZ-5987",14.62997666,1,"IV","G1-2",0.335269564946462,0.0905496984248761,0.996610155065163,"ccB",-0.0459220000000006
"TCGA-CZ-5988",22.78331196,0,"I","G1-2",-0.17550416869093,0.023058294281055,0.99999993358423,"ccB",-0.7293275
"TCGA-CZ-5989",62.62945064,0,"II","G1-2",-2.78027401574608,-1.28898859459251,1.06082312215456e-06,"ccA",-1.77291016666667
"TCGA-DV-5565",43.69267186,0,"I","G1-2",0.328903638215668,0.180032870629266,0.960583375592407,"ccB",-0.470505833333333
"TCGA-DV-5566",45.96114015,0,"I","G1-2",-0.505832679627044,-0.284347017628715,0.00231725374978328,"ccA",-0.353119833333333
"TCGA-DV-5567",65.88420949,0,"I","G1-2",-1.30999927840961,-0.523635965296912,0.999999999340847,"ccB",-0.683544333333333
"TCGA-DV-5569",11.67110497,0,"I","G1-2",-0.745896887093573,-0.276146874263037,0.793581516808609,"ccB",-0.5556105
"TCGA-DV-5574",66.27872571,0,"I","G1-2",0.0430959087549519,0.00209608215198345,0.999999998239305,"ccB",-0.470801
"TCGA-DV-5575",56.84321268,0,"I","G1-2",-0.429968880849857,-0.241559207144891,0.00422882971112965,"ccA",-1.0464985
"TCGA-DV-5576",23.90110793,1,"I","G1-2",-0.845522254643503,-0.426700162799883,0.99999999448126,"ccB",-0.778198666666667
"TCGA-DV-A4VX",53.45694842,1,"IV","G4",1.22516097533247,0.428327633229258,0.999973642701973,"ccB",0.957147166666666
"TCGA-DV-A4VZ",11.9998685,0,"I","G1-2",-0.283041654312204,-0.0574373718704041,0.99999999912871,"ccB",0.283781333333333
"TCGA-DV-A4W0",81.20458954,0,"I","G3",-0.883633385316942,-0.489925353323692,1.6199179247138e-05,"ccA",-0.585288
"TCGA-EU-5904",18.11486997,0,"I","G1-2",-0.968273628679559,-0.541719048091102,4.38090735583515e-09,"ccA",-1.27340933333333
"TCGA-EU-5905",3.912285893,0,"I","G3",-1.089359348132,-0.387605398682157,0.999984997333784,"ccB",-0.449496333333334
"TCGA-EU-5906",6.77252852,0,"I","G1-2",-0.832762814609811,-0.542803167072062,2.78503872730485e-08,"ccA",-1.1755095
"TCGA-EU-5907",4.175296709,0,"III","G3",-0.321200074412707,-0.174766591508235,0.000449919909090254,"ccA",0.3065865
"TCGA-G6-A5PC",7.956077194,1,"IV","G4",0.894650803675931,0.450846176662321,0.0150705539765022,"ccA",0.434301
"TCGA-G6-A8L6",10.29029819,1,"IV","G3",0.984300246314371,0.490252129235985,4.9379600184802e-10,"ccA",-0.186987833333333
"TCGA-G6-A8L7",70.1252589,0,"I","G3",1.58888952519335,0.713733752348915,0.999999999418347,"ccB",1.199678
"TCGA-G6-A8L8",35.86810008,1,"I","G3",-0.0351047968720048,-0.0648681811071826,4.15036201041822e-11,"ccA",-0.679848333333334
"TCGA-MM-A563",19.42992406,0,"I","G1-2",0.469410217475045,0.238271023509296,0.99999695467129,"ccB",-0.425152666666666
"TCGA-MM-A564",19.95594569,0,"II","G1-2",0.940464095479346,0.2773932354325,0.29393272916784,"ccA",-0.2156675
"TCGA-MM-A84U",23.01344643,0,"I","G1-2",1.36164214158091,0.533916198918403,0.99935944630441,"ccB",-0.287548333333333
"TCGA-MW-A4EC",16.37242332,0,"I","G1-2",-0.283476036326687,-0.152753098202496,3.58493153187211e-12,"ccA",-0.762463166666667
"TCGA-T7-A92I",11.70398133,0,"I","G1-2",-0.984761470966773,-0.185967870630139,0.988782126923281,"ccB",0.599205833333333
