"p_val","avg_log2FC","pct.1","pct.2","p_val_adj","gene"
0,5.29324632854914,0.618,0.04,0,"KXD1"
0,5.4455732109442,0.564,0.037,0,"RAB9A"
2.42756307368035e-264,5.90531039807916,0.466,0.019,5.5780544307027e-260,"WDR91"
6.27739273148429e-163,5.57682553266604,0.316,0.014,1.44241930184046e-158,"NRBF2"
1.94487573073817e-69,6.10701714416108,0.138,0.003,4.46893545409017e-65,"ATP13A2"
1.09743102553653e-08,0.469174595096697,0.635,0.569,0.000252167701047783,"BAG3"
1.2605719042726e-08,0.374024394276355,0.244,0.168,0.000289654212163759,"BCL10"
4.93158171235095e-08,0.44963450727611,0.296,0.226,0.001133178845864,"SNCG"
5.05686361695077e-08,0.35243397271099,0.495,0.415,0.00116196612190295,"TM4SF1"
6.52716140675693e-08,0.386749514267703,0.443,0.357,0.00149981114804461,"AKR1B1"
6.59602876970649e-08,0.422504087592008,0.114,0.066,0.00151563549070316,"BTN2A2"
6.69009809400293e-08,0.373915172148471,0.239,0.168,0.00153725074003999,"SNAP23"
9.19739104158139e-08,0.292043049495949,0.339,0.26,0.00211337651353457,"ARL5B"
1.4431115182859e-07,0.369191240817561,0.173,0.115,0.00331598164671735,"FAM46A"
1.47465698270088e-07,0.441912138405735,0.228,0.162,0.00338846681485008,"SMUG1"
1.79596441679066e-07,0.256211131531886,0.269,0.194,0.00412676703690157,"RELB"
2.02270912746753e-07,0.397662342147086,0.228,0.163,0.0046477810330949,"LXN"
2.23268139125723e-07,0.29879277955281,0.122,0.073,0.00513025530083087,"VAMP4"
2.36114299711373e-07,0.438531237060766,0.115,0.068,0.00542543437876793,"DENND2D"
4.39712041295804e-07,0.429035652123724,0.305,0.239,0.010103703284895,"HSPA6"
5.56859715727448e-07,0.285445087656155,0.333,0.255,0.0127955225479853,"SLC25A11"
5.58429884421664e-07,0.26945698600342,0.209,0.146,0.012831601884241,"ZNF267"
7.80720702527373e-07,0.37033790015503,0.162,0.109,0.017939400302674,"ETV7"
1.03827755250876e-06,0.337668152485318,0.158,0.106,0.0238575416015462,"CDR2"
1.06599473025581e-06,0.257049250613362,0.333,0.257,0.024494426911818,"STAP2"
1.15320658555994e-06,0.462166524284278,0.126,0.08,0.0264983809229964,"ADGRG6"
1.36369734612958e-06,0.404550407976138,0.277,0.212,0.0313350376193655,"TYMS"
1.57894150033284e-06,0.294427808269515,0.751,0.704,0.036280917794648,"SERP1"
1.7243124808277e-06,0.56113577307358,0.17,0.118,0.0396212521844589,"THAP2"
1.79337753748211e-06,0.260556053256746,0.33,0.254,0.041208229056264,"WDR45"
1.85916166328315e-06,0.286246292161537,0.262,0.196,0.0427198166989202,"ISG20L2"
1.89038435368064e-06,0.57887206647863,0.16,0.11,0.0434372516788738,"NUAK2"
2.08364520524387e-06,0.486341887564803,0.15,0.101,0.0478779995260936,"RTP4"
2.1685830742597e-06,0.252224431018781,0.398,0.322,0.0498297018803393,"BTG3"
2.23007493835573e-06,-0.535991268412454,0.157,0.211,0.0512426619335379,"XIST"
2.51480629134144e-06,0.366123185558529,0.16,0.109,0.0577852189624436,"C1orf106"
3.15996098162535e-06,0.293471557455923,0.206,0.149,0.0726095834357873,"CDS2"
3.3412548503195e-06,0.285123426387921,0.156,0.105,0.0767753539506414,"TMEM69"
3.46087336753909e-06,0.289238370056486,0.118,0.074,0.0795239482393132,"LINC00839"
3.48690854394514e-06,0.359466191026086,0.269,0.207,0.0801221845227715,"BAMBI"
3.89214739113365e-06,0.315778837200574,0.386,0.319,0.089433762753469,"PERP"
4.39477444904606e-06,0.301065798943568,0.35,0.278,0.10098312729018,"CCDC50"
4.43555453282048e-06,0.268403429410485,0.754,0.683,0.101920172055149,"CIB1"
4.70727987610241e-06,0.346718403755568,0.18,0.127,0.108163876993081,"RP11-532F12.5"
4.86063293335726e-06,0.604668600521328,0.35,0.289,0.111687623542683,"ISG15"
4.87156923857791e-06,0.264608334716477,0.334,0.26,0.111938917964043,"ARPC5L"
5.63814292602895e-06,0.623083382625414,0.109,0.069,0.129553248154293,"DSP"
6.59657855987787e-06,0.278356001300977,0.469,0.403,0.151576182148874,"CHMP1B"
7.56759921098585e-06,0.285851379368451,0.143,0.097,0.173888294670033,"GDE1"
8.94219781609875e-06,0.254697698138372,0.245,0.184,0.205473821418317,"METTL7B"
9.4517004386992e-06,-0.308149647979209,0.491,0.526,0.21718117268043,"ENPP3"
1.21497421407737e-05,0.348533809523597,0.124,0.083,0.279176774910699,"FADD"
1.26226003062653e-05,0.430897095863423,0.132,0.089,0.290042109837365,"GMPPB"
1.32544954587346e-05,0.25676721113932,0.276,0.213,0.304561796650803,"CISH"
1.37484089047829e-05,0.253442482399392,0.534,0.463,0.315910939814102,"LITAF"
1.43574553795248e-05,0.382490090225978,0.156,0.11,0.329905609710721,"SLC22A18AS"
1.55889619749168e-05,0.285110629446375,0.177,0.126,0.358203168259637,"CASP7"
1.87814387055726e-05,0.301856647345233,0.274,0.211,0.431559898576648,"CHMP2B"
1.98757516660756e-05,0.297038070561391,0.148,0.103,0.456705021783085,"PPP4R1"
1.99757177439799e-05,0.336628876703378,0.187,0.135,0.459002042321171,"ATF7"
2.23515872739306e-05,0.258434745382081,0.225,0.169,0.513594772380376,"IL10RB"
2.43985948146772e-05,0.28377311930275,0.684,0.634,0.560630911651654,"HSPA1B"
2.61301958724988e-05,-0.346787412155417,0.364,0.415,0.600419640758277,"TIMP3"
3.04839994194063e-05,0.409230638163892,0.178,0.131,0.700461338659118,"C2"
3.24273023812053e-05,0.454224837937995,0.105,0.069,0.745114554115336,"BAK1"
3.30768660699845e-05,0.276178794977886,0.231,0.175,0.760040228556104,"CCM2"
3.43778049820555e-05,0.301427026844922,0.265,0.206,0.789933202877672,"CORO1B"
3.78108923175737e-05,0.314014052240767,0.129,0.088,0.868818683673209,"ATG16L1"
3.92265434189715e-05,0.289545094961175,0.135,0.093,0.901347514681127,"PPP1R8"
4.57031743110383e-05,0.449462065134828,0.136,0.095,1,"TBC1D7"
4.64669166951345e-05,0.280377408921156,0.155,0.11,1,"RRNAD1"
4.74709249475612e-05,0.412004080940497,0.234,0.182,1,"IFITM1"
4.76462543838101e-05,0.264380312838322,0.114,0.076,1,"HS3ST1"
5.01366426507806e-05,0.54729569321625,0.111,0.075,1,"ZNF827"
5.3456476659027e-05,0.608100667681302,0.102,0.068,1,"BCAS4"
5.40637150646477e-05,0.280630105651608,0.206,0.156,1,"SS18"
5.62103105422182e-05,0.291196545923604,0.16,0.115,1,"ZBED1"
5.70610680812746e-05,0.385134008414183,0.712,0.671,1,"BIRC3"
5.87073941698828e-05,0.291869257162287,0.141,0.099,1,"RHOD"
5.89746112345857e-05,0.352197878945984,0.13,0.09,1,"ATPAF2"
6.05531163222267e-05,0.287954963585372,0.261,0.207,1,"EPSTI1"
6.06277312538705e-05,0.283185887224594,0.327,0.267,1,"CLDN7"
6.10692378566981e-05,0.33192920873655,0.12,0.082,1,"RUVBL1"
6.18820583349e-05,0.346917771169763,0.165,0.121,1,"RALGDS"
6.60565453804717e-05,0.286387938893661,0.518,0.446,1,"NMB"
7.02259446767951e-05,0.380275390715665,0.109,0.073,1,"USP18"
7.42819676643975e-05,0.335987971172155,0.28,0.225,1,"DUSP5"
7.57170250296959e-05,0.280510399728766,0.128,0.089,1,"TCF12"
7.67900797590839e-05,0.297188704362277,0.224,0.172,1,"TRIM69"
8.33079778992359e-05,0.350020041789287,0.562,0.486,1,"CXCL2"
8.72771558582742e-05,0.425637366998415,0.207,0.161,1,"TMEM173"
9.02730623318626e-05,0.40981779937197,0.102,0.069,1,"ORMDL3"
9.2522405666108e-05,0.273299670075926,0.238,0.184,1,"AP2A2"
0.000109243014581852,0.281739373073503,0.268,0.216,1,"RGS2"
0.00011013317209549,0.27819623471949,0.167,0.123,1,"ENAH"
0.000113716004262957,0.349009804109476,0.18,0.136,1,"RP11-490M8.1"
0.000129376774700697,0.259125994784168,0.164,0.121,1,"RCOR3"
0.000130061694383137,0.348208931514407,0.257,0.206,1,"PHLDA3"
0.000131954195263034,-0.309834253359908,0.358,0.397,1,"RGS5"
0.000137521310168634,0.341383602037864,0.119,0.083,1,"ACAT2"
0.000139387892930102,0.280535420847748,0.116,0.08,1,"MGME1"
0.00014285441798173,0.266391565881229,0.128,0.091,1,"RP11-119D9.1"
0.000143787906960987,0.29387255806512,0.146,0.106,1,"CBX4"
0.000144915208903047,0.340798075681535,0.164,0.122,1,"MAL2"
0.000147926231173005,0.258137692710583,0.37,0.311,1,"FKBP4"
0.000149052652550585,0.313392911923179,0.157,0.116,1,"GBP3"
0.000149188299902052,0.304972929521721,0.222,0.171,1,"CXADR"
0.000154121991793481,0.251765540804405,0.108,0.074,1,"FLRT3"
0.000158510144108883,0.344294033819461,0.125,0.089,1,"RSPH1"
0.000167808828800391,0.250777224966362,0.271,0.215,1,"CCDC71L"
0.000170220837749834,0.262613135002955,0.262,0.21,1,"TAF10"
0.000184955464119055,0.308138969825978,0.179,0.136,1,"CTSS"
0.000196831239457321,0.250742284006236,0.113,0.078,1,"STOML1"
0.000197480355430533,0.29829546790263,0.166,0.124,1,"ATG5"
0.000200920836608336,0.277484885752097,0.294,0.24,1,"SOCS1"
0.00020873027546383,0.37325289833928,0.211,0.165,1,"MX1"
0.000214628179226789,0.27815064171477,0.188,0.143,1,"DPH3"
0.000227058203983847,0.301377567691464,0.179,0.135,1,"CASP1"
0.00023982222395183,0.277444551925203,0.153,0.113,1,"FGD5-AS1"
0.000240381945859041,0.293740622665187,0.243,0.197,1,"RIPK2"
0.00024399818664882,0.401787618913409,0.279,0.226,1,"NCOA7"
0.00024706938268321,0.284948396991297,0.663,0.602,1,"SH3BGRL3"
0.000253668737665662,0.282735727162208,0.186,0.142,1,"MED7"
0.0002539349129121,0.298043846049221,0.26,0.21,1,"SIAH2"
0.000257162683422103,0.280756009871493,0.295,0.243,1,"GBP2"
0.000266993614626673,0.329670753217553,0.432,0.38,1,"ZFAND2A"
0.000278482040355859,0.40626529796595,0.115,0.083,1,"GBP4"
0.00028834313841488,0.293532670184575,0.232,0.186,1,"SERTAD4-AS1"
0.000299580090068297,0.258800952852073,0.125,0.089,1,"NDRG3"
0.000314816578058881,0.252145587576323,0.12,0.085,1,"TFPT"
0.000314999017560799,0.356585930724564,0.11,0.078,1,"ABCF3"
0.00031580102742047,0.253457483388584,0.25,0.202,1,"MDK"
0.000316335376082081,0.261740936416933,0.127,0.091,1,"SEPHS1"
0.000327651344033117,0.307431052247377,0.118,0.083,1,"PYCARD"
0.000336196208165918,0.336617042615374,0.323,0.274,1,"TNFSF9"
0.000341008941268588,0.400367816340798,0.353,0.309,1,"G0S2"
0.000431290216755067,0.270011155983323,0.103,0.072,1,"NXNL2"
0.000436885699036704,0.327801798358399,0.123,0.089,1,"RBM18"
0.000439543249884583,-0.26226149186392,0.491,0.514,1,"SPARC"
0.000453773471281687,0.259542626222688,0.112,0.079,1,"WDR81"
0.000461578921960114,0.251253077076455,0.142,0.105,1,"KIAA0895"
0.000478797301553594,0.299871697881874,0.121,0.087,1,"SHROOM3"
0.000479718524054447,0.361576541238669,0.596,0.548,1,"RARRES3"
0.000483438839136888,0.5519908188995,0.213,0.17,1,"C15orf48"
0.000536400813729612,0.25426317236143,0.321,0.269,1,"PEA15"
0.000536467567975853,0.312503471222392,0.281,0.231,1,"CCDC91"
0.000538648461103125,0.262931908498149,0.104,0.073,1,"METTL13"
0.000570141957299236,0.442141308944947,0.174,0.135,1,"SLPI"
0.000595427675170914,0.253026081273863,0.158,0.12,1,"AIFM2"
0.000607677750903901,0.291853440399773,0.213,0.169,1,"PMAIP1"
0.00060857256162756,0.282830524713926,0.161,0.123,1,"ADK"
0.00061289418445205,0.260926564096132,0.122,0.088,1,"MCM5"
0.000621829313972521,0.281707787157948,0.174,0.133,1,"TIPIN"
0.000636848270530264,0.311914271026171,0.251,0.206,1,"TPM4"
0.000658854097286035,0.255227477856468,0.156,0.118,1,"POLR3H"
0.000721064521336654,0.292650493236739,0.149,0.113,1,"C11orf49"
0.000827854854192978,0.365075893076436,0.111,0.08,1,"SDHAF4"
0.000862408829904802,0.297636816776547,0.133,0.1,1,"SMC2"
0.000863150871906537,0.251465087071585,0.168,0.129,1,"DUSP10"
0.000920951451090982,0.269330752879051,0.135,0.101,1,"RP11-111H13.1"
0.000922356174713444,0.313884757932972,0.157,0.121,1,"TESC"
0.000975735684216337,0.303476283639566,0.124,0.092,1,"LYST"
0.000986018082245293,-0.34250118197026,0.484,0.496,1,"LPCAT1"
0.0010154503386795,0.318577109142602,0.518,0.478,1,"IFI27"
0.0010597120462526,0.313108426115055,0.195,0.156,1,"SRPK2"
0.00114615958828085,0.295440127257277,0.196,0.156,1,"ARHGDIB"
0.00114871281555159,0.313052612867269,0.117,0.086,1,"LRRC28"
0.00115191383280486,0.255066270160022,0.118,0.087,1,"SLFN13"
0.00117632544315064,-0.406357244947192,0.499,0.513,1,"APOE"
0.00117705422847599,-0.432259023172325,0.251,0.283,1,"COL4A1"
0.00118571581960137,-0.451923238396417,0.204,0.239,1,"PDLIM4"
0.00121124183196998,0.464208263093176,0.114,0.084,1,"CARD10"
0.00135844137095528,0.254225981691526,0.666,0.62,1,"PSMB9"
0.00139844231711184,0.259544758611005,0.159,0.123,1,"C18orf25"
0.0014634092798027,0.269176641420278,0.546,0.506,1,"HSPH1"
0.00147440256847705,0.263268202954339,0.195,0.155,1,"SLC39A4"
0.00150541586135842,0.29675214751237,0.839,0.838,1,"SOD2"
0.00153186750881189,0.260825064811068,0.453,0.394,1,"PPP1R14B"
0.00154768702845866,0.309055293563148,0.132,0.101,1,"FLAD1"
0.00156030593336469,0.327869130272082,0.1,0.072,1,"GOLT1A"
0.00159237804288841,0.254633243569602,0.107,0.078,1,"ORC3"
0.00159667539702344,0.250839441151072,0.794,0.741,1,"LGALS1"
0.00179166185131445,0.259955959853417,0.104,0.076,1,"FAM46C"
0.00181239234777332,0.251223041692374,0.128,0.096,1,"SGF29"
0.00186379710890854,0.284070517039622,0.114,0.085,1,"MSC"
0.00189186774873069,0.342903590299092,0.307,0.262,1,"FXYD5"
0.00192187724978829,0.251858845550598,0.115,0.086,1,"SNX18"
0.0020375120734011,0.254796388700372,0.8,0.761,1,"HERPUD1"
0.00203929371212355,0.295370250730353,0.134,0.103,1,"SDHAF1"
0.0021196725887572,0.321846191656974,0.175,0.141,1,"COL1A2"
0.00219286475994629,0.264232261970085,0.221,0.181,1,"NACA2"
0.00229227016965082,0.35369762881535,0.335,0.294,1,"PGF"
0.00229267461464219,0.425617385532097,0.179,0.143,1,"IFIT3"
0.00238408923926062,0.292878511318607,0.101,0.074,1,"GTF2H3"
0.00253684081115473,0.357716408766577,0.104,0.077,1,"HEXIM2"
0.00282370452806473,0.255124355604985,0.155,0.123,1,"R3HDM4"
0.00284501785609207,0.328571838982414,0.124,0.095,1,"S100A2"
0.00286451884451966,-0.272955603392899,0.465,0.492,1,"ACSM2B"
0.00286466793853465,0.254632358967427,0.105,0.078,1,"MED1"
0.00314073413646311,0.287082525596603,0.189,0.153,1,"CDKN2A"
0.00316163323684461,0.352560604614416,0.131,0.101,1,"AAAS"
0.00318261811153085,0.3300669561681,0.126,0.096,1,"C12orf73"
0.00322752200909786,0.269596758974458,0.11,0.083,1,"ACAP1"
0.00347007502837745,0.337861966930207,0.298,0.261,1,"RPS4Y1"
0.00358008966071824,0.294505554537833,0.437,0.386,1,"IFI6"
0.00366592695673006,0.307857538902107,0.167,0.134,1,"BCL9L"
0.00369971877531589,0.379563152400975,0.161,0.13,1,"FGA"
0.00375979460974262,0.301039708718971,0.156,0.126,1,"CCDC146"
0.00379705369054927,0.290783636216366,0.104,0.078,1,"PYGB"
0.00392614497668435,0.555742405392082,0.514,0.471,1,"DDIT3"
0.00400619501965638,0.297971032789607,0.163,0.13,1,"FLYWCH2"
0.00403623266871859,0.490682207145837,0.182,0.151,1,"KRT19"
0.00410825777114947,0.333432367611304,0.223,0.186,1,"CLEC2B"
0.00425152876357596,0.365150213673959,0.352,0.308,1,"HLA-DQA1"
0.00439401173020593,0.330125986126382,0.219,0.185,1,"ZNF281"
0.00484836054739451,0.261815102289711,0.107,0.081,1,"BBS7"
0.00488698343130155,-0.34670239522833,0.301,0.326,1,"APOC1"
0.00517457240179177,0.262847153648469,0.127,0.099,1,"ATMIN"
0.00535538213176497,-0.345654948836409,0.251,0.275,1,"HK2"
0.0056418221989923,0.281909771208978,0.144,0.113,1,"ITGAE"
0.00694574537275248,0.26334950059959,0.431,0.379,1,"SDF2L1"
0.00720833769597673,-0.29275554302321,0.121,0.148,1,"HIF1A-AS2"
0.00727760458035967,0.404566400736693,0.101,0.077,1,"HRCT1"
0.0073022861090251,0.339490649481092,0.136,0.109,1,"DDX3Y"
0.00738481090490553,0.424656379487142,0.271,0.228,1,"S100A4"
0.00756385287311036,-0.339690728325358,0.335,0.357,1,"FAM120A"
0.00792712295057056,-0.547929278898301,0.132,0.155,1,"ZNF704"
0.00874095829218459,0.250471862679716,0.134,0.107,1,"PHKG2"
0.00882567641418249,0.258956438987549,0.116,0.092,1,"LY96"
0.0089100447335012,0.267282183264953,0.18,0.148,1,"RP1-313I6.12"
0.00901058869732667,0.366498733919034,0.167,0.14,1,"GLIPR1"
0.00919735384126554,0.260923035078239,0.112,0.087,1,"UBE3B"
0.00935558508359452,0.270585071248907,0.115,0.09,1,"RRM1"
0.00962357869457935,0.291713595863252,0.217,0.183,1,"ZNF331"
0.00988461595029873,0.401966159155588,0.107,0.085,1,"CDA"
0.0107193723353864,0.327266099660061,0.287,0.257,1,"FGG"
0.010897160269064,-0.381235329722176,0.251,0.271,1,"KBTBD11"
0.0112711676861654,0.28687200185105,0.138,0.111,1,"FBXO44"
0.0112898192839067,0.423830973468793,0.137,0.112,1,"PLTP"
0.0117101761830018,0.259115505585321,0.129,0.104,1,"ISYNA1"
0.0120243550530511,0.325065258580576,0.15,0.123,1,"DUSP2"
0.012163083746405,0.322670141532934,0.141,0.115,1,"ARL4D"
0.0123285800950086,0.372917756808872,0.117,0.092,1,"SFN"
0.0124499715860348,0.393441379048455,0.139,0.113,1,"QPCT"
0.0125956300074009,-0.262824740306812,0.373,0.389,1,"SCD"
0.0137289701545017,0.337387803819273,0.107,0.085,1,"AC009403.2"
0.0139892690310338,0.280700107336499,0.168,0.14,1,"EFEMP1"
0.0151587449076387,-0.590411714953205,0.088,0.108,1,"ANKRD36C"
0.0162662227093033,-0.622011783340567,0.089,0.109,1,"GALC"
0.0176771176369073,-0.369089180508086,0.125,0.148,1,"RBP4"
0.0189314253733018,-0.31705036219753,0.411,0.417,1,"NOP56"
0.0189427137879976,-0.283315969706187,0.273,0.296,1,"A2M"
0.0205155860037659,-0.275173212362305,0.46,0.47,1,"KCNQ1OT1"
0.0207957033666065,0.370793539886046,0.272,0.246,1,"AREG"
0.022524350945144,-0.462203390471862,0.185,0.205,1,"PACSIN2"
0.0240752987772849,-0.274744825694608,0.243,0.264,1,"THRA"
0.0259292956016712,0.269279247592087,0.508,0.473,1,"CACYBP"
0.0259407128419096,-0.279815400070632,0.321,0.337,1,"AHCY"
0.028446680531068,-0.281499784426656,0.38,0.388,1,"SYNE2"
0.0286795638959061,-0.317462594878692,0.301,0.312,1,"PSMA3-AS1"
0.030366262083499,-0.36076957439879,0.131,0.15,1,"RREB1"
0.0335567255393108,0.296623561259097,0.151,0.128,1,"CD44"
0.033966310270267,-0.467253418385926,0.177,0.195,1,"CLMN"
0.0369736856452901,-0.362977909911012,0.252,0.268,1,"LAMB2"
0.0370739676303645,0.298678175783706,0.133,0.111,1,"UQCRHL"
0.0373577265880096,0.255941951862191,0.146,0.125,1,"GPX8"
0.0436670384623392,-0.291320946568159,0.409,0.414,1,"LRP2"
0.0454885541303968,-0.584390093005585,0.118,0.135,1,"HRH2"
0.0489334748769103,-0.259476885149362,0.402,0.408,1,"CUBN"
0.0503351445990278,-0.375163221512575,0.266,0.279,1,"DPYSL2"
0.0506637343200188,0.302594415253275,0.285,0.255,1,"CXCL3"
0.0544679405295165,-0.327529316764753,0.142,0.16,1,"ABCD4"
0.0565046908159126,0.277843965669897,0.143,0.124,1,"SAA1"
0.0568031121360176,-0.330018577396338,0.182,0.2,1,"EDIL3"
0.0600161272748087,-0.344867739309892,0.093,0.109,1,"MAPK12"
0.0635502497935954,-0.464070972212135,0.114,0.129,1,"ALCAM"
0.0651430693570623,0.270446699791659,0.145,0.125,1,"RP11-195F19.5"
0.0660807174302366,0.264922615271425,0.138,0.119,1,"EIF1AY"
0.0686660323107521,0.288157993646448,0.134,0.114,1,"LRIG3"
0.0705772265387683,0.382329578980729,0.217,0.197,1,"CPE"
0.0709686880243465,-0.276243796815733,0.283,0.297,1,"CLEC18C"
0.0720591613081043,0.263946018796734,0.11,0.093,1,"METTL12"
0.0731661230150908,-0.471121182091353,0.154,0.168,1,"ACSS1"
0.0736518461434157,0.311531882937194,0.113,0.096,1,"C10orf99"
0.0741348636221043,-0.418721080630858,0.19,0.204,1,"SLC7A1"
0.0780669430823692,-0.251715586876751,0.397,0.399,1,"EIF3B"
0.0789455274724642,-0.577304233336436,0.139,0.152,1,"FGFR4"
0.0861742437385053,-0.263734074406072,0.105,0.087,1,"ERCC3"
0.0992092724401973,-0.269780324692569,0.377,0.376,1,"PRMT1"
0.101409013688021,-0.324773784946519,0.184,0.198,1,"FLNB"
0.102050432039006,-0.542883421231502,0.09,0.102,1,"NRCAM"
0.104532677003441,-0.722660867829992,0.098,0.11,1,"CDH4"
0.108353404212185,-0.448845837614474,0.102,0.115,1,"ADCY5"
0.109579593593086,-0.470576145330541,0.11,0.122,1,"SPTLC2"
0.115359705189535,-0.324202201983185,0.224,0.235,1,"DYNC1H1"
0.118580416850119,-0.375119137397298,0.128,0.141,1,"CRYM"
0.12442582228823,-0.316120767913242,0.118,0.132,1,"KLC1"
0.127646992530554,-0.308378378192132,0.36,0.357,1,"GLG1"
0.127715285864711,-0.319754864149351,0.439,0.431,1,"AMN"
0.128899934240634,-0.528632716433812,0.161,0.17,1,"CCNT1"
0.132723249482886,-0.401694667029036,0.332,0.335,1,"PCSK6"
0.134502362333415,-0.419602375989663,0.103,0.115,1,"COG8"
0.136688930660057,0.258861591303996,0.133,0.116,1,"FAM27C"
0.141963371346166,-0.378105510527675,0.092,0.104,1,"ALPK3"
0.151599725068703,-0.297964051048685,0.185,0.197,1,"SMARCA1"
0.152120285159601,-0.332615591099893,0.23,0.239,1,"G3BP2"
0.157836013570251,-0.4639298006106,0.092,0.102,1,"BTAF1"
0.164595664754291,-0.300036052431013,0.242,0.249,1,"LENG8"
0.165688106005676,-0.261274831828516,0.231,0.239,1,"TMEM245"
0.168490118194433,-0.299923700219607,0.211,0.22,1,"TINAGL1"
0.170288173092249,-0.369450509390848,0.218,0.222,1,"TCERG1"
0.17180688855617,-0.324808751754465,0.101,0.113,1,"UBR3"
0.171848232892829,-0.429905528310845,0.131,0.14,1,"MCF2L"
0.175164467012192,0.281615214533392,0.914,0.926,1,"CD74"
0.178765216506237,-0.343892673806267,0.093,0.103,1,"PROM1"
0.187096117926839,-0.343820688332286,0.092,0.101,1,"RP11-11N9.4"
0.18954089177585,-0.309056622237004,0.292,0.291,1,"HSD17B14"
0.189674433666126,-0.439380727587523,0.097,0.106,1,"SPTLC3"
0.197130534474222,-0.359697685654475,0.124,0.134,1,"IER5L"
0.197800005260448,-0.370746854088078,0.136,0.145,1,"NUP160"
0.207109647059385,-0.265064502482812,0.133,0.143,1,"NPM3"
0.207548429865416,-0.48715124414876,0.093,0.102,1,"SLC39A9"
0.208180984077839,-0.275914806042301,0.316,0.317,1,"CHD4"
0.214043318726706,-0.476993028913876,0.092,0.1,1,"CLCN7"
0.214747195625391,-0.28291369493223,0.188,0.198,1,"BTBD7"
0.216531941659433,-0.258567893215976,0.219,0.228,1,"MYH8"
0.216974477152917,-0.252641896954011,0.213,0.222,1,"SPG7"
0.222250681167033,-0.324413932595369,0.227,0.234,1,"ITGA6"
0.222821050296398,-0.370352713150247,0.16,0.169,1,"MTHFD2"
0.224181191659693,-0.287433309236936,0.19,0.198,1,"ANKIB1"
0.225351541901358,-0.492416659676718,0.092,0.101,1,"FAR1"
0.231132593128563,-0.265087736244398,0.249,0.254,1,"FUT11"
0.233866501490558,-0.37907585206651,0.148,0.156,1,"YTHDF1"
0.243344550263423,-0.395047940110945,0.095,0.103,1,"HDAC10"
0.24389382510883,-0.274617584209244,0.241,0.246,1,"AGPAT3"
0.244240257436929,-0.418392229556985,0.096,0.104,1,"FZR1"
0.252805323824955,-0.285767469354108,0.177,0.185,1,"TNRC6A"
0.25873011090256,-0.32899722858167,0.124,0.108,1,"MRS2"
0.259863127641663,-0.309008609889838,0.165,0.171,1,"KIAA0319L"
0.261914701906926,-0.258588201292588,0.129,0.115,1,"LRBA"
0.263910929535969,-0.255195414198822,0.113,0.1,1,"ESPN"
0.269320120374983,-0.258312707053436,0.112,0.098,1,"ABCG1"
0.273588127626371,-0.261711234585797,0.28,0.279,1,"TUG1"
0.273846245102399,-0.389489820733847,0.094,0.102,1,"MSH6"
0.274846200620532,-0.345557197214564,0.119,0.128,1,"LRRC25"
0.274848469913212,-0.2904001752276,0.124,0.11,1,"RASD1"
0.277604068829198,-0.295030048552253,0.123,0.109,1,"VIL1"
0.285416928274599,0.37404025988289,0.18,0.17,1,"MT3"
0.287115337778725,0.433821739192305,0.104,0.093,1,"RHBDF2"
0.288453611064503,-0.327676191569714,0.155,0.161,1,"PPP3CA"
0.289033308746625,-0.283028552011682,0.179,0.186,1,"D2HGDH"
0.295611667956169,-0.285771157560052,0.302,0.305,1,"THBS1"
0.298349161373073,-0.308893937691704,0.256,0.256,1,"FSTL1"
0.301132909985935,-0.297547704962431,0.138,0.146,1,"CHERP"
0.30237523877907,-0.292897844982199,0.169,0.175,1,"CDK12"
0.303515933162654,-0.359274822197428,0.232,0.236,1,"ABCA1"
0.305816825568155,-0.271820130212512,0.194,0.199,1,"DDX42"
0.3060608029255,-0.348718784723612,0.166,0.149,1,"SRFBP1"
0.320398430060922,-0.329953971250537,0.139,0.145,1,"MRPS25"
0.322124639043696,-0.395539614404222,0.094,0.101,1,"TRMT61B"
0.322577907166209,-0.488996352601883,0.103,0.109,1,"CHSY1"
0.322624869609522,-0.273524290667989,0.311,0.306,1,"PPP2R3A"
0.322972049281955,-0.339806795776388,0.106,0.113,1,"SPRYD4"
0.328459423681823,-0.43537104557192,0.154,0.159,1,"ABHD2"
0.328719236229521,-0.311190079591578,0.132,0.138,1,"VLDLR"
0.329267677366928,-0.265847616982669,0.278,0.275,1,"SLC47A1"
0.330888436737262,-0.272381187423627,0.172,0.153,1,"SNX4"
0.335561749609789,-0.308658539794526,0.128,0.135,1,"DICER1"
0.336638462112489,-0.314565040249106,0.129,0.135,1,"RIMKLA"
0.339995766282495,-0.274691045911202,0.171,0.154,1,"GPATCH2L"
0.340187862842331,-0.259953746252233,0.151,0.158,1,"SETD5"
0.342280881778366,-0.346076052071139,0.143,0.149,1,"AC147651.5"
0.348724272039312,-0.271358879693737,0.125,0.131,1,"REXO4"
0.354740525695356,-0.343221708953142,0.096,0.102,1,"SMAD9"
0.360156725160384,-0.278242051662219,0.268,0.265,1,"PURB"
0.361067628861993,-0.301514795497008,0.125,0.132,1,"KIAA0368"
0.361318362004963,-0.259464336803846,0.247,0.249,1,"IARS"
0.364145214000915,-0.421734558151727,0.113,0.119,1,"DAAM1"
0.365104724464772,-0.25647325483921,0.15,0.157,1,"LYZ"
0.365736034308229,-0.262799255668721,0.159,0.165,1,"TCTA"
0.374387192754888,-0.268529911263297,0.101,0.107,1,"MBD5"
0.379954043993057,-0.263447949431556,0.255,0.254,1,"CTTNBP2"
0.380074538517361,-0.340799303248135,0.157,0.162,1,"WWC2"
0.38264810427234,-0.310805492061529,0.209,0.21,1,"TRIP12"
0.383735685754219,-0.25855875047746,0.235,0.236,1,"INADL"
0.390195418339613,-0.404239155923354,0.247,0.245,1,"PLEC"
0.394367529298597,-0.2657846742101,0.103,0.093,1,"POLR3E"
0.395476201291857,-0.278911114224968,0.157,0.142,1,"SULT1C2"
0.395946255908914,-0.303995477099638,0.134,0.138,1,"VPS13C"
0.39985433673484,-0.380346870905686,0.119,0.124,1,"RNF41"
0.413412435879708,-0.254202751145035,0.159,0.145,1,"EFR3A"
0.413662769327398,-0.333588496467356,0.138,0.142,1,"AEBP1"
0.417017394252099,-0.294086505067388,0.132,0.138,1,"ARHGEF7"
0.419718546184245,-0.334881266343275,0.171,0.174,1,"CEP350"
0.421206552453303,-0.431846781038987,0.106,0.11,1,"RASA1"
0.422568071869109,-0.250412427271869,0.149,0.155,1,"TARSL2"
0.423793373168371,-0.257518898080432,0.122,0.111,1,"AC009133.12"
0.426003930824697,-0.326649760390356,0.101,0.107,1,"ZNF316"
0.42919733638375,-0.255200629332256,0.126,0.114,1,"FAM13B"
0.433885942734633,-0.352925244615512,0.186,0.187,1,"C1GALT1C1"
0.442476252850668,-0.32914549178956,0.131,0.118,1,"PIGQ"
0.443043627162341,-0.42497461897362,0.16,0.161,1,"TNS2"
0.445818085505186,-0.294761795079422,0.11,0.115,1,"METTL16"
0.449017337348412,-0.26088066163558,0.107,0.097,1,"PLEKHM2"
0.451931897773162,-0.33860686550641,0.153,0.157,1,"ZNF768"
0.452498482086421,-0.326738341557275,0.114,0.119,1,"HDAC5"
0.452620808194471,-0.321545787896342,0.136,0.14,1,"CLASRP"
0.45616712030329,-0.352520685115246,0.194,0.194,1,"DGCR2"
0.461725867261683,-0.379025682711945,0.102,0.107,1,"BTBD2"
0.464564346049388,-0.345513505501157,0.201,0.201,1,"MST1"
0.46462964828494,-0.253315758819119,0.164,0.15,1,"RNF4"
0.466443067133578,-0.333482813252609,0.118,0.122,1,"LEMD2"
0.467208034681827,-0.357866213583193,0.097,0.101,1,"ZHX2"
0.468242109135851,-0.306629283765856,0.121,0.125,1,"DNAJA3"
0.471249372543012,-0.279406452211564,0.109,0.1,1,"AASDH"
0.472578721381467,-0.263537318294486,0.25,0.246,1,"KLF7"
0.47645307875446,-0.29350616514616,0.176,0.179,1,"SLC6A19"
0.480571025109523,-0.383547138568826,0.149,0.152,1,"PIEZO1"
0.492561036006279,-0.304724415278287,0.117,0.121,1,"CASC3"
0.494513015354265,-0.346669208225368,0.186,0.186,1,"USP10"
0.498978049925798,-0.251498123841595,0.211,0.212,1,"MACF1"
0.503213237002461,-0.346573133424374,0.211,0.211,1,"RANBP2"
0.507092735859637,-0.434563856090258,0.106,0.109,1,"DLG5"
0.510636554365716,0.488696097886331,0.102,0.109,1,"IGFBP1"
0.510648917606806,-0.33730152669341,0.102,0.106,1,"ARHGAP32"
0.511298515058381,-0.30136454228936,0.128,0.118,1,"TGS1"
0.514279293395942,-0.305957929636015,0.189,0.189,1,"SEL1L"
0.514742868969306,-0.25758118918794,0.117,0.108,1,"LARP4B"
0.515196715172387,-0.304651532218802,0.109,0.112,1,"ZDHHC5"
0.520548315577964,-0.281286037160942,0.096,0.1,1,"GIGYF1"
0.521798664193265,-0.325778252611812,0.14,0.142,1,"LRP5"
0.528212215937337,-0.315211136975569,0.188,0.188,1,"MAP4K4"
0.52895643210219,-0.27527216999752,0.125,0.129,1,"NSDHL"
0.531307058141162,-0.356005637881097,0.113,0.116,1,"CD14"
0.537561421171679,-0.293731874992596,0.147,0.15,1,"TOMM70A"
0.540372927583808,-0.264413020630069,0.148,0.151,1,"MLH3"
0.543350123301497,-0.263486986184672,0.127,0.117,1,"DENND5A"
0.543584827337295,-0.312533013054694,0.151,0.153,1,"KDM3A"
0.544337422504298,-0.305186712306849,0.108,0.1,1,"FAM98A"
0.54580686305074,-0.261187030269189,0.101,0.092,1,"MFSD14B"
0.54691607690266,-0.305428485558209,0.175,0.176,1,"MCM7"
0.54846663736803,-0.287406036249473,0.202,0.2,1,"CHST12"
0.549505002695148,-0.275205281249486,0.165,0.166,1,"FBXO9"
0.551298069508325,-0.306139186966103,0.157,0.158,1,"FCER1G"
0.551869671180897,-0.269382823642185,0.202,0.202,1,"SLC7A7"
0.552327362086924,-0.343846590976653,0.134,0.124,1,"GNAI1"
0.554354478368172,-0.364126316689775,0.177,0.175,1,"C2orf47"
0.554385219852007,-0.299736330809985,0.175,0.176,1,"GNPAT"
0.560183310617864,-0.317380320148191,0.203,0.201,1,"SIAE"
0.560918943374334,-0.376686187420746,0.124,0.126,1,"SLC43A2"
0.561085819002927,-0.359967368160746,0.152,0.152,1,"WWP1"
0.563501864674266,-0.254820439352197,0.134,0.124,1,"GTF2H1"
0.563762367406076,-0.28760183110308,0.181,0.181,1,"ZC3H6"
0.566658456960791,-0.346632210220605,0.195,0.193,1,"GOLGA2"
0.568856286002832,-0.30137851227612,0.158,0.161,1,"ERN1"
0.571702991403672,-0.267012680968234,0.154,0.142,1,"PUS7L"
0.573493663224258,-0.280457331485825,0.106,0.098,1,"EHMT1"
0.577230968250542,-0.286698143454601,0.229,0.225,1,"RAD21"
0.581947750564632,-0.332889569080832,0.128,0.13,1,"CAMK2D"
0.590428502440127,-0.414135008182949,0.124,0.126,1,"GAN"
0.591892667548887,-0.291409386857851,0.294,0.284,1,"ABLIM3"
0.592431738229616,-0.262229773470849,0.188,0.187,1,"LAMC1"
0.597961765635029,-0.300653591186598,0.179,0.166,1,"INF2"
0.608104099432662,-0.317062307495863,0.115,0.107,1,"PTPRG"
0.608595676606258,-0.273161862599882,0.161,0.161,1,"SUPT16H"
0.620815979655168,-0.292718844448291,0.111,0.113,1,"HEXDC"
0.621452586253378,-0.312676272643264,0.139,0.14,1,"GALNT1"
0.622972313667882,-0.289540927560154,0.109,0.101,1,"DVL3"
0.62624721233546,0.307778313741308,0.107,0.102,1,"CDC42EP3"
0.631112759997158,-0.282738319806382,0.178,0.166,1,"FNBP4"
0.631857370056694,-0.264060453690844,0.115,0.117,1,"PEG10"
0.634095301509841,-0.353490127863315,0.11,0.112,1,"MYLK"
0.636128194320482,-0.300298078434616,0.128,0.129,1,"VPS41"
0.639415365826313,-0.25784451336127,0.222,0.22,1,"TNFAIP2"
0.639462075953733,-0.350892629826539,0.138,0.138,1,"TSPAN14"
0.639735402831296,-0.260005789335934,0.196,0.181,1,"MAP2K7"
0.641602833390921,-0.324211130500692,0.104,0.106,1,"CLCC1"
0.646186347267475,-0.400463780359046,0.101,0.102,1,"DDX39B"
0.646285336969207,-0.280505560187821,0.249,0.243,1,"GLRX5"
0.649269364156237,-0.259490073138909,0.28,0.269,1,"POU3F3"
0.651964954012665,-0.304552184404248,0.249,0.243,1,"UBA1"
0.652616895788799,-0.34615314287328,0.13,0.13,1,"SP1"
0.65297054685504,-0.376164320787863,0.178,0.169,1,"SERPINE1"
0.659686886812,-0.285279730529469,0.164,0.162,1,"ANKZF1"
0.661402065399433,-0.334513433512257,0.101,0.103,1,"SPOCK1"
0.662398582594118,-0.294233570694353,0.156,0.156,1,"SNAPC3"
0.66425883687168,-0.374265192072503,0.144,0.143,1,"ZNF611"
0.665354192931761,-0.303068681589534,0.157,0.146,1,"E2F4"
0.674429005993482,-0.417451239287066,0.132,0.132,1,"RRN3"
0.677265080183365,-0.302996977589431,0.197,0.195,1,"QKI"
0.678428213752785,-0.2554136951695,0.193,0.189,1,"SEL1L3"
0.68082513052937,-0.291260217678123,0.168,0.167,1,"ACAP2"
0.683042324085943,-0.291709081489707,0.115,0.116,1,"STAG1"
0.691035412797946,-0.264227482275762,0.155,0.145,1,"ANKRD13A"
0.691375383013013,-0.397140184021708,0.113,0.113,1,"STON2"
0.692449931662207,-0.257671254742314,0.239,0.235,1,"TFRC"
0.693798241838043,-0.304465210542457,0.111,0.105,1,"ASAP2"
0.698141410059836,-0.361956562786577,0.163,0.162,1,"TAOK1"
0.698683400002999,-0.259228484116341,0.106,0.108,1,"LHFP"
0.700271153586501,-0.320818142457645,0.197,0.195,1,"SLC2A5"
0.700982669816936,-0.323508609789995,0.182,0.179,1,"PREPL"
0.703101403927411,-0.285888850350187,0.128,0.127,1,"ENPP4"
0.70531508138704,-0.262665684223236,0.206,0.201,1,"NIPSNAP1"
0.705880220661739,-0.277728190214699,0.115,0.116,1,"RENBP"
0.711742459642054,-0.299699949066655,0.244,0.237,1,"CCNL2"
0.712960953185532,-0.33361528734418,0.11,0.111,1,"PTPRS"
0.713056567784047,-0.278858532302079,0.119,0.12,1,"MR1"
0.71443588524032,-0.26335407876227,0.118,0.112,1,"SLCO3A1"
0.714706150376935,-0.280850487354169,0.101,0.103,1,"AHDC1"
0.72309186920373,-0.295557616767666,0.128,0.12,1,"OSBPL10"
0.723905571119811,-0.257581004368969,0.104,0.098,1,"GPR146"
0.746931054408402,-0.329899981955543,0.238,0.229,1,"FGD4"
0.748331427885611,-0.362856686221075,0.138,0.13,1,"BOK"
0.75552766188508,-0.318674740109556,0.104,0.098,1,"MAML1"
0.755705729734262,-0.261908930592016,0.115,0.116,1,"COX15"
0.75691993452711,-0.267002460970341,0.133,0.126,1,"PARP4"
0.762166812787726,-0.281430706357579,0.14,0.133,1,"ACD"
0.76276713333662,-0.411508835651187,0.114,0.114,1,"CERS6"
0.764319794871817,-0.269287760117199,0.185,0.182,1,"AHSA2"
0.765649580364878,-0.291381970553775,0.117,0.117,1,"PHC3"
0.767668221330168,-0.283744080206633,0.114,0.114,1,"ARHGEF10"
0.780692093188935,-0.280159516716561,0.118,0.111,1,"NAA25"
0.78099140799034,-0.279317488570905,0.123,0.123,1,"INO80D"
0.781190303348498,-0.258944589849296,0.218,0.211,1,"GOLIM4"
0.782780447289737,-0.31919482372216,0.108,0.108,1,"ZNF160"
0.786174571071582,-0.400414209667467,0.201,0.194,1,"GLA"
0.788413702240514,-0.302766212457796,0.124,0.117,1,"NCOA1"
0.789332555344311,-0.273624302924149,0.184,0.181,1,"SKIV2L2"
0.789413387309528,-0.271687289828472,0.123,0.118,1,"NPC1"
0.790826023618613,-0.269795450167472,0.149,0.148,1,"IL18"
0.793888239571399,-0.272697043593253,0.238,0.22,1,"GPC1"
0.797157422268085,-0.326614436109919,0.266,0.256,1,"ZNF655"
0.799154804592621,-0.349450390282549,0.105,0.1,1,"ARSJ"
0.799516209191599,-0.286763067170266,0.12,0.115,1,"RP11-332H14.2"
0.805177539037894,-0.291192106979816,0.117,0.117,1,"TTF1"
0.827789631080494,-0.368367158321377,0.112,0.111,1,"HERC2"
0.827818504588275,-0.254728011274554,0.125,0.124,1,"ELMOD2"
0.827896191407759,-0.283113937094139,0.119,0.118,1,"GCFC2"
0.82899827265854,-0.327715752924179,0.129,0.123,1,"GPNMB"
0.830990780289283,-0.259294169589543,0.11,0.109,1,"DPH6"
0.8334761407443,-0.259152264784914,0.172,0.164,1,"MFSD12"
0.838578279904172,-0.303505277314031,0.233,0.225,1,"ACSL3"
0.840094414135389,-0.461063426183232,0.122,0.119,1,"GAK"
0.844523381257834,-0.280070467942849,0.163,0.155,1,"CREBZF"
0.848941751502883,-0.293835533366095,0.116,0.111,1,"UPB1"
0.8505455234837,-0.264377900174629,0.137,0.131,1,"ARHGAP21"
0.855807073388829,-0.304335660535006,0.104,0.1,1,"HYAL1"
0.861947812158782,-0.316564229649386,0.103,0.102,1,"GUCY1B3"
0.865078705205389,-0.301265701949227,0.107,0.106,1,"USP25"
0.867624667755884,-0.316007386137573,0.135,0.133,1,"AP1M1"
0.874115454636238,-0.300058374169576,0.239,0.225,1,"MMP14"
0.877862189837641,-0.335521105960574,0.119,0.116,1,"SEC24B"
0.880263377639893,-0.295443274843667,0.142,0.136,1,"PPAN"
0.883579909440431,-0.284625602455232,0.127,0.125,1,"LETM1"
0.884670140572541,-0.273419796668712,0.196,0.186,1,"ITGA1"
0.884815936189795,-0.268479122532315,0.275,0.261,1,"TJP2"
0.886075943830673,-0.27907173894297,0.124,0.119,1,"UBR5"
0.886768975657808,-0.329541993676127,0.102,0.101,1,"SUMF1"
0.888909075785859,-0.431089385166864,0.126,0.12,1,"SMPD4"
0.891104290438263,-0.261625967305552,0.136,0.133,1,"GATC"
0.893893884513891,-0.283387819103287,0.102,0.099,1,"TAF8"
0.897801251865501,-0.259495264542794,0.158,0.155,1,"MACC1"
0.901617036630635,-0.285895863357572,0.12,0.118,1,"INTS1"
0.902496493252903,-0.309602184461953,0.16,0.152,1,"RBM26"
0.902735752998524,-0.369713194768998,0.168,0.161,1,"SLC13A1"
0.905920106253856,-0.268226112011654,0.161,0.154,1,"OTUD4"
0.911812659445609,-0.256617524247213,0.101,0.097,1,"TMEM63A"
0.911857358808955,-0.354741772680459,0.104,0.1,1,"SCYL2"
0.912902881629122,-0.261283971888179,0.188,0.179,1,"RP11-138A9.2"
0.916084729839185,-0.285665750526432,0.133,0.13,1,"CDK6"
0.916890812098166,-0.309809846068783,0.177,0.172,1,"AMOTL2"
0.916951045234475,-0.376804966183263,0.1,0.098,1,"PHF10"
0.91770475042798,-0.265830312349377,0.101,0.1,1,"KMT2B"
0.920675284915596,-0.378402790008903,0.129,0.124,1,"DNAJC5"
0.922269649151191,-0.259126252155427,0.111,0.109,1,"SLF2"
0.924682273800417,-0.43806014594547,0.138,0.133,1,"RRP12"
0.935350204668795,-0.297355656976575,0.115,0.112,1,"DGKH"
0.936530499061366,-0.254455278560288,0.173,0.168,1,"PBX1"
0.93743922961965,-0.292374944613106,0.128,0.124,1,"KANK2"
0.938026386564068,-0.294424316571048,0.113,0.11,1,"TFEC"
0.93899405775367,-0.258321534720337,0.174,0.167,1,"LBR"
0.939550153279657,-0.256888560778935,0.136,0.133,1,"CCDC14"
0.944042408060277,-0.288736770549107,0.12,0.116,1,"CCNK"
0.945978239619803,-0.346525626611173,0.112,0.11,1,"SOCS2"
0.950167651150748,-0.267637824700061,0.102,0.101,1,"RFX2"
0.953987756764494,-0.271638883719472,0.178,0.173,1,"POLR2B"
0.954390441429616,-0.278046250993286,0.114,0.112,1,"SMC6"
0.95511440561638,-0.25589489946631,0.164,0.16,1,"PPP4R3A"
0.957186386499221,-0.274635603912699,0.101,0.099,1,"WDR59"
0.958592603471805,-0.293706157826691,0.175,0.169,1,"HSPA12A"
0.959138779752187,-0.315376927249865,0.183,0.176,1,"PTGES2"
0.959975158279986,-0.262964257674987,0.137,0.133,1,"TRPC4AP"
0.964480605762401,-0.285851805286479,0.153,0.147,1,"TMEM185B"
0.970102020643497,-0.254210894498589,0.206,0.199,1,"LIMCH1"
0.979908143304244,-0.255099783300659,0.124,0.12,1,"UBN1"
0.980062406320122,-0.350774299866532,0.144,0.139,1,"NFATC2IP"
0.982017573731609,-0.307819818195715,0.113,0.11,1,"NCBP3"
0.984284455168571,-0.316937071688453,0.211,0.201,1,"MKLN1"
0.992474711873436,-0.257852374459856,0.143,0.138,1,"USP3"
0.996903720795398,-0.270047573570335,0.176,0.169,1,"DCTN1"
