"SUBJID","RNA_ID","Cohort","Arm","MSKCC","Tumor_Sample_Primary_or_Metastasis","TAS","os_t","os_s","risk"
"RCC25-677","EA595454","CM-025","NIVOLUMAB","FAVORABLE","METASTASIS",0.458270842025361,37.81519507,1,"High"
"RCC25-281","EA595455","CM-025","EVEROLIMUS","FAVORABLE","METASTASIS",-0.0393154561563061,33.44558522,1,"Low"
"RCC25-229","EA595473","CM-025","EVEROLIMUS","FAVORABLE","PRIMARY",-0.447543174234215,42.28336756,1,"Low"
"RCC25-582","EA595500","CM-025","NIVOLUMAB","INTERMEDIATE","PRIMARY",0.104682212935807,3.54825462,1,"High"
"RCC25-678","EA595522","CM-025","NIVOLUMAB","INTERMEDIATE","PRIMARY",-0.2389743366075,19.64681725,1,"Low"
"RCC25-7","EA595529","CM-025","NIVOLUMAB","POOR","PRIMARY",0.389193821803535,20.69815195,1,"High"
"RCC25-414","EA595564","CM-025","EVEROLIMUS","INTERMEDIATE","PRIMARY",-0.152547067011285,23.95071869,1,"Low"
"RCC25-438","EA595565","CM-025","EVEROLIMUS","INTERMEDIATE","PRIMARY",0.321690905304973,9.856262834,1,"High"
"RCC25-939","EA595585","CM-025","EVEROLIMUS","INTERMEDIATE","METASTASIS",-0.824568237367594,18.62833676,0,"Low"
"RCC25-624","EA595597","CM-025","NIVOLUMAB","INTERMEDIATE","METASTASIS",0.626726210459984,57.3963039,0,"High"
"RCC25-214","EA595620","CM-025","EVEROLIMUS","POOR","PRIMARY",-0.519660779621386,11.49897331,1,"Low"
"RCC25-726","EA595621","CM-025","EVEROLIMUS","POOR","PRIMARY",0.683997562313658,0.689938398,1,"High"
"RCC25-982","EA595624","CM-025","NIVOLUMAB","INTERMEDIATE","PRIMARY",-0.67259235283132,17.83983573,0,"Low"
"RCC25-118","EA595628","CM-025","EVEROLIMUS","FAVORABLE","METASTASIS",0.456291567090618,24.73921971,1,"High"
"RCC25-646","EA595632","CM-025","NIVOLUMAB","INTERMEDIATE","METASTASIS",0.288911515420046,0.295687885,1,"High"
"RCC25-493","EA595635","CM-025","NIVOLUMAB","INTERMEDIATE","PRIMARY",0.360296239425995,3.679671458,1,"High"
"RCC25-540","EA595636","CM-025","EVEROLIMUS","INTERMEDIATE","PRIMARY",-0.364417295801832,6.50513347,1,"Low"
"RCC25-272","EA595647","CM-025","NIVOLUMAB","FAVORABLE","PRIMARY",0.390052897977225,31.83572895,1,"High"
"RCC25-627","EA595650","CM-025","EVEROLIMUS","INTERMEDIATE","METASTASIS",0.728172280946412,4.960985626,1,"High"
"RCC25-880","EA595653","CM-025","EVEROLIMUS","FAVORABLE","METASTASIS",-0.468802428492624,3.285420945,1,"Low"
"RCC25-465","EA595654","CM-025","NIVOLUMAB","INTERMEDIATE","PRIMARY",-1.02332947520129,58.57905544,0,"Low"
"RCC25-345","EA595660","CM-025","EVEROLIMUS","FAVORABLE","PRIMARY",0.531909319961423,34.7926078,1,"High"
"RCC25-595","EA595661","CM-025","EVEROLIMUS","INTERMEDIATE","PRIMARY",-0.626997514597176,39.6550308,1,"Low"
"RCC25-1075","EA595668","CM-025","EVEROLIMUS","INTERMEDIATE","METASTASIS",-0.21314717248778,8.509240246,1,"Low"
"RCC25-509","EA595679","CM-025","EVEROLIMUS","POOR","PRIMARY",-0.606409264519166,6.53798768,1,"Low"
"RCC25-1064","EA595711","CM-025","EVEROLIMUS","POOR","METASTASIS",0.969167024881971,27.00616016,0,"High"
"RCC25-1000","EA595719","CM-025","NIVOLUMAB","FAVORABLE","PRIMARY",-0.565900064202817,53.2238193,0,"Low"
"RCC25-781","EA595720","CM-025","NIVOLUMAB","POOR","PRIMARY",0.0442280414795341,36.96098563,1,"High"
"RCC25-59","EA632123","CM-025","NIVOLUMAB","INTERMEDIATE","PRIMARY",-0.0818516537627352,12.74743327,1,"Low"
"RCC25-72","EA632133","CM-025","NIVOLUMAB","INTERMEDIATE","METASTASIS",0.992095057037093,13.17453799,1,"High"
"RCC25-81","EA632138","CM-025","EVEROLIMUS","INTERMEDIATE","PRIMARY",0.0443801933603995,48.29568789,1,"High"
"RCC25-94","EA632149","CM-025","NIVOLUMAB","FAVORABLE","METASTASIS",-0.405514683776636,63.21149897,0,"Low"
"RCC25-97","EA632151","CM-025","EVEROLIMUS","INTERMEDIATE","PRIMARY",0.23472249797862,24.67351129,1,"High"
"RCC25-142","EA632171","CM-025","NIVOLUMAB","FAVORABLE","METASTASIS",0.518202055333734,63.40862423,0,"High"
"RCC25-154","EA632174","CM-025","NIVOLUMAB","FAVORABLE","METASTASIS",-0.189857047554289,62.6201232,0,"Low"
"RCC25-265","EA632234","CM-025","NIVOLUMAB","INTERMEDIATE","PRIMARY",0.325616220072453,16.91991786,1,"High"
"RCC25-372","EA632688","CM-025","NIVOLUMAB","INTERMEDIATE","PRIMARY",-0.394780053534711,59.43326489,0,"Low"
"RCC25-406","EA632702","CM-025","EVEROLIMUS","POOR","METASTASIS",1.16155063607194,5.092402464,1,"High"
"RCC25-504","EA632744","CM-025","EVEROLIMUS","FAVORABLE","PRIMARY",-0.369859389281567,53.15811088,1,"Low"
"RCC25-526","EA632753","CM-025","EVEROLIMUS","INTERMEDIATE","METASTASIS",0.253817022854476,35.08829569,1,"High"
"RCC25-541","EA632758","CM-025","NIVOLUMAB","POOR","PRIMARY",1.22006664435543,0.821355236,1,"High"
"RCC25-567","EA632768","CM-025","NIVOLUMAB","FAVORABLE","PRIMARY",-0.0514322407885113,10.15195072,1,"Low"
"RCC25-594","EA632772","CM-025","EVEROLIMUS","INTERMEDIATE","METASTASIS",-0.0376089178658871,42.51334702,1,"Low"
"RCC25-664","EA632802","CM-025","NIVOLUMAB","INTERMEDIATE","PRIMARY",-0.0247664247523406,41.52772074,1,"Low"
"RCC25-684","EA632813","CM-025","NIVOLUMAB","FAVORABLE","PRIMARY",0.591930813819033,13.96303901,1,"High"
"RCC25-709","EA639018","CM-025","NIVOLUMAB","POOR","PRIMARY",-0.679990096841288,17.0513347,1,"Low"
"RCC25-715","EA639019","CM-025","EVEROLIMUS","POOR","METASTASIS",0.507950867187676,4.73100616,1,"High"
"RCC25-754","EA639040","CM-025","NIVOLUMAB","INTERMEDIATE","PRIMARY",-0.334311075139198,34.03696099,1,"Low"
"RCC25-836","EA639069","CM-025","NIVOLUMAB","FAVORABLE","PRIMARY",-0.0368989422312921,54.80082136,0,"Low"
"RCC25-874","EA639081","CM-025","EVEROLIMUS","INTERMEDIATE","PRIMARY",-0.805247482292738,41.56057495,1,"Low"
"RCC25-922","EA639099","CM-025","NIVOLUMAB","INTERMEDIATE","METASTASIS",0.0621951157280307,22.11088296,1,"High"
"RCC25-931","EA639104","CM-025","EVEROLIMUS","INTERMEDIATE","METASTASIS",0.0524241727355057,33.64271047,0,"High"
"RCC25-941","EA639107","CM-025","NIVOLUMAB","FAVORABLE","METASTASIS",0.106770224395158,22.01232033,0,"High"
"RCC25-944","EA639109","CM-025","NIVOLUMAB","INTERMEDIATE","PRIMARY",-0.569878949088302,53.51950719,0,"Low"
"RCC25-947","EA639112","CM-025","EVEROLIMUS","INTERMEDIATE","PRIMARY",0.109302724158076,11.36755647,1,"High"
"RCC25-952","EA639114","CM-025","EVEROLIMUS","FAVORABLE","PRIMARY",-0.28171141383804,12.25462012,1,"Low"
"RCC25-965","EA639120","CM-025","NIVOLUMAB","INTERMEDIATE","PRIMARY",0.0779142734080377,14.39014374,1,"High"
"RCC25-988","EA639131","CM-025","NIVOLUMAB","INTERMEDIATE","METASTASIS",-0.311096882890342,53.12525667,0,"Low"
"RCC25-996","EA639134","CM-025","EVEROLIMUS","INTERMEDIATE","PRIMARY",-0.355200644908525,15.21149897,1,"Low"
"RCC25-1024","EA639146","CM-025","NIVOLUMAB","INTERMEDIATE","PRIMARY",0.645991169757909,5.650924025,1,"High"
"RCC25-1040","EA639152","CM-025","EVEROLIMUS","FAVORABLE","PRIMARY",0.971801098759185,2.431211499,1,"High"
"RCC25-1044","EA639153","CM-025","NIVOLUMAB","FAVORABLE","PRIMARY",0.993123338937231,51.18685832,0,"High"
"RCC25-1048","EA639156","CM-025","EVEROLIMUS","FAVORABLE","METASTASIS",-0.223711658513543,51.67967146,1,"Low"
"RCC25-64","EA647814","CM-025","NIVOLUMAB","INTERMEDIATE","METASTASIS",-0.225560753559274,57.00205339,1,"Low"
"RCC25-343","EA647818","CM-025","EVEROLIMUS","POOR","METASTASIS",-0.207492501110597,5.420944559,1,"Low"
"RCC25-367","EA647820","CM-025","NIVOLUMAB","FAVORABLE","PRIMARY",-0.691266279964157,36.20533881,1,"Low"
"RCC25-380","EA647821","CM-025","EVEROLIMUS","INTERMEDIATE","PRIMARY",-0.189538673413226,36.79671458,1,"Low"
"RCC25-485","EA647824","CM-025","NIVOLUMAB","POOR","PRIMARY",-1.21172187595544,7.490759754,1,"Low"
"RCC25-728","EA647826","CM-025","NIVOLUMAB","FAVORABLE","PRIMARY",-0.460901622173538,25.98767967,1,"Low"
"RCC25-924","EA647829","CM-025","EVEROLIMUS","POOR","PRIMARY",-0.2797419951662,3.58110883,1,"Low"
"RCC10-7","G109543_RCCBMS-00007-T_v1_RNA_OnPrem","CM-010","NIVOLUMAB","FAVORABLE","PRIMARY",-0.168859634994365,73.15068493,0,"Low"
"RCC10-76","G109543_RCCBMS-00076-T2_v1_RNA_OnPrem","CM-010","NIVOLUMAB","POOR","PRIMARY",0.341145058857782,28.20821918,1,"High"
"RCC10-114","G109543_RCCBMS-00114-T_v1_RNA_OnPrem","CM-010","NIVOLUMAB","POOR","PRIMARY",-0.510709309665628,15.87945205,1,"Low"
"RCC10-145","G109543_RCCBMS-00145-T_v1_RNA_OnPrem","CM-010","NIVOLUMAB","INTERMEDIATE","PRIMARY",-0.501398792219673,25.24931507,1,"Low"
"RCC10-147","G109543_RCCBMS-00147-T_v1_RNA_OnPrem","CM-010","NIVOLUMAB","POOR","PRIMARY",0.326842547886505,1.97260274,1,"High"
"RCC10-150","G109543_RCCBMS-00150-T_v1_RNA_OnPrem","CM-010","NIVOLUMAB","FAVORABLE","PRIMARY",-0.272581620247243,7.956164384,1,"Low"
"RCC10-196","G109543_RCCBMS-00196-T_v1_RNA_OnPrem","CM-010","NIVOLUMAB","INTERMEDIATE","PRIMARY",-0.440156518093934,50.6630137,1,"Low"
"RCC10-8","G138701_RCCBMS-00008-T_v1_RNA_OnPrem","CM-010","NIVOLUMAB","INTERMEDIATE","PRIMARY",0.290172545921686,1.183561644,1,"High"
"RCC10-11","G138701_RCCBMS-00011-T_v1_RNA_OnPrem","CM-010","NIVOLUMAB","INTERMEDIATE","PRIMARY",0.989229951162965,68.90958904,0,"High"
"RCC10-20","G138701_RCCBMS-00020-T_v1_RNA_OnPrem","CM-010","NIVOLUMAB","FAVORABLE","PRIMARY",-0.43292894123428,25.34794521,1,"Low"
"RCC10-25","G138701_RCCBMS-00025-T_v1_RNA_OnPrem","CM-010","NIVOLUMAB","FAVORABLE","PRIMARY",-0.496114799082068,31.26575342,1,"Low"
"RCC10-28","G138701_RCCBMS-00028-T_v1_RNA_OnPrem","CM-010","NIVOLUMAB","POOR","PRIMARY",0.425431778461541,18.57534247,1,"High"
"RCC10-35","G138701_RCCBMS-00035-T_v1_RNA_OnPrem","CM-010","NIVOLUMAB","POOR","PRIMARY",0.886593114507878,2.95890411,1,"High"
"RCC10-36","G138701_RCCBMS-00036-T_v1_RNA_OnPrem","CM-010","NIVOLUMAB","INTERMEDIATE","PRIMARY",-0.387869030349565,13.38082192,1,"Low"
"RCC10-44","G138701_RCCBMS-00044-T_v1_RNA_OnPrem","CM-010","NIVOLUMAB","INTERMEDIATE","PRIMARY",0.13404300229587,4.536986301,1,"High"
"RCC10-47","G138701_RCCBMS-00047-T_v1_RNA_OnPrem","CM-010","NIVOLUMAB","INTERMEDIATE","PRIMARY",-0.750088597215384,64.96438356,1,"Low"
"RCC10-49","G138701_RCCBMS-00049-T_v1_RNA_OnPrem","CM-010","NIVOLUMAB","POOR","PRIMARY",-0.246613747081527,5.22739726,1,"Low"
"RCC10-53","G138701_RCCBMS-00053-T_v1_RNA_OnPrem","CM-010","NIVOLUMAB","FAVORABLE","PRIMARY",0.535943775567752,72.13150685,0,"High"
"RCC10-57","G138701_RCCBMS-00057-T_v1_RNA_OnPrem","CM-010","NIVOLUMAB","INTERMEDIATE","PRIMARY",-0.735514383214846,39.09041096,1,"Low"
"RCC10-65","G138701_RCCBMS-00065-T_v1_RNA_OnPrem","CM-010","NIVOLUMAB","POOR","PRIMARY",-0.231930218416435,13.05205479,1,"Low"
"RCC10-68","G138701_RCCBMS-00068-T_v1_RNA_OnPrem","CM-010","NIVOLUMAB","FAVORABLE","PRIMARY",0.177883253159852,4.175342466,1,"High"
"RCC10-72","G138701_RCCBMS-00072-T_v1_RNA_OnPrem","CM-010","NIVOLUMAB","FAVORABLE","PRIMARY",0.556040387391981,60.72328767,0,"High"
"RCC10-84","G138701_RCCBMS-00084-T_v1_RNA_OnPrem","CM-010","NIVOLUMAB","INTERMEDIATE","PRIMARY",-0.0666220852508422,56.71232877,1,"Low"
"RCC10-90","G138701_RCCBMS-00090-T_v1_RNA_OnPrem","CM-010","NIVOLUMAB","FAVORABLE","PRIMARY",-0.154710351218277,22.71780822,1,"Low"
"RCC10-92","G138701_RCCBMS-00092-T_v1_RNA_OnPrem","CM-010","NIVOLUMAB","FAVORABLE","PRIMARY",0.0454840222865343,25.31506849,1,"High"
"RCC10-93","G138701_RCCBMS-00093-T_v1_RNA_OnPrem","CM-010","NIVOLUMAB","INTERMEDIATE","PRIMARY",0.449115171507247,5.128767123,1,"High"
"RCC10-97","G138701_RCCBMS-00097-T_v1_RNA_OnPrem","CM-010","NIVOLUMAB","FAVORABLE","PRIMARY",-0.285119863515343,36.5260274,1,"Low"
"RCC10-98","G138701_RCCBMS-00098-T_v1_RNA_OnPrem","CM-010","NIVOLUMAB","POOR","PRIMARY",0.1518918858832,39.15616438,1,"High"
"RCC10-99","G138701_RCCBMS-00099-T_v1_RNA_OnPrem","CM-010","NIVOLUMAB","FAVORABLE","PRIMARY",-0.145565820704095,1.479452055,1,"Low"
"RCC10-103","G138701_RCCBMS-00103-T_v1_RNA_OnPrem","CM-010","NIVOLUMAB","FAVORABLE","PRIMARY",0.510353290499623,13.21643836,0,"High"
"RCC10-110","G138701_RCCBMS-00110-T_v1_RNA_OnPrem","CM-010","NIVOLUMAB","FAVORABLE","PRIMARY",-0.763293166268703,9.435616438,1,"Low"
"RCC10-111","G138701_RCCBMS-00111-T_v1_RNA_OnPrem","CM-010","NIVOLUMAB","INTERMEDIATE","PRIMARY",0.365892435374329,4.043835616,1,"High"
"RCC10-113","G138701_RCCBMS-00113-T_v1_RNA_OnPrem","CM-010","NIVOLUMAB","FAVORABLE","PRIMARY",0.0806156136596851,68.94246575,0,"High"
"RCC10-116","G138701_RCCBMS-00116-T_v1_RNA_OnPrem","CM-010","NIVOLUMAB","POOR","PRIMARY",-0.488907529815446,5.950684932,1,"Low"
"RCC10-125","G138701_RCCBMS-00125-T_v1_RNA_OnPrem","CM-010","NIVOLUMAB","INTERMEDIATE","PRIMARY",0.203252490773296,69.99452055,0,"High"
"RCC10-136","G138701_RCCBMS-00136-T_v1_RNA_OnPrem","CM-010","NIVOLUMAB","INTERMEDIATE","PRIMARY",-0.29787506371689,35.57260274,1,"Low"
"RCC10-137","G138701_RCCBMS-00137-T_v1_RNA_OnPrem","CM-010","NIVOLUMAB","POOR","PRIMARY",0.031300411278866,22.84931507,1,"High"
"RCC10-141","G138701_RCCBMS-00141-T_v1_RNA_OnPrem","CM-010","NIVOLUMAB","POOR","PRIMARY",0.473562359070944,68.54794521,0,"High"
"RCC10-154","G138701_RCCBMS-00154-T_v1_RNA_OnPrem","CM-010","NIVOLUMAB","FAVORABLE","PRIMARY",-0.2138824757512,46.25753425,1,"Low"
"RCC10-163","G138701_RCCBMS-00163-T_v1_RNA_OnPrem","CM-010","NIVOLUMAB","INTERMEDIATE","PRIMARY",-0.29491781222107,63.97808219,0,"Low"
"RCC10-165","G138701_RCCBMS-00165-T_v1_RNA_OnPrem","CM-010","NIVOLUMAB","POOR","PRIMARY",0.513548284504049,50.36712329,1,"High"
"RCC10-169","G138701_RCCBMS-00169-T_v1_RNA_OnPrem","CM-010","NIVOLUMAB","FAVORABLE","PRIMARY",0.603354699496533,61.84109589,0,"High"
"RCC10-178","G138701_RCCBMS-00178-T_v1_RNA_OnPrem","CM-010","NIVOLUMAB","INTERMEDIATE","PRIMARY",-0.361374786699104,8.219178082,1,"Low"
"RCC10-191","G138701_RCCBMS-00191-T_v1_RNA_OnPrem","CM-010","NIVOLUMAB","INTERMEDIATE","PRIMARY",0.272560779979613,6.936986301,1,"High"
"RCC10-194","G138701_RCCBMS-00194-T_v1_RNA_OnPrem","CM-010","NIVOLUMAB","INTERMEDIATE","PRIMARY",0.308782628276038,7.989041096,1,"High"
"RCC25-347","P66282-01B-Run1_S1_L001","CM-025","NIVOLUMAB","POOR","PRIMARY",-0.197722498484261,42.38193019,1,"Low"
"RCC25-593","P66282-01G-Run1_S3_L001","CM-025","NIVOLUMAB","INTERMEDIATE","PRIMARY",0.342488209672665,57.75770021,0,"High"
"RCC25-3","P66282-01H-Run1_S4_L001","CM-025","EVEROLIMUS","FAVORABLE","PRIMARY",-0.558363379139329,21.2238193,1,"Low"
"RCC25-933","P66282-02E-Run1_S6_L001","CM-025","EVEROLIMUS","INTERMEDIATE","PRIMARY",-0.358928656969578,25.52772074,1,"Low"
"RCC25-133","P66282-03A-Run1_S9_L001","CM-025","EVEROLIMUS","FAVORABLE","PRIMARY",0.196329821429545,43.17043121,1,"High"
"RCC25-535","P66282-03D-Run1_S11_L001","CM-025","NIVOLUMAB","INTERMEDIATE","PRIMARY",-0.260531324195602,5.519507187,0,"Low"
"RCC25-861","P66282-03F-Run1_S12_L001","CM-025","EVEROLIMUS","FAVORABLE","PRIMARY",-0.291738082729214,36.04106776,1,"Low"
"RCC25-73","P66282-04A-Run1_S14_L002","CM-025","NIVOLUMAB","INTERMEDIATE","PRIMARY",-0.459162515522301,45.17453799,1,"Low"
"RCC25-495","P66282-04E-Run1_S18_L002","CM-025","EVEROLIMUS","FAVORABLE","PRIMARY",-0.363064294656795,3.58110883,1,"Low"
"RCC25-363","P66282-04H-Run1_S20_L002","CM-025","EVEROLIMUS","POOR","PRIMARY",0.379970784040377,51.38398357,1,"High"
"RCC25-134","P66282-05D-Run1_S21_L002","CM-025","NIVOLUMAB","INTERMEDIATE","PRIMARY",-0.462605026142776,21.9137577,1,"Low"
"RCC25-889","P66282-05F-Run1_S22_L002","CM-025","EVEROLIMUS","FAVORABLE","PRIMARY",-0.0504854165666437,20.13963039,1,"Low"
"RCC25-539","P66282-05G-Run1_S23_L002","CM-025","NIVOLUMAB","POOR","PRIMARY",0.0395181462977717,18.13552361,1,"High"
"RCC25-683","P66282-06B-Run1_S17_L002","CM-025","EVEROLIMUS","INTERMEDIATE","PRIMARY",0.671183729465618,17.01848049,0,"High"
"RCC25-520","P66282-07F-Run1_S2_L001","CM-025","EVEROLIMUS","POOR","METASTASIS",0.0496328452887372,13.33880904,1,"High"
"RCC25-959","P66282-07G-Run1_S3_L001","CM-025","EVEROLIMUS","INTERMEDIATE","PRIMARY",0.632618128116869,2.201232033,1,"High"
"RCC25-463","P66282-08A-Run1_S5_L001","CM-025","EVEROLIMUS","FAVORABLE","METASTASIS",-0.431193314896903,35.67967146,1,"Low"
"RCC25-639","P66282-09A-Run1_S8_L001","CM-025","EVEROLIMUS","FAVORABLE","PRIMARY",-0.246953795006472,32.75564682,1,"Low"
"RCC25-349","P66282-09E-Run1_S10_L001","CM-025","EVEROLIMUS","INTERMEDIATE","METASTASIS",-0.089989455357345,16.95277207,1,"Low"
"RCC25-434","P66282-10B-Run1_S11_L001","CM-025","EVEROLIMUS","FAVORABLE","METASTASIS",-0.677201346225379,49.08418891,1,"Low"
"RCC25-351","P66282-10E-Run1_S12_L002","CM-025","NIVOLUMAB","INTERMEDIATE","PRIMARY",-1.0200725972653,35.1211499,1,"Low"
"RCC25-556","P66282-10F-Run1_S13_L002","CM-025","EVEROLIMUS","INTERMEDIATE","PRIMARY",0.424817091059828,15.21149897,0,"High"
"RCC25-37","P66282-11A-Run1_S15_L002","CM-025","EVEROLIMUS","INTERMEDIATE","PRIMARY",-0.622044535783443,26.21765914,1,"Low"
"RCC25-297","P66282-11B-Run1_S16_L002","CM-025","EVEROLIMUS","FAVORABLE","PRIMARY",-0.671521011301987,17.24845996,1,"Low"
"RCC25-32","P66282-11E-Run1_S19_L002","CM-025","EVEROLIMUS","POOR","PRIMARY",-1.25543320956807,7.195071869,1,"Low"
"RCC25-706","P66282-11G-Run1_S20_L002","CM-025","NIVOLUMAB","INTERMEDIATE","PRIMARY",0.142220799110667,2.004106776,1,"High"
"RCC25-78","P66282-12A-Run1_S22_L002","CM-025","EVEROLIMUS","INTERMEDIATE","PRIMARY",0.235138556814823,2.924024641,1,"High"
"RCC25-899","P66287-01A-Run1_S16_L002","CM-025","EVEROLIMUS","FAVORABLE","PRIMARY",0.40423426119394,5.585215606,1,"High"
"RCC25-441","P66287-01D-Run1_S1_L001","CM-025","EVEROLIMUS","FAVORABLE","METASTASIS",0.0906535973333902,58.64476386,0,"High"
"RCC25-788","P66287-01F-Run1_S3_L001","CM-025","EVEROLIMUS","POOR","PRIMARY",-0.300014923935132,1.379876797,1,"Low"
"RCC25-1041","P66287-02A-Run1_S5_L001","CM-025","NIVOLUMAB","INTERMEDIATE","PRIMARY",-0.273311399365532,50.75975359,0,"Low"
"RCC25-371","P66287-03A-Run1_S9_L001","CM-025","NIVOLUMAB","POOR","PRIMARY",0.147154159033675,5.256673511,1,"High"
"RCC25-57","P66287-04D-Run1_S18_L002","CM-025","NIVOLUMAB","INTERMEDIATE","METASTASIS",-0.0166222422355472,40.01642711,1,"High"
"RCC25-344","P66287-04E-Run1_S19_L002","CM-025","EVEROLIMUS","INTERMEDIATE","PRIMARY",0.256692713952869,11.86036961,1,"High"
"RCC25-887","P66287-04G-Run1_S20_L002","CM-025","NIVOLUMAB","FAVORABLE","PRIMARY",0.179518317033459,27.69609856,1,"High"
"RCC25-112","P66287-05E-Run1_S24_L002","CM-025","NIVOLUMAB","FAVORABLE","PRIMARY",-0.512721898523702,60.64887064,0,"Low"
"RCC25-213","P66287-06H-Run1_S30_L002","CM-025","NIVOLUMAB","INTERMEDIATE","PRIMARY",0.0283081027666379,12.94455852,1,"High"
"RCC25-362","P66287-07B-Run1_S2_L001","CM-025","NIVOLUMAB","INTERMEDIATE","PRIMARY",-0.536511728990676,59.92607803,0,"Low"
"RCC25-1061","P66287-07G-Run1_S4_L001","CM-025","EVEROLIMUS","POOR","PRIMARY",-0.505844301374603,51.05544148,0,"Low"
"RCC25-992","P66287-08B-Run1_S7_L001","CM-025","NIVOLUMAB","POOR","METASTASIS",-0.272062059481176,13.33880904,1,"Low"
"RCC25-84","P66287-09C-Run1_S12_L001","CM-025","NIVOLUMAB","FAVORABLE","PRIMARY",0.236702622781915,44.58316222,1,"High"
"RCC25-859","P66287-09H-Run1_S14_L001","CM-025","NIVOLUMAB","INTERMEDIATE","PRIMARY",-0.114097193813823,17.57700205,1,"Low"
"RCC25-995","P66287-11A-Run1_S20_L002","CM-025","EVEROLIMUS","INTERMEDIATE","PRIMARY",-0.50949072114564,19.67967146,1,"Low"
"RCC25-940","P66287-11B-Run1_S21_L002","CM-025","NIVOLUMAB","POOR","PRIMARY",-0.219286101826755,9.330595483,1,"Low"
"RCC25-619","P66287-11C-Run1_S22_L002","CM-025","NIVOLUMAB","INTERMEDIATE","PRIMARY",-0.911708257000618,16.72279261,1,"Low"
"RCC25-137","P66287-11D-Run1_S23_L002","CM-025","EVEROLIMUS","INTERMEDIATE","METASTASIS",0.461363214340783,3.351129363,1,"High"
"RCC25-562","P66287-11E-Run1_S24_L002","CM-025","EVEROLIMUS","FAVORABLE","METASTASIS",0.218927238976518,16.03285421,1,"High"
"RCC25-737","P66287-12C-Run1_S29_L002","CM-025","EVEROLIMUS","FAVORABLE","METASTASIS",-0.0908520628617009,23.55646817,1,"Low"
"RCC25-578","P66291-01A-Run1_S1_L001","CM-025","EVEROLIMUS","FAVORABLE","PRIMARY",-0.0109964067631373,11.10472279,1,"High"
"RCC25-116","P66291-01B-Run1_S2_L001","CM-025","NIVOLUMAB","INTERMEDIATE","PRIMARY",-0.0256031613423957,63.27720739,0,"Low"
"RCC25-882","P66291-01H-Run1_S5_L001","CM-025","EVEROLIMUS","POOR","PRIMARY",-0.108329835484487,5.552361396,1,"Low"
"RCC25-1062","P66291-02E-Run1_S7_L001","CM-025","EVEROLIMUS","FAVORABLE","PRIMARY",-0.404979559005699,3.646817249,1,"Low"
"RCC25-793","P66291-05G-Run1_S22_L002","CM-025","NIVOLUMAB","FAVORABLE","METASTASIS",0.266560959465712,31.17864476,1,"High"
"RCC25-476","P66291-05H-Run1_S23_L002","CM-025","EVEROLIMUS","INTERMEDIATE","PRIMARY",-0.0757359072932067,1.544147844,1,"Low"
"RCC25-987","P66291-06C-Run1_S26_L002","CM-025","NIVOLUMAB","POOR","METASTASIS",0.995975953740488,10.21765914,1,"High"
"RCC25-1016","P66291-06D-Run1_S27_L002","CM-025","EVEROLIMUS","FAVORABLE","PRIMARY",-0.120914053272845,42.94045175,0,"Low"
"RCC25-602","P66291-06G-Run1_S29_L002","CM-025","EVEROLIMUS","FAVORABLE","PRIMARY",0.0230843141770146,11.8275154,1,"High"
"RCC25-321","P66291-07B-Run1_S17_L002","CM-025","NIVOLUMAB","INTERMEDIATE","PRIMARY",0.0450248882632295,15.11293635,1,"High"
"RCC25-138","P66291-07D-Run1_S2_L001","CM-025","EVEROLIMUS","FAVORABLE","PRIMARY",-0.203868277426407,26.90759754,1,"Low"
"RCC25-522","P66291-07E-Run1_S3_L001","CM-025","NIVOLUMAB","POOR","PRIMARY",0.573485959410467,4.73100616,1,"High"
"RCC25-791","P66291-07H-Run1_S5_L001","CM-025","NIVOLUMAB","INTERMEDIATE","PRIMARY",0.212292474363063,55.68788501,0,"High"
"RCC25-490","P66291-08A-Run1_S6_L001","CM-025","EVEROLIMUS","POOR","PRIMARY",0.792645263589466,9.49486653,1,"High"
"RCC25-1053","P66291-08F-Run1_S7_L001","CM-025","EVEROLIMUS","INTERMEDIATE",NA,0.359661748881637,6.570841889,1,"High"
"RCC25-845","P66291-08G-Run1_S8_L001","CM-025","NIVOLUMAB","INTERMEDIATE","PRIMARY",0.602064378739757,11.23613963,1,"High"
"RCC25-205","P66291-09A-Run1_S10_L001","CM-025","NIVOLUMAB","FAVORABLE","PRIMARY",-0.0157293893275217,29.86447639,1,"High"
"RCC25-184","P66291-09D-Run1_S11_L001","CM-025","NIVOLUMAB","INTERMEDIATE","PRIMARY",-0.134408820092451,19.58110883,1,"Low"
"RCC25-350","P66291-09H-Run1_S15_L001","CM-025","EVEROLIMUS","POOR","PRIMARY",0.34681543525303,10.67761807,1,"High"
"RCC25-18","P66291-10C-Run1_S18_L002","CM-025","EVEROLIMUS","INTERMEDIATE","PRIMARY",0.554669345905205,4.73100616,1,"High"
"RCC25-675","P66291-10E-Run1_S19_L002","CM-025","EVEROLIMUS","INTERMEDIATE","PRIMARY",1.74062605157579,8.213552361,1,"High"
"RCC25-147","P66291-10G-Run1_S20_L002","CM-025","NIVOLUMAB","FAVORABLE","PRIMARY",0.36551526063681,62.48870637,0,"High"
"RCC25-45","P66291-11E-Run1_S23_L002","CM-025","EVEROLIMUS","FAVORABLE","METASTASIS",-0.341127279967766,43.36755647,1,"Low"
"RCC25-146","P66291-11F-Run1_S24_L002","CM-025","NIVOLUMAB","POOR","PRIMARY",-0.578143744356065,13.43737166,1,"Low"
"RCC25-299","P66291-12D-Run1_S29_L002","CM-025","NIVOLUMAB","FAVORABLE","PRIMARY",0.520316208104865,57.00205339,0,"High"
"RCC25-110","P66425-01A-Run1_S1_L001","CM-025","EVEROLIMUS","FAVORABLE","PRIMARY",-0.322190650928108,63.77002053,0,"Low"
"RCC25-608","P66425-02B-Run1_S4_L001","CM-025","EVEROLIMUS","INTERMEDIATE","PRIMARY",-0.271125713988208,56.87063655,0,"Low"
"RCC25-197","P66425-02C-Run1_S5_L001","CM-025","NIVOLUMAB","FAVORABLE","METASTASIS",-0.100411017685715,34.52977413,1,"Low"
"RCC25-559","P66425-02E-Run1_S6_L001","CM-025","NIVOLUMAB","INTERMEDIATE","PRIMARY",-0.125165114956413,10.64476386,1,"Low"
"RCC25-117","P66425-02F-Run1_S7_L001","CM-025","NIVOLUMAB","FAVORABLE","PRIMARY",-0.338682058072568,10.87474333,1,"Low"
"RCC25-30","P66425-03B-Run1_S10_L001","CM-025","NIVOLUMAB","INTERMEDIATE","PRIMARY",0.131819703063892,9.593429158,1,"High"
"RCC25-66","P66425-03D-Run1_S11_L001","CM-025","NIVOLUMAB","INTERMEDIATE","PRIMARY",-0.360868631903753,56.54209446,1,"Low"
"RCC25-202","P66425-03F-Run1_S12_L001","CM-025","EVEROLIMUS","INTERMEDIATE","PRIMARY",-1.47075876643875,58.05338809,1,"Low"
"RCC25-579","P66425-04C-Run1_S18_L002","CM-025","EVEROLIMUS","FAVORABLE","PRIMARY",0.424716711951576,57.52772074,0,"High"
"RCC25-105","P66425-05B-Run1_S21_L002","CM-025","NIVOLUMAB","FAVORABLE","METASTASIS",-0.0258334120858075,63.50718686,0,"Low"
"RCC25-515","P66425-06E-Run1_S28_L002","CM-025","NIVOLUMAB","POOR","PRIMARY",-0.0173191126961163,9.067761807,1,"High"
"RCC25-329","P66425-06F-Run1_S29_L002","CM-025","NIVOLUMAB","FAVORABLE","PRIMARY",-0.106383084463224,60.02464066,0,"Low"
"RCC25-596","P66425-06G-Run1_S30_L002","CM-025","NIVOLUMAB","POOR","PRIMARY",0.403293382949007,22.86652977,1,"High"
"RCC25-75","P66425-07A-Run1_S1_L001","CM-025","EVEROLIMUS","POOR","METASTASIS",0.496831889823438,7.12936345,1,"High"
"RCC25-451","P66425-07C-Run1_S2_L001","CM-025","NIVOLUMAB","POOR","PRIMARY",0.00496242412608388,22.43942505,1,"High"
"RCC25-96","P66425-08C-Run1_S5_L001","CM-025","EVEROLIMUS","FAVORABLE","PRIMARY",-0.150887627450096,63.27720739,0,"Low"
"RCC25-201","P66425-08E-Run1_S6_L001","CM-025","EVEROLIMUS","INTERMEDIATE","PRIMARY",0.107048233759649,8.049281314,1,"High"
"RCC25-516","P66425-08F-Run1_S7_L001","CM-025","NIVOLUMAB","INTERMEDIATE","PRIMARY",-0.574356297161779,50.03696099,1,"Low"
"RCC25-217","P66425-09F-Run1_S12_L001","CM-025","EVEROLIMUS","POOR","PRIMARY",-0.109868963388424,4.402464066,1,"Low"
"RCC25-89","P66425-09G-Run1_S13_L001","CM-025","EVEROLIMUS","INTERMEDIATE","PRIMARY",-0.0561237237644057,12.8788501,1,"Low"
"RCC25-86","P66425-10A-Run1_S13_L002","CM-025","NIVOLUMAB","POOR","PRIMARY",0.63555373816415,11.72895277,1,"High"
"RCC25-39","P66425-10B-Run1_S14_L001","CM-025","NIVOLUMAB","INTERMEDIATE","METASTASIS",-0.629169030900464,10.48049281,1,"Low"
"RCC25-242","P66425-10G-Run1_S14_L001","CM-025","EVEROLIMUS","INTERMEDIATE","PRIMARY",0.222509383906001,61.50308008,0,"High"
"RCC25-216","P66425-11E-Run1_S12_L001","CM-025","EVEROLIMUS","FAVORABLE","METASTASIS",1.03354340370587,60.22176591,1,"High"
"RCC25-575","P66425-11F-Run1_S14_L002","CM-025","EVEROLIMUS","INTERMEDIATE","PRIMARY",0.0210651746069582,3.318275154,1,"High"
"RCC25-426","P66432-01D-Run1_S17_L002","CM-025","EVEROLIMUS","FAVORABLE","PRIMARY",-0.145432588907885,8.344969199,1,"Low"
"RCC25-340","P66432-02B-Run1_S21_L002","CM-025","NIVOLUMAB","FAVORABLE","PRIMARY",-0.430919394239824,59.8275154,0,"Low"
"RCC25-9","P66432-02C-Run1_S22_L002","CM-025","NIVOLUMAB","POOR","METASTASIS",-0.0351620579850393,12.25462012,1,"Low"
"RCC25-228","P66432-02G-Run1_S26_L002","CM-025","EVEROLIMUS","FAVORABLE","METASTASIS",-0.0544379273462776,19.31827515,1,"Low"
"RCC25-279","P66432-02H-Run1_S27_L002","CM-025","EVEROLIMUS","INTERMEDIATE","PRIMARY",-0.220620973143877,10.34907598,1,"Low"
"RCC25-398","P66432-03C-Run1_S30_L002","CM-025","EVEROLIMUS","INTERMEDIATE","METASTASIS",0.215457072175681,29.73305955,1,"High"
"RCC25-20","P66432-04D-Run1_S2_L001","CM-025","NIVOLUMAB","INTERMEDIATE","PRIMARY",-0.0708549600222343,43.33470226,1,"Low"
"RCC25-565","P66432-05G-Run1_S6_L001","CM-025","EVEROLIMUS","INTERMEDIATE","METASTASIS",0.0234729436928782,2.759753593,1,"High"
"RCC25-166","P66432-06D-Run1_S11_L001","CM-025","NIVOLUMAB","INTERMEDIATE","METASTASIS",0.170988455938533,12.09034908,1,"High"
"RCC25-108","P66432-07A-Run1_S16_L002","CM-025","EVEROLIMUS","INTERMEDIATE","PRIMARY",-0.0598322943719771,6.209445585,1,"Low"
"RCC25-257","P66432-07D-Run1_S19_L002","CM-025","NIVOLUMAB","INTERMEDIATE","PRIMARY",-0.32620723120035,38.80082136,1,"Low"
"RCC25-416","P66432-07E-Run1_S20_L002","CM-025","NIVOLUMAB","POOR","PRIMARY",0.587262765323139,5.092402464,1,"High"
"RCC25-196","P66432-08B-Run1_S23_L002","CM-025","EVEROLIMUS","INTERMEDIATE","METASTASIS",0.311368517533763,16.22997947,1,"High"
"RCC25-122","P66432-08C-Run1_S24_L002","CM-025","EVEROLIMUS","INTERMEDIATE","PRIMARY",-0.341331800640925,19.74537988,1,"Low"
"RCC25-360","P66432-08G-Run1_S26_L002","CM-025","NIVOLUMAB","POOR","PRIMARY",-0.289143524411831,47.21149897,0,"Low"
"RCC25-54","P66432-10B-Run1_S2_L001","CM-025","EVEROLIMUS","FAVORABLE","PRIMARY",-0.173428087610818,8.049281314,1,"Low"
"RCC25-491","P66432-10G-Run1_S4_L001","CM-025","NIVOLUMAB","INTERMEDIATE","PRIMARY",0.120540861855758,58.90759754,0,"High"
"RCC25-8","P66432-11C-Run1_S7_L001","CM-025","NIVOLUMAB","FAVORABLE",NA,0.0547478133904064,12.48459959,0,"High"
"RCC25-250","P66432-11D-Run1_S8_L001","CM-025","EVEROLIMUS","INTERMEDIATE","PRIMARY",-1.65576284628404,60.94455852,0,"Low"
"RCC25-396","P66451-01E-Run1_S17_L002","CM-025","NIVOLUMAB","POOR","PRIMARY",-0.00520063262539839,59.92607803,0,"High"
"RCC25-370","P66451-02A-Run1_S20_L002","CM-025","EVEROLIMUS","INTERMEDIATE","PRIMARY",0.0324237328272996,8.016427105,1,"High"
"RCC25-533","P66451-02B-Run1_S21_L002","CM-025","EVEROLIMUS","INTERMEDIATE","PRIMARY",0.12126496526505,32.6899384,1,"High"
"RCC25-555","P66451-02H-Run1_S22_L002","CM-025","EVEROLIMUS","POOR","METASTASIS",0.20393401069031,7.162217659,1,"High"
"RCC25-189","P66451-04A-Run1_S2_L001","CM-025","EVEROLIMUS","INTERMEDIATE","METASTASIS",0.734704465234525,41.92197125,1,"High"
"RCC25-253","P66451-04F-Run1_S6_L001","CM-025","NIVOLUMAB","INTERMEDIATE","PRIMARY",-0.36235277953156,22.20944559,1,"Low"
"RCC25-477","P66451-05D-Run1_S8_L001","CM-025","NIVOLUMAB","FAVORABLE","METASTASIS",0.784104857768554,30.06160164,1,"High"
"RCC25-79","P66451-05G-Run1_S9_L001","CM-025","NIVOLUMAB","INTERMEDIATE","METASTASIS",0.425930466699168,13.33880904,1,"High"
"RCC25-313","P66451-06A-Run1_S10_L001","CM-025","EVEROLIMUS","POOR","PRIMARY",-0.388339211791884,22.76796715,1,"Low"
"RCC25-480","P66451-06C-Run1_S12_L001","CM-025","NIVOLUMAB","INTERMEDIATE","METASTASIS",0.700388494358854,28.25462012,1,"High"
"RCC25-550","P66451-06G-Run1_S14_L001","CM-025","EVEROLIMUS","FAVORABLE","PRIMARY",0.276949953589944,19.54825462,1,"High"
"RCC25-378","P66451-07A-Run1_S15_L002","CM-025","NIVOLUMAB","FAVORABLE","PRIMARY",0.757048055426411,16.78850103,1,"High"
"RCC25-90","P66451-07C-Run1_S17_L002","CM-025","EVEROLIMUS","INTERMEDIATE","PRIMARY",-0.392949663177364,0.788501027,1,"Low"
"RCC25-145","P66451-07E-Run1_S19_L002","CM-025","EVEROLIMUS","INTERMEDIATE","PRIMARY",-0.568129687390486,18.4312115,1,"Low"
"RCC25-68","P66451-08A-Run1_S21_L002","CM-025","EVEROLIMUS","POOR","METASTASIS",0.163389252745776,3.811088296,1,"High"
"RCC25-151","P66451-08D-Run1_S23_L002","CM-025","EVEROLIMUS","INTERMEDIATE","PRIMARY",0.161509855243019,62.39014374,0,"High"
"RCC25-346","P66451-08G-Run1_S25_L002","CM-025","NIVOLUMAB","INTERMEDIATE","PRIMARY",0.64858397959888,14.42299795,1,"High"
"RCC25-496","P66451-08H-Run1_S26_L002","CM-025","NIVOLUMAB","INTERMEDIATE","METASTASIS",0.233354609382493,0.952772074,0,"High"
"RCC25-207","P66451-09H-Run1_S2_L001","CM-025","NIVOLUMAB","FAVORABLE","PRIMARY",0.231482452378632,19.77823409,1,"High"
"RCC25-849","P66507-01E-Run1_S19_L002","CM-025","NIVOLUMAB","FAVORABLE","PRIMARY",-0.327050418803318,40.31211499,0,"Low"
"RCC25-907","P66507-01G-Run1_S20_L002","CM-025","EVEROLIMUS","FAVORABLE","METASTASIS",0.640338389847118,14.29158111,1,"High"
"RCC25-644","P66507-02A-Run1_S22_L002","CM-025","EVEROLIMUS","POOR","PRIMARY",-0.152743231824992,21.12525667,1,"Low"
"RCC25-732","P66507-02B-Run1_S23_L002","CM-025","NIVOLUMAB","POOR","PRIMARY",0.696717187794573,1.577002053,1,"High"
"RCC25-753","P66507-02D-Run1_S25_L002","CM-025","NIVOLUMAB","INTERMEDIATE","PRIMARY",-0.378829668457486,47.70431212,1,"Low"
"RCC25-805","P66507-02H-Run1_S29_L002","CM-025","EVEROLIMUS","INTERMEDIATE","PRIMARY",-0.08213755569587,55.49075975,0,"Low"
"RCC25-693","P66507-03H-Run1_S30_L002","CM-025","NIVOLUMAB","FAVORABLE","METASTASIS",0.42886770269792,31.34291581,1,"High"
"RCC25-10","P66507-04A-Run1_S1_L001","CM-025","NIVOLUMAB","FAVORABLE","PRIMARY",0.232629450783982,65.80698152,0,"High"
"RCC25-650","P66507-04C-Run1_S2_L001","CM-025","EVEROLIMUS","POOR","PRIMARY",0.060373270352014,8.147843943,1,"High"
"RCC25-756","P66507-04D-Run1_S3_L001","CM-025","NIVOLUMAB","FAVORABLE","PRIMARY",-0.471282622492967,55.35934292,0,"Low"
"RCC25-730","P66507-06C-Run1_S10_L001","CM-025","EVEROLIMUS","FAVORABLE","PRIMARY",0.113241393534134,53.81519507,1,"High"
"RCC25-909","P66507-06E-Run1_S12_L001","CM-025","EVEROLIMUS","FAVORABLE","PRIMARY",0.13125599776579,25.724846,1,"High"
"RCC25-671","P66507-07F-Run1_S16_L002","CM-025","NIVOLUMAB","POOR","PRIMARY",0.36569331933178,1.77412731,1,"High"
"RCC25-892","P66507-07G-Run1_S17_L002","CM-025","NIVOLUMAB","FAVORABLE","PRIMARY",1.535014798014,55.12936345,0,"High"
"RCC25-914","P66507-08D-Run1_S20_L002","CM-025","NIVOLUMAB","INTERMEDIATE","PRIMARY",0.252705626503765,9.724845996,1,"High"
"RCC25-799","P66507-08F-Run1_S22_L002","CM-025","EVEROLIMUS","INTERMEDIATE","METASTASIS",-0.779426344435077,15.83572895,1,"Low"
"RCC25-648","P66507-08H-Run1_S24_L002","CM-025","EVEROLIMUS","POOR","PRIMARY",0.0926575482327168,35.21971253,0,"High"
"RCC25-669","P66507-09C-Run1_S26_L002","CM-025","NIVOLUMAB","FAVORABLE","METASTASIS",-0.0447053237512882,6.603696099,1,"Low"
"RCC25-787","P66507-10B-Run1_S2_L001","CM-025","EVEROLIMUS","FAVORABLE","PRIMARY",0.246159855956306,26.80903491,0,"High"
"RCC25-897","P66507-10C-Run1_S3_L001","CM-025","EVEROLIMUS","FAVORABLE","PRIMARY",-0.0237566499622645,14.91581109,1,"Low"
"RCC25-1073","P66507-10D-Run1_S4_L001","CM-025","NIVOLUMAB","INTERMEDIATE","METASTASIS",0.205008851244902,38.57084189,1,"High"
"RCC25-782","P66507-11G-Run1_S11_L001","CM-025","EVEROLIMUS","INTERMEDIATE","PRIMARY",-0.00797760509470774,16.42710472,1,"High"
"RCC25-898","P66507-12A-Run1_S12_L001","CM-025","EVEROLIMUS","INTERMEDIATE","PRIMARY",-0.481121926717454,20.99383984,1,"Low"
"RCC25-1065","P66507-12B-Run1_S13_L001","CM-025","NIVOLUMAB","INTERMEDIATE","METASTASIS",-0.269545709100066,50.85831622,0,"Low"
"RCC25-866","P66511-01B-Run1_S15_L002","CM-025","EVEROLIMUS","FAVORABLE","METASTASIS",-0.615899408907351,53.15811088,0,"Low"
"RCC25-919","P66511-01E-Run1_S17_L002","CM-025","NIVOLUMAB","INTERMEDIATE","PRIMARY",-0.143902041277026,23.35934292,1,"Low"
"RCC25-659","P66511-02H-Run1_S26_L002","CM-025","EVEROLIMUS","FAVORABLE","PRIMARY",0.338639320654116,26.57905544,1,"High"
"RCC25-975","P66511-04B-Run1_S2_L001","CM-025","EVEROLIMUS","INTERMEDIATE","PRIMARY",0.902173979230796,22.07802875,1,"High"
"RCC25-879","P66511-04E-Run1_S4_L001","CM-025","EVEROLIMUS","FAVORABLE","METASTASIS",0.229951681123383,1.445585216,1,"High"
"RCC25-872","P66511-04H-Run1_S7_L001","CM-025","EVEROLIMUS","FAVORABLE","PRIMARY",-0.452232624300495,25.85626283,1,"Low"
"RCC25-932","P66511-05E-Run1_S11_L001","CM-025","NIVOLUMAB","INTERMEDIATE","PRIMARY",0.428101991443176,2.135523614,1,"High"
"RCC25-649","P66511-05F-Run1_S12_L001","CM-025","EVEROLIMUS","FAVORABLE","PRIMARY",-0.0446670159060609,57.06776181,0,"Low"
"RCC25-1070","P66511-06B-Run1_S14_L001","CM-025","EVEROLIMUS","INTERMEDIATE","PRIMARY",0.395249816547749,45.96303901,1,"High"
"RCC25-904","P66511-06F-Run1_S15_L001","CM-025","NIVOLUMAB","POOR","METASTASIS",-0.626900231030515,3.022587269,1,"Low"
"RCC25-794","P66511-06G-Run1_S16_L001","CM-025","NIVOLUMAB","INTERMEDIATE","PRIMARY",-0.75981689253721,20.36960986,1,"Low"
"RCC25-1037","P66511-07G-Run1_S18_L002","CM-025","EVEROLIMUS","FAVORABLE","PRIMARY",-0.0207472442900854,45.53593429,0,"High"
"RCC25-656","P66511-07H-Run1_S19_L002","CM-025","NIVOLUMAB","INTERMEDIATE","PRIMARY",0.18844986048549,8.27926078,1,"High"
"RCC25-1052","P66511-08E-Run1_S22_L002","CM-025","EVEROLIMUS","INTERMEDIATE","PRIMARY",-0.175753908647797,21.88090349,1,"Low"
"RCC25-773","P66511-09B-Run1_S26_L002","CM-025","NIVOLUMAB","FAVORABLE","PRIMARY",0.10619550969164,55.88501027,0,"High"
"RCC25-927","P66511-09E-Run1_S29_L002","CM-025","EVEROLIMUS","INTERMEDIATE","METASTASIS",-0.0136038104832833,37.78234086,0,"High"
"RCC25-690","P66511-09G-Run1_S31_L002","CM-025","EVEROLIMUS","FAVORABLE","PRIMARY",-0.0506427538550522,46.48870637,1,"Low"
"RCC25-679","P66511-10D-Run1_S3_L001","CM-025","NIVOLUMAB","INTERMEDIATE","METASTASIS",-0.421301140862189,56.31211499,0,"Low"
"RCC25-915","P66511-10G-Run1_S4_L001","CM-025","NIVOLUMAB","INTERMEDIATE","METASTASIS",-0.87006032826357,8.706365503,1,"Low"
"RCC25-1069","P66511-10H-Run1_S5_L001","CM-025","EVEROLIMUS","INTERMEDIATE","PRIMARY",0.300795674066696,7.359342916,1,"High"
"RCC_102","RCC_102_T_SCR","CM-009","NIVOLUMAB",NA,"METASTASIS",-0.0255257170476731,5.424657534,0,"Low"
"RCC_105","RCC_105_T_SCR","CM-009","NIVOLUMAB",NA,"METASTASIS",0.313679347533948,3.879452055,1,"High"
"RCC_106","RCC_106_T_SCR","CM-009","NIVOLUMAB",NA,"METASTASIS",0.226289384724665,28.60273973,0,"High"
"RCC_115","RCC_115_T_SCR","CM-009","NIVOLUMAB",NA,"METASTASIS",-0.396728112985831,12.03287671,0,"Low"
"RCC_117","RCC_117_T_SCR","CM-009","NIVOLUMAB",NA,"METASTASIS",0.0598278161568469,2.104109589,0,"High"
"RCC_14","RCC_14_T_SCR","CM-009","NIVOLUMAB",NA,"METASTASIS",-0.0607527928261177,33.69863014,0,"Low"
"RCC_18","RCC_18_T_SCR","CM-009","NIVOLUMAB",NA,"METASTASIS",-0.494175113923074,3.649315068,0,"Low"
"RCC_21","RCC_21_T_SCR","CM-009","NIVOLUMAB",NA,"METASTASIS",-0.0122659097317918,11.4739726,0,"High"
"RCC_27","RCC_27_T_SCR","CM-009","NIVOLUMAB",NA,"METASTASIS",0.454532084317316,31.82465753,0,"High"
"RCC_41","RCC_41_T_SCR","CM-009","NIVOLUMAB",NA,"METASTASIS",-0.322100617215797,6.410958904,0,"Low"
"RCC_50","RCC_50_T_SCR","CM-009","NIVOLUMAB",NA,"METASTASIS",0.115989694715086,32.28493151,0,"High"
"RCC_73","RCC_73_T_SCR","CM-009","NIVOLUMAB",NA,"METASTASIS",-0.158888903156455,5.852054795,1,"Low"
"RCC_90","RCC_90_T_SCR","CM-009","NIVOLUMAB",NA,"METASTASIS",-0.103526414813631,16.40547945,1,"Low"
"RCC_93","RCC_93_T_SCR","CM-009","NIVOLUMAB",NA,"METASTASIS",-0.00728887206524157,22.48767123,1,"High"
"RCC_96","RCC_96_T_SCR","CM-009","NIVOLUMAB",NA,"METASTASIS",-0.191509529601428,19.13424658,0,"Low"
"RCC_99","RCC_99_T_SCR","CM-009","NIVOLUMAB",NA,"METASTASIS",0.963179699312723,1.347945205,1,"High"
