"patientId","TAS","os_t","os_s","risk"
"C3L-00004",-0.490648756651291,12.6160164271047,0,"Low"
"C3L-00010",-0.392855558596494,29.4373716632444,0,"Low"
"C3L-00011",1.20226975529907,7.91786447638604,1,"High"
"C3L-00026",-0.491999179445757,58.1190965092402,0,"Low"
"C3L-00079",0.289440153049391,9.00205338809035,1,"High"
"C3L-00088",-0.539860663302638,22.8008213552361,1,"Low"
"C3L-00096",0.560341509492697,2.33264887063655,1,"High"
"C3L-00097",-0.22709405760479,57.0020533880903,0,"Low"
"C3L-00103",0.218880648360191,54.5051334702259,1,"High"
"C3L-00183",-0.326253558876002,7.45790554414784,0,"Low"
"C3L-00360",-0.235470855991775,58.4804928131417,0,"Low"
"C3L-00369",-0.171132470957734,2.98973305954825,1,"Low"
"C3L-00416",-0.343494736216155,19.9753593429158,0,"Low"
"C3L-00418",-0.112253374587404,56.3121149897331,0,"High"
"C3L-00447",-0.305348244893261,22.0451745379877,0,"Low"
"C3L-00448",-0.221683152364588,57.7577002053388,0,"Low"
"C3L-00561",-0.213665768496107,59.006160164271,0,"Low"
"C3L-00581",-0.455509617583629,40.4106776180698,1,"Low"
"C3L-00583",-0.167014967886559,9.88911704312115,0,"Low"
"C3L-00606",-0.218067773157756,34.3326488706366,1,"Low"
"C3L-00607",0.114793145477472,25.6591375770021,1,"High"
"C3L-00610",-0.210528057811678,48.3613963039014,0,"Low"
"C3L-00765",0.377768087240743,46.4558521560575,0,"High"
"C3L-00766",-0.284671130006094,8.73921971252567,0,"Low"
"C3L-00790",-0.239922025579178,14.4887063655031,0,"Low"
"C3L-00791",-0.159413447486793,23.2607802874743,0,"High"
"C3L-00792",-0.801589264092613,46.6201232032854,0,"Low"
"C3L-00796",-0.263251904011821,10.9404517453799,0,"Low"
"C3L-00799",0.217566592729538,16.2628336755647,0,"High"
"C3L-00800",-0.119641331468447,11.3018480492813,0,"High"
"C3L-00817",-0.223122945268167,44.8459958932238,0,"Low"
"C3L-00902",-0.249873560897922,58.8418891170431,0,"Low"
"C3L-00907",-0.153170058602932,58.8418891170431,0,"High"
"C3L-00908",0.189544365217087,58.6447638603696,0,"High"
"C3L-00910",-0.169579515194058,59.0390143737166,0,"Low"
"C3L-00917",-0.280128140733865,58.5790554414784,0,"Low"
"C3L-01281",-0.215187228066417,58.4476386036961,0,"Low"
"C3L-01283",0.241895526598394,24.1478439425051,0,"High"
"C3L-01286",-0.197164656621789,33.7741273100616,1,"Low"
"C3L-01287",0.465280550530588,20.7967145790554,1,"High"
"C3L-01288",-0.433219241476238,59.1375770020534,0,"Low"
"C3L-01302",0.122385942277134,1.80698151950719,1,"High"
"C3L-01313",-0.36242116227798,40.3778234086242,1,"Low"
"C3L-01352",-0.0920911096597264,7.65503080082136,0,"High"
"C3L-01553",-0.328548615934463,12.6160164271047,0,"Low"
"C3L-01557",-0.0267097948158306,10.8090349075975,0,"High"
"C3L-01560",0.135206433452776,8.2135523613963,0,"High"
"C3L-01603",-0.165251411078439,57.9876796714579,0,"Low"
"C3L-01607",-0.0181515533397925,58.9404517453799,0,"High"
"C3L-01836",-0.218088831503822,36.8624229979466,0,"Low"
"C3L-01861",0.198109490470721,57.8562628336756,0,"High"
"C3L-01882",0.111748925438697,11.4989733059548,0,"High"
"C3L-01885",-0.334115826660655,11.2361396303901,0,"Low"
"C3N-00168",0.146078401719821,27.1375770020534,0,"High"
"C3N-00177",-0.0854210963785317,27.6303901437372,0,"High"
"C3N-00194",0.170215338712751,6.83367556468172,0,"High"
"C3N-00242",-0.147100591925082,58.9075975359343,0,"High"
"C3N-00244",-0.193970119169102,23.917864476386,0,"Low"
"C3N-00246",-0.349720280559662,65.9055441478439,0,"Low"
"C3N-00305",-0.329685126234605,62.8501026694045,0,"Low"
"C3N-00310",0.358813585052669,53.3223819301848,1,"High"
"C3N-00312",0.0841732276668663,62.0287474332649,0,"High"
"C3N-00314",0.336701957565617,4.13963039014374,1,"High"
"C3N-00315",0.00827442362213592,61.1416837782341,0,"High"
"C3N-00317",0.211538101737651,37.223819301848,0,"High"
"C3N-00320",-0.265008706461413,60.7474332648871,0,"Low"
"C3N-00380",0.301782915522841,21.7494866529774,0,"High"
"C3N-00390",-0.15870150891154,22.570841889117,0,"High"
"C3N-00437",0.210546476322842,53.782340862423,1,"High"
"C3N-00491",0.173260796994217,3.25256673511294,1,"High"
"C3N-00494",-0.269141800953284,58.6776180698152,0,"Low"
"C3N-00495",0.243373761428094,58.4476386036961,0,"High"
"C3N-00577",0.472879592075466,13.0431211498973,0,"High"
"C3N-00733",-0.0458608865021288,48.0985626283368,0,"High"
"C3N-00831",-0.194388951084064,14.8501026694045,1,"Low"
"C3N-00834",-0.369909827060237,57.659137577002,0,"Low"
"C3N-00852",-0.474415501807545,20.3696098562628,0,"Low"
"C3N-00953",-0.556809832845993,58.6447638603696,0,"Low"
"C3N-01176",0.342017640494146,56.1806981519507,0,"High"
"C3N-01178",0.179451397349638,55.9507186858316,0,"High"
"C3N-01179",-0.249415372245142,59.6632443531828,0,"Low"
"C3N-01200",0.882710659417135,1.5441478439425,1,"High"
"C3N-01213",-0.0372363315359815,21.4866529774127,0,"High"
"C3N-01214",0.312114043479273,21.4537987679671,0,"High"
"C3N-01220",1.03136699700541,20.7967145790554,1,"High"
"C3N-01261",-0.0586724998558702,22.3408624229979,0,"High"
"C3N-01361",-0.313332083357918,59.4989733059548,0,"Low"
"C3N-01522",-0.405776800986217,22.735112936345,0,"Low"
"C3N-01524",-0.163409291682796,22.8008213552361,0,"Low"
"C3N-01646",-0.370909535304912,48.2956878850103,0,"Low"
"C3N-01648",-0.00818824256986288,46.5544147843943,0,"High"
"C3N-01649",0.184812202907754,46.6858316221766,0,"High"
"C3N-01651",-0.327053753793396,46.652977412731,0,"Low"
"C3N-01808",-0.154614063343421,25.5605749486653,0,"High"
