"sample","patientId","TAS","os_t","os_s","risk"
"ccRCC-1","ccRCC_1",-0.495798759559731,111,0,"Low"
"ccRCC-10","ccRCC_10",1.38021706011666,3,1,"High"
"ccRCC-100","ccRCC_100",-0.0889213651494603,142,0,"Low"
"ccRCC-102","ccRCC_102",1.04305112266315,142,0,"High"
"ccRCC-103","ccRCC_103",-0.108944807554644,145,0,"Low"
"ccRCC-104","ccRCC_104",-0.0363771924871966,116,0,"High"
"ccRCC-105","ccRCC_105",0.348402572822149,73,0,"High"
"ccRCC-106","ccRCC_106",-0.00996505987265354,63,1,"High"
"ccRCC-11","ccRCC_11",0.151658045728577,79,0,"High"
"ccRCC-12","ccRCC_12",-0.297195297868249,30,0,"Low"
"ccRCC-13","ccRCC_13",0.186612590226343,18,1,"High"
"ccRCC-14","ccRCC_14",-0.104220037517314,76,0,"Low"
"ccRCC-15","ccRCC_15",-0.0150528955713405,69,1,"High"
"ccRCC-16","ccRCC_16",-0.29112200504302,73,0,"Low"
"ccRCC-17","ccRCC_17",0.18663527239778,74,0,"High"
"ccRCC-18","ccRCC_18",-0.131815967232314,71,0,"Low"
"ccRCC-19","ccRCC_19",0.376430006075261,70,0,"High"
"ccRCC-2","ccRCC_2",0.089024532732716,73,1,"High"
"ccRCC-20","ccRCC_20",-0.389866634622171,31,0,"Low"
"ccRCC-21","ccRCC_21",-0.410922720255473,36,0,"Low"
"ccRCC-22","ccRCC_22",0.146134435322629,11,1,"High"
"ccRCC-23","ccRCC_23",0.133387093907503,39,0,"High"
"ccRCC-24","ccRCC_24",-0.208023497099622,25,1,"Low"
"ccRCC-25","ccRCC_25",-0.33485121748383,45,0,"Low"
"ccRCC-26","ccRCC_26",0.545818458572821,60,0,"High"
"ccRCC-27","ccRCC_27",0.182631543063645,53,0,"High"
"ccRCC-28","ccRCC_28",-0.370147573453687,51,0,"Low"
"ccRCC-29","ccRCC_29",-0.439068464624685,57,0,"Low"
"ccRCC-3","ccRCC_3",-0.273225975172543,8,1,"Low"
"ccRCC-30","ccRCC_30",1.06589739396936,14,1,"High"
"ccRCC-31","ccRCC_31",0.816880006205235,52,0,"High"
"ccRCC-32","ccRCC_32",0.130047684606718,44,1,"High"
"ccRCC-34","ccRCC_34",-0.219379839696429,51,0,"Low"
"ccRCC-35","ccRCC_35",-0.123640646496659,46,0,"Low"
"ccRCC-36","ccRCC_36",-0.0768064127135975,47,0,"Low"
"ccRCC-37","ccRCC_37",-0.502899598312282,50,0,"Low"
"ccRCC-38","ccRCC_38",-0.00966163411590694,46,0,"High"
"ccRCC-39","ccRCC_39",-0.781703021468594,30,0,"Low"
"ccRCC-4","ccRCC_4",-0.0105024749235101,9,1,"High"
"ccRCC-40","ccRCC_40",-0.278880029082566,34,0,"Low"
"ccRCC-41","ccRCC_41",0.24175420014895,18,1,"High"
"ccRCC-42","ccRCC_42",-0.402753648864978,39,0,"Low"
"ccRCC-43","ccRCC_43",-1.01989182392971,35,0,"Low"
"ccRCC-44","ccRCC_44",0.298990881302747,35,0,"High"
"ccRCC-45","ccRCC_45",1.14850798498295,34,0,"High"
"ccRCC-46","ccRCC_46",-0.383632192167175,33,0,"Low"
"ccRCC-48","ccRCC_48",0.00691868574427331,33,0,"High"
"ccRCC-49","ccRCC_49",-0.893996382747698,43,0,"Low"
"ccRCC-5","ccRCC_5",0.0925335902295182,98,0,"High"
"ccRCC-50","ccRCC_50",1.31405009830339,30,0,"High"
"ccRCC-51","ccRCC_51",-0.240162262136554,47,0,"Low"
"ccRCC-52","ccRCC_52",0.00317330559572833,45,0,"High"
"ccRCC-53","ccRCC_53",-0.462004742615878,42,0,"Low"
"ccRCC-54","ccRCC_54",-0.256959850774877,40,0,"Low"
"ccRCC-55","ccRCC_55",0.982967907807814,42,0,"High"
"ccRCC-56","ccRCC_56",-0.432303987235896,65,0,"Low"
"ccRCC-58","ccRCC_58",0.228585198476704,37,0,"High"
"ccRCC-59","ccRCC_59",0.0332019001840968,31,0,"High"
"ccRCC-6","ccRCC_6",-0.352812271618119,94,0,"Low"
"ccRCC-60","ccRCC_60",-0.290947740251548,49,0,"Low"
"ccRCC-61","ccRCC_61",-0.441940219620783,49,0,"Low"
"ccRCC-62","ccRCC_62",0.0518184291457414,54,0,"High"
"ccRCC-63","ccRCC_63",-0.117892185438967,57,0,"Low"
"ccRCC-64","ccRCC_64",0.765073132274748,81,0,"High"
"ccRCC-65","ccRCC_65",0.732790624777277,10,1,"High"
"ccRCC-66","ccRCC_66",-0.0917215312358528,84,0,"Low"
"ccRCC-67","ccRCC_67",-0.497529695468668,42,1,"Low"
"ccRCC-68","ccRCC_68",-0.299039146468125,88,0,"Low"
"ccRCC-69","ccRCC_69",-0.539593570653869,89,0,"Low"
"ccRCC-7","ccRCC_7",-0.00646510543634978,11,0,"High"
"ccRCC-70","ccRCC_70",0.530514436185726,18,1,"High"
"ccRCC-71","ccRCC_71",0.292846926703593,72,0,"High"
"ccRCC-72","ccRCC_72",-0.696405869506446,92,0,"Low"
"ccRCC-73","ccRCC_73",-0.396214360657543,88,0,"Low"
"ccRCC-75","ccRCC_75",0.0565443309516343,6,1,"High"
"ccRCC-76","ccRCC_76",-0.306331849902535,32,1,"Low"
"ccRCC-77","ccRCC_77",-0.106145135175645,62,0,"Low"
"ccRCC-78","ccRCC_78",0.0301942214568228,87,0,"High"
"ccRCC-79","ccRCC_79",-0.0620305357877547,89,0,"Low"
"ccRCC-8","ccRCC_8",-0.388117565901386,80,0,"Low"
"ccRCC-80","ccRCC_80",-0.240617995241514,100,0,"Low"
"ccRCC-81","ccRCC_81",0.137014971258341,43,1,"High"
"ccRCC-82","ccRCC_82",-0.30244354951333,103,0,"Low"
"ccRCC-83","ccRCC_83",0.2756238585397,10,0,"High"
"ccRCC-84","ccRCC_84",0.720548594044225,67,0,"High"
"ccRCC-85","ccRCC_85",-0.198447016895403,111,0,"Low"
"ccRCC-86","ccRCC_86",-0.430133227952114,113,0,"Low"
"ccRCC-87","ccRCC_87",-0.897123318098292,79,0,"Low"
"ccRCC-88","ccRCC_88",0.615468466102468,96,0,"High"
"ccRCC-89","ccRCC_89",-0.803311938114198,117,0,"Low"
"ccRCC-9","ccRCC_9",0.780609825061591,12,1,"High"
"ccRCC-90","ccRCC_90",0.169439563071954,39,1,"High"
"ccRCC-91","ccRCC_91",0.131578203174845,63,1,"High"
"ccRCC-92","ccRCC_92",-0.130410887116209,122,0,"Low"
"ccRCC-93","ccRCC_93",0.150467014124235,122,0,"High"
"ccRCC-94","ccRCC_94",0.251729568741821,16,1,"High"
"ccRCC-95","ccRCC_95",0.819593654938252,132,0,"High"
"ccRCC-96","ccRCC_96",-0.0405503422423389,131,0,"High"
"ccRCC-97","ccRCC_97",-0.103246523999698,33,1,"Low"
"ccRCC-98","ccRCC_98",-0.0415958830999897,1,0,"High"
"ccRCC-99","ccRCC_99",0.236398091507219,111,0,"High"
