"cell","mean_high","mean_low","wilcox_p","spearman_rho","spearman_p","wilcox_fdr","spearman_fdr"
"Macrophage",0.422801419577148,0.463968801460715,1.74418028490382e-13,-0.358602334483109,7.32852908688835e-17,4.88370479773069e-12,2.05198814432874e-15
"M2 macrophage",0.1218545684529,0.172872328393684,4.28963405025744e-12,-0.349812676212465,5.32655331819669e-16,6.00548767036041e-11,7.45717464547536e-15
"CD56bright NK cell",0.0403047624189613,-0.00468700791772226,1.80284676076781e-11,0.321899697263084,1.39304084223371e-13,1.68265697671662e-10,1.30017145275146e-12
"Type 17 T helper cell",-0.1270988236702,-0.0838677854277173,1.29760929484275e-09,-0.298153984922378,8.71360047720399e-12,9.08326506389927e-09,4.87961626723423e-11
"Memory B cell",-0.171356133555175,-0.218911083123556,1.6871495311932e-09,0.306689735258504,1.59001453475441e-12,9.44803737468192e-09,1.11301017432809e-11
"B cell",-0.103896332411871,-0.163150744317827,9.42609279519502e-08,0.271311061472171,5.9638395997776e-10,4.39884330442434e-07,2.08734385992216e-09
"T follicular helper cell",-0.0695653296818009,-0.0936485612090755,2.20832479413957e-07,0.292424382363325,2.23033937272016e-11,8.83329917655828e-07,1.04082504060274e-10
"Mast cell",0.0929309678963497,0.168590423495895,3.49766549936014e-07,-0.290857103470522,2.87363648604924e-11,1.14146028412026e-06,1.14945459441969e-10
"Type 1 T helper cell",-0.0671222986722782,-0.0966154182439034,3.66897948467226e-07,0.262784394252017,2.08337392816321e-09,1.14146028412026e-06,6.48160777650776e-09
"Gamma delta T cell",0.328451754915974,0.291518083444071,6.2799687228221e-07,0.254565087761262,5.89827201427091e-09,1.75839124239019e-06,1.6445372694218e-08
"CD56dim NK cell",0.149773247118283,0.12296921493675,2.93204468837516e-06,0.223113802919576,4.04241636528255e-07,7.4633864795004e-06,9.43230485232595e-07
"Regulatory T cell",-0.105768242367933,-0.135064421076043,5.24795649337051e-06,0.254806210569164,6.46068212987135e-09,1.22452318178645e-05,1.6445372694218e-08
"NK cell",0.146863348522277,0.114708469856681,1.31160539031949e-05,0.207299133236738,2.58348238940726e-06,2.73780901958176e-05,4.82250046022688e-06
"NKT cell",0.268535257225015,0.23908090910682,1.36890450979088e-05,0.21379060435828,1.15583433721463e-06,2.73780901958176e-05,2.42745667074442e-06
"M1 macrophage",0.0728232067829763,0.0926927679993975,3.13392095891802e-05,-0.20234914254137,4.48964102572154e-06,5.8499857899803e-05,7.85687179501269e-06
"Activated CD8 T cell",0.218499153472787,0.188606859373711,0.000105500417200144,0.190175682242763,1.65269458805188e-05,0.000184625730100252,2.57085824808071e-05
"Immature dendritic cell",0.108328726985314,0.130267770814009,0.000112247291166912,-0.213881576436151,1.21372833537221e-06,0.000184877891333738,2.42745667074442e-06
"Activated CD4 T cell",0.147988100526263,0.132881980242856,0.000232765426771309,0.191297272493523,1.47054897981747e-05,0.000362079552755369,2.42208067264054e-05
"Activated dendritic cell",0.179419755078276,0.194884271604319,0.0003538504971838,-0.176346061623663,6.60483895674274e-05,0.000521463890586653,9.73344688362089e-05
"Plasma cell",0.350301774493225,0.327208735386676,0.000460936498865916,0.163193490547435,0.000220818351585112,0.000645311098412282,0.000309145692219156
"Effector memory CD8 T cell",0.22621153939465,0.1940179983884,0.00105025982558038,0.162303253728466,0.000243555854786157,0.00140034643410717,0.000324741139714876
"Plasmacytoid dendritic cell",0.136978016791174,0.152680219011667,0.00822765020803801,-0.130960147343622,0.00312520386803745,0.0104715548102302,0.00397753219568403
"Eosinophil",-0.299999661483235,-0.287042526711685,0.0156966403683844,-0.124775977153354,0.00488165388362667,0.0191089534919462,0.00594288298876291
"Monocyte",0.386157995290629,0.374751924034232,0.020782127998842,0.103036733293564,0.0202260128284173,0.0242458159986491,0.0226531343678274
"Central memory CD8 T cell",0.135307902745372,0.149952762949976,0.0432013369161937,-0.0672431480062504,0.130105026800873,0.0483854973461369,0.140113105785556
"Type 2 T helper cell",-0.320051700498868,-0.31396160138329,0.205899555536823,-0.10613943899021,0.0167052428729342,0.22173798288581,0.0194894500184232
"MDSC",0.108493837181164,0.0993698513136781,0.394859849443161,0.0586326338368025,0.186972947689613,0.409484288311426,0.193897871678118
"Neutrophil",-0.00576417015092228,-0.00351432239760649,0.539299803727441,-0.0379283871993535,0.393497310355061,0.539299803727441,0.393497310355061
