"a","b","rho","p","fdr","lab"
"TAS","TAS",1,0,NA,""
"Age","TAS",0.0418916773841709,0.346050225196809,0.377509336578337,"0.04"
"Stage","TAS",0.302286641949223,3.40538498388112e-12,1.11448963108837e-11,"0.30*"
"M2 macrophage","TAS",-0.349812676212465,4.54800794131882e-16,3.27456571774955e-15,"-0.35*"
"Mast cell","TAS",-0.290857103470522,2.31730304349756e-11,5.88589206581461e-11,"-0.29*"
"Type 17 T helper cell","TAS",-0.298153984922378,6.87963993845048e-12,1.90513105987859e-11,"-0.30*"
"CD56bright NK cell","TAS",0.321899697263084,1.03612405465776e-13,4.6625582459599e-13,"0.32*"
"Memory B cell","TAS",0.306689735258504,1.59001453475441e-12,5.72405232511588e-12,"0.31*"
"B cell","TAS",0.271311061472171,5.06874758319909e-10,1.1404682062198e-09,"0.27*"
"TAS","Age",0.0418916773841709,0.346050225196809,0.377509336578337,"0.04"
"Age","Age",1,0,NA,""
"Stage","Age",0.0984293764862351,0.0265269073937416,0.0353692098583221,"0.10*"
"M2 macrophage","Age",-0.0705401267599165,0.112296352995448,0.134755623594537,"-0.07"
"Mast cell","Age",-0.12412649330668,0.00508468319617057,0.00762702479425586,"-0.12*"
"Type 17 T helper cell","Age",-0.000124073567460192,0.997774234247747,0.997774234247747,"-0.00"
"CD56bright NK cell","Age",0.107968909971067,0.0149073684448382,0.0206409716928529,"0.11*"
"Memory B cell","Age",-0.0157547115917933,0.723158722892707,0.743820400689642,"-0.02"
"B cell","Age",0.0227859046378452,0.608392362712039,0.644180148753924,"0.02"
"TAS","Stage",0.302286641949223,3.40538498388112e-12,1.11448963108837e-11,"0.30*"
"Age","Stage",0.0984293764862351,0.0265269073937416,0.0353692098583221,"0.10*"
"Stage","Stage",1,0,NA,""
"M2 macrophage","Stage",-0.189022283946646,1.79826048280513e-05,2.94260806277203e-05,"-0.19*"
"Mast cell","Stage",-0.33657705449255,6.39129567288629e-15,3.83477740373177e-14,"-0.34*"
"Type 17 T helper cell","Stage",-0.0894897500547534,0.0437922022301691,0.0563042600102174,"-0.09"
"CD56bright NK cell","Stage",0.290511367912516,2.45245502742275e-11,5.88589206581461e-11,"0.29*"
"Memory B cell","Stage",0.20490636165397,3.21667981550453e-06,5.79736285232719e-06,"0.20*"
"B cell","Stage",0.0482748883990641,0.277472958130063,0.312157077896321,"0.05"
"TAS","M2 macrophage",-0.349812676212465,4.54800794131882e-16,3.27456571774955e-15,"-0.35*"
"Age","M2 macrophage",-0.0705401267599165,0.112296352995448,0.134755623594537,"-0.07"
"Stage","M2 macrophage",-0.189022283946646,1.79826048280513e-05,2.94260806277203e-05,"-0.19*"
"M2 macrophage","M2 macrophage",1,0,NA,""
"Mast cell","M2 macrophage",0.204895124034444,3.22075714018177e-06,5.79736285232719e-06,"0.20*"
"Type 17 T helper cell","M2 macrophage",0.0483423430663836,0.276801364545046,0.312157077896321,"0.05"
"CD56bright NK cell","M2 macrophage",-0.316851763078911,2.6095147911456e-13,1.04380591645824e-12,"-0.32*"
"Memory B cell","M2 macrophage",-0.351137271584842,3.46677424152555e-16,3.120096817373e-15,"-0.35*"
"B cell","M2 macrophage",-0.240722394559029,3.94664578385062e-08,8.35760283638954e-08,"-0.24*"
"TAS","Mast cell",-0.290857103470522,2.31730304349756e-11,5.88589206581461e-11,"-0.29*"
"Age","Mast cell",-0.12412649330668,0.00508468319617057,0.00762702479425586,"-0.12*"
"Stage","Mast cell",-0.33657705449255,6.39129567288629e-15,3.83477740373177e-14,"-0.34*"
"M2 macrophage","Mast cell",0.204895124034444,3.22075714018177e-06,5.79736285232719e-06,"0.20*"
"Mast cell","Mast cell",1,0,NA,""
"Type 17 T helper cell","Mast cell",0.205207536302937,3.1092260375173e-06,5.79736285232719e-06,"0.21*"
"CD56bright NK cell","Mast cell",-0.398087465732365,9.71359424460482e-21,1.16563130935258e-19,"-0.40*"
"Memory B cell","Mast cell",-0.481458644102744,7.74380242355029e-31,1.39388443623905e-29,"-0.48*"
"B cell","Mast cell",-0.113534078430034,0.0104398522672754,0.0150333872648766,"-0.11*"
"TAS","Type 17 T helper cell",-0.298153984922378,6.87963993845048e-12,1.90513105987859e-11,"-0.30*"
"Age","Type 17 T helper cell",-0.000124073567460192,0.997774234247747,0.997774234247747,"-0.00"
"Stage","Type 17 T helper cell",-0.0894897500547534,0.0437922022301691,0.0563042600102174,"-0.09"
"M2 macrophage","Type 17 T helper cell",0.0483423430663836,0.276801364545046,0.312157077896321,"0.05"
"Mast cell","Type 17 T helper cell",0.205207536302937,3.1092260375173e-06,5.79736285232719e-06,"0.21*"
"Type 17 T helper cell","Type 17 T helper cell",1,0,NA,""
"CD56bright NK cell","Type 17 T helper cell",-0.196893873286939,7.79760890365026e-06,1.33673295491147e-05,"-0.20*"
"Memory B cell","Type 17 T helper cell",-0.30153149987534,3.87555939044765e-12,1.1626678171343e-11,"-0.30*"
"B cell","Type 17 T helper cell",-0.157118839411764,0.000378472894540424,0.000592392356671969,"-0.16*"
"TAS","CD56bright NK cell",0.321899697263084,1.03612405465776e-13,4.6625582459599e-13,"0.32*"
"Age","CD56bright NK cell",0.107968909971067,0.0149073684448382,0.0206409716928529,"0.11*"
"Stage","CD56bright NK cell",0.290511367912516,2.45245502742275e-11,5.88589206581461e-11,"0.29*"
"M2 macrophage","CD56bright NK cell",-0.316851763078911,2.6095147911456e-13,1.04380591645824e-12,"-0.32*"
"Mast cell","CD56bright NK cell",-0.398087465732365,9.71359424460482e-21,1.16563130935258e-19,"-0.40*"
"Type 17 T helper cell","CD56bright NK cell",-0.196893873286939,7.79760890365026e-06,1.33673295491147e-05,"-0.20*"
"CD56bright NK cell","CD56bright NK cell",1,0,NA,""
"Memory B cell","CD56bright NK cell",0.335606820025281,7.71944343092385e-15,3.96999947876084e-14,"0.34*"
"B cell","CD56bright NK cell",0.072316895334201,0.103512800582394,0.128498648998834,"0.07"
"TAS","Memory B cell",0.306689735258504,1.59001453475441e-12,5.72405232511588e-12,"0.31*"
"Age","Memory B cell",-0.0157547115917933,0.723158722892707,0.743820400689642,"-0.02"
"Stage","Memory B cell",0.20490636165397,3.21667981550453e-06,5.79736285232719e-06,"0.20*"
"M2 macrophage","Memory B cell",-0.351137271584842,3.46677424152555e-16,3.120096817373e-15,"-0.35*"
"Mast cell","Memory B cell",-0.481458644102744,7.74380242355029e-31,1.39388443623905e-29,"-0.48*"
"Type 17 T helper cell","Memory B cell",-0.30153149987534,3.87555939044765e-12,1.1626678171343e-11,"-0.30*"
"CD56bright NK cell","Memory B cell",0.335606820025281,7.71944343092385e-15,3.96999947876084e-14,"0.34*"
"Memory B cell","Memory B cell",1,0,NA,""
"B cell","Memory B cell",0.495681138085112,7.42251955371287e-33,2.67210703933663e-31,"0.50*"
"TAS","B cell",0.271311061472171,5.06874758319909e-10,1.1404682062198e-09,"0.27*"
"Age","B cell",0.0227859046378452,0.608392362712039,0.644180148753924,"0.02"
"Stage","B cell",0.0482748883990641,0.277472958130063,0.312157077896321,"0.05"
"M2 macrophage","B cell",-0.240722394559029,3.94664578385062e-08,8.35760283638954e-08,"-0.24*"
"Mast cell","B cell",-0.113534078430034,0.0104398522672754,0.0150333872648766,"-0.11*"
"Type 17 T helper cell","B cell",-0.157118839411764,0.000378472894540424,0.000592392356671969,"-0.16*"
"CD56bright NK cell","B cell",0.072316895334201,0.103512800582394,0.128498648998834,"0.07"
"Memory B cell","B cell",0.495681138085112,7.42251955371287e-33,2.67210703933663e-31,"0.50*"
"B cell","B cell",1,0,NA,""
