"sample","cluster","cluster_lab"
"TCGA-3Z-A93Z",2,"C2"
"TCGA-6D-AA2E",1,"C1"
"TCGA-A3-3306",2,"C2"
"TCGA-A3-3307",1,"C1"
"TCGA-A3-3308",1,"C1"
"TCGA-A3-3311",1,"C1"
"TCGA-A3-3313",1,"C1"
"TCGA-A3-3316",1,"C1"
"TCGA-A3-3317",1,"C1"
"TCGA-A3-3319",2,"C2"
"TCGA-A3-3320",1,"C1"
"TCGA-A3-3322",2,"C2"
"TCGA-A3-3323",1,"C1"
"TCGA-A3-3324",1,"C1"
"TCGA-A3-3325",1,"C1"
"TCGA-A3-3326",2,"C2"
"TCGA-A3-3331",1,"C1"
"TCGA-A3-3335",2,"C2"
"TCGA-A3-3343",1,"C1"
"TCGA-A3-3346",2,"C2"
"TCGA-A3-3347",1,"C1"
"TCGA-A3-3349",1,"C1"
"TCGA-A3-3351",1,"C1"
"TCGA-A3-3352",1,"C1"
"TCGA-A3-3357",1,"C1"
"TCGA-A3-3358",1,"C1"
"TCGA-A3-3359",1,"C1"
"TCGA-A3-3362",1,"C1"
"TCGA-A3-3363",2,"C2"
"TCGA-A3-3365",1,"C1"
"TCGA-A3-3367",1,"C1"
"TCGA-A3-3370",1,"C1"
"TCGA-A3-3372",1,"C1"
"TCGA-A3-3373",1,"C1"
"TCGA-A3-3374",1,"C1"
"TCGA-A3-3376",1,"C1"
"TCGA-A3-3378",1,"C1"
"TCGA-A3-3380",1,"C1"
"TCGA-A3-3382",1,"C1"
"TCGA-A3-3383",2,"C2"
"TCGA-A3-3385",1,"C1"
"TCGA-A3-3387",1,"C1"
"TCGA-A3-A6NI",2,"C2"
"TCGA-A3-A6NJ",2,"C2"
"TCGA-A3-A6NL",2,"C2"
"TCGA-A3-A6NN",1,"C1"
"TCGA-A3-A8CQ",1,"C1"
"TCGA-A3-A8OV",2,"C2"
"TCGA-A3-A8OW",1,"C1"
"TCGA-AK-3426",2,"C2"
"TCGA-AK-3427",2,"C2"
"TCGA-AK-3428",1,"C1"
"TCGA-AK-3429",2,"C2"
"TCGA-AK-3431",1,"C1"
"TCGA-AK-3433",1,"C1"
"TCGA-AK-3434",2,"C2"
"TCGA-AK-3436",2,"C2"
"TCGA-AK-3440",1,"C1"
"TCGA-AK-3443",1,"C1"
"TCGA-AK-3444",1,"C1"
"TCGA-AK-3445",2,"C2"
"TCGA-AK-3447",2,"C2"
"TCGA-AK-3450",1,"C1"
"TCGA-AK-3451",2,"C2"
"TCGA-AK-3453",1,"C1"
"TCGA-AK-3454",1,"C1"
"TCGA-AK-3455",2,"C2"
"TCGA-AK-3456",1,"C1"
"TCGA-AK-3458",2,"C2"
"TCGA-AK-3460",2,"C2"
"TCGA-AK-3461",1,"C1"
"TCGA-AK-3465",1,"C1"
"TCGA-AS-3777",1,"C1"
"TCGA-AS-3778",2,"C2"
"TCGA-B0-4688",1,"C1"
"TCGA-B0-4690",1,"C1"
"TCGA-B0-4691",2,"C2"
"TCGA-B0-4693",1,"C1"
"TCGA-B0-4694",2,"C2"
"TCGA-B0-4696",2,"C2"
"TCGA-B0-4697",2,"C2"
"TCGA-B0-4698",2,"C2"
"TCGA-B0-4699",1,"C1"
"TCGA-B0-4700",2,"C2"
"TCGA-B0-4701",2,"C2"
"TCGA-B0-4703",2,"C2"
"TCGA-B0-4706",2,"C2"
"TCGA-B0-4707",2,"C2"
"TCGA-B0-4710",1,"C1"
"TCGA-B0-4712",2,"C2"
"TCGA-B0-4713",2,"C2"
"TCGA-B0-4714",2,"C2"
"TCGA-B0-4718",2,"C2"
"TCGA-B0-4810",2,"C2"
"TCGA-B0-4811",2,"C2"
"TCGA-B0-4813",2,"C2"
"TCGA-B0-4814",1,"C1"
"TCGA-B0-4815",2,"C2"
"TCGA-B0-4816",2,"C2"
"TCGA-B0-4817",2,"C2"
"TCGA-B0-4818",1,"C1"
"TCGA-B0-4819",2,"C2"
"TCGA-B0-4821",2,"C2"
"TCGA-B0-4822",2,"C2"
"TCGA-B0-4823",1,"C1"
"TCGA-B0-4824",2,"C2"
"TCGA-B0-4827",1,"C1"
"TCGA-B0-4828",2,"C2"
"TCGA-B0-4833",2,"C2"
"TCGA-B0-4834",1,"C1"
"TCGA-B0-4836",2,"C2"
"TCGA-B0-4837",2,"C2"
"TCGA-B0-4838",1,"C1"
"TCGA-B0-4839",2,"C2"
"TCGA-B0-4841",2,"C2"
"TCGA-B0-4842",2,"C2"
"TCGA-B0-4843",2,"C2"
"TCGA-B0-4844",2,"C2"
"TCGA-B0-4845",2,"C2"
"TCGA-B0-4846",1,"C1"
"TCGA-B0-4847",2,"C2"
"TCGA-B0-4848",1,"C1"
"TCGA-B0-4849",2,"C2"
"TCGA-B0-4852",1,"C1"
"TCGA-B0-4945",1,"C1"
"TCGA-B0-5075",1,"C1"
"TCGA-B0-5077",1,"C1"
"TCGA-B0-5080",1,"C1"
"TCGA-B0-5081",2,"C2"
"TCGA-B0-5083",1,"C1"
"TCGA-B0-5084",2,"C2"
"TCGA-B0-5085",2,"C2"
"TCGA-B0-5088",2,"C2"
"TCGA-B0-5092",2,"C2"
"TCGA-B0-5094",2,"C2"
"TCGA-B0-5095",2,"C2"
"TCGA-B0-5096",1,"C1"
"TCGA-B0-5097",1,"C1"
"TCGA-B0-5098",2,"C2"
"TCGA-B0-5099",1,"C1"
"TCGA-B0-5100",2,"C2"
"TCGA-B0-5102",2,"C2"
"TCGA-B0-5104",1,"C1"
"TCGA-B0-5106",2,"C2"
"TCGA-B0-5107",2,"C2"
"TCGA-B0-5108",1,"C1"
"TCGA-B0-5109",2,"C2"
"TCGA-B0-5110",1,"C1"
"TCGA-B0-5113",1,"C1"
"TCGA-B0-5115",1,"C1"
"TCGA-B0-5116",2,"C2"
"TCGA-B0-5117",1,"C1"
"TCGA-B0-5119",1,"C1"
"TCGA-B0-5120",2,"C2"
"TCGA-B0-5121",2,"C2"
"TCGA-B0-5399",2,"C2"
"TCGA-B0-5400",2,"C2"
"TCGA-B0-5402",1,"C1"
"TCGA-B0-5690",1,"C1"
"TCGA-B0-5691",1,"C1"
"TCGA-B0-5692",2,"C2"
"TCGA-B0-5693",1,"C1"
"TCGA-B0-5694",2,"C2"
"TCGA-B0-5695",1,"C1"
"TCGA-B0-5696",2,"C2"
"TCGA-B0-5697",1,"C1"
"TCGA-B0-5698",1,"C1"
"TCGA-B0-5699",1,"C1"
"TCGA-B0-5701",1,"C1"
"TCGA-B0-5702",2,"C2"
"TCGA-B0-5703",2,"C2"
"TCGA-B0-5705",1,"C1"
"TCGA-B0-5706",1,"C1"
"TCGA-B0-5707",2,"C2"
"TCGA-B0-5709",1,"C1"
"TCGA-B0-5710",1,"C1"
"TCGA-B0-5711",1,"C1"
"TCGA-B0-5712",2,"C2"
"TCGA-B0-5713",1,"C1"
"TCGA-B0-5812",1,"C1"
"TCGA-B2-3923",1,"C1"
"TCGA-B2-3924",1,"C1"
"TCGA-B2-4098",1,"C1"
"TCGA-B2-4099",2,"C2"
"TCGA-B2-4101",1,"C1"
"TCGA-B2-4102",1,"C1"
"TCGA-B2-5633",1,"C1"
"TCGA-B2-5635",2,"C2"
"TCGA-B2-5639",1,"C1"
"TCGA-B2-5641",1,"C1"
"TCGA-B2-A4SR",1,"C1"
"TCGA-B4-5377",1,"C1"
"TCGA-B4-5378",1,"C1"
"TCGA-B4-5832",1,"C1"
"TCGA-B4-5834",1,"C1"
"TCGA-B4-5835",1,"C1"
"TCGA-B4-5836",1,"C1"
"TCGA-B4-5838",1,"C1"
"TCGA-B4-5843",1,"C1"
"TCGA-B4-5844",1,"C1"
"TCGA-B8-4143",2,"C2"
"TCGA-B8-4146",1,"C1"
"TCGA-B8-4148",1,"C1"
"TCGA-B8-4151",1,"C1"
"TCGA-B8-4153",2,"C2"
"TCGA-B8-4154",2,"C2"
"TCGA-B8-4619",1,"C1"
"TCGA-B8-4620",1,"C1"
"TCGA-B8-4621",1,"C1"
"TCGA-B8-4622",1,"C1"
"TCGA-B8-5158",1,"C1"
"TCGA-B8-5159",1,"C1"
"TCGA-B8-5162",1,"C1"
"TCGA-B8-5163",1,"C1"
"TCGA-B8-5164",1,"C1"
"TCGA-B8-5165",1,"C1"
"TCGA-B8-5545",1,"C1"
"TCGA-B8-5546",1,"C1"
"TCGA-B8-5549",1,"C1"
"TCGA-B8-5550",1,"C1"
"TCGA-B8-5551",1,"C1"
"TCGA-B8-5552",1,"C1"
"TCGA-B8-5553",1,"C1"
"TCGA-B8-A54D",2,"C2"
"TCGA-B8-A54E",1,"C1"
"TCGA-B8-A54F",2,"C2"
"TCGA-B8-A54G",2,"C2"
"TCGA-B8-A54H",1,"C1"
"TCGA-B8-A54I",2,"C2"
"TCGA-B8-A54J",2,"C2"
"TCGA-B8-A7U6",2,"C2"
"TCGA-B8-A8YJ",1,"C1"
"TCGA-BP-4158",2,"C2"
"TCGA-BP-4159",2,"C2"
"TCGA-BP-4160",1,"C1"
"TCGA-BP-4161",1,"C1"
"TCGA-BP-4162",1,"C1"
"TCGA-BP-4163",1,"C1"
"TCGA-BP-4164",1,"C1"
"TCGA-BP-4165",2,"C2"
"TCGA-BP-4166",1,"C1"
"TCGA-BP-4167",2,"C2"
"TCGA-BP-4169",1,"C1"
"TCGA-BP-4170",1,"C1"
"TCGA-BP-4173",1,"C1"
"TCGA-BP-4174",1,"C1"
"TCGA-BP-4176",1,"C1"
"TCGA-BP-4177",1,"C1"
"TCGA-BP-4325",1,"C1"
"TCGA-BP-4326",1,"C1"
"TCGA-BP-4327",2,"C2"
"TCGA-BP-4329",1,"C1"
"TCGA-BP-4330",1,"C1"
"TCGA-BP-4332",2,"C2"
"TCGA-BP-4334",2,"C2"
"TCGA-BP-4335",2,"C2"
"TCGA-BP-4337",2,"C2"
"TCGA-BP-4338",1,"C1"
"TCGA-BP-4340",1,"C1"
"TCGA-BP-4341",2,"C2"
"TCGA-BP-4343",1,"C1"
"TCGA-BP-4345",2,"C2"
"TCGA-BP-4346",2,"C2"
"TCGA-BP-4347",1,"C1"
"TCGA-BP-4349",2,"C2"
"TCGA-BP-4351",2,"C2"
"TCGA-BP-4352",2,"C2"
"TCGA-BP-4354",1,"C1"
"TCGA-BP-4355",2,"C2"
"TCGA-BP-4756",1,"C1"
"TCGA-BP-4758",2,"C2"
"TCGA-BP-4759",2,"C2"
"TCGA-BP-4760",1,"C1"
"TCGA-BP-4761",2,"C2"
"TCGA-BP-4762",1,"C1"
"TCGA-BP-4763",1,"C1"
"TCGA-BP-4765",1,"C1"
"TCGA-BP-4766",1,"C1"
"TCGA-BP-4768",2,"C2"
"TCGA-BP-4769",1,"C1"
"TCGA-BP-4770",2,"C2"
"TCGA-BP-4771",2,"C2"
"TCGA-BP-4774",2,"C2"
"TCGA-BP-4775",1,"C1"
"TCGA-BP-4776",2,"C2"
"TCGA-BP-4777",1,"C1"
"TCGA-BP-4781",1,"C1"
"TCGA-BP-4782",1,"C1"
"TCGA-BP-4784",1,"C1"
"TCGA-BP-4787",2,"C2"
"TCGA-BP-4789",1,"C1"
"TCGA-BP-4790",1,"C1"
"TCGA-BP-4795",1,"C1"
"TCGA-BP-4797",1,"C1"
"TCGA-BP-4798",2,"C2"
"TCGA-BP-4799",1,"C1"
"TCGA-BP-4801",1,"C1"
"TCGA-BP-4803",1,"C1"
"TCGA-BP-4804",2,"C2"
"TCGA-BP-4807",1,"C1"
"TCGA-BP-4959",1,"C1"
"TCGA-BP-4960",2,"C2"
"TCGA-BP-4961",1,"C1"
"TCGA-BP-4962",2,"C2"
"TCGA-BP-4963",2,"C2"
"TCGA-BP-4964",1,"C1"
"TCGA-BP-4965",1,"C1"
"TCGA-BP-4967",1,"C1"
"TCGA-BP-4968",2,"C2"
"TCGA-BP-4969",2,"C2"
"TCGA-BP-4970",1,"C1"
"TCGA-BP-4971",2,"C2"
"TCGA-BP-4972",1,"C1"
"TCGA-BP-4973",1,"C1"
"TCGA-BP-4974",1,"C1"
"TCGA-BP-4975",1,"C1"
"TCGA-BP-4977",1,"C1"
"TCGA-BP-4981",2,"C2"
"TCGA-BP-4982",1,"C1"
"TCGA-BP-4983",2,"C2"
"TCGA-BP-4985",1,"C1"
"TCGA-BP-4987",1,"C1"
"TCGA-BP-4989",2,"C2"
"TCGA-BP-4991",1,"C1"
"TCGA-BP-4992",2,"C2"
"TCGA-BP-4993",2,"C2"
"TCGA-BP-4994",1,"C1"
"TCGA-BP-4998",1,"C1"
"TCGA-BP-4999",1,"C1"
"TCGA-BP-5000",2,"C2"
"TCGA-BP-5001",2,"C2"
"TCGA-BP-5004",1,"C1"
"TCGA-BP-5007",2,"C2"
"TCGA-BP-5008",1,"C1"
"TCGA-BP-5010",2,"C2"
"TCGA-BP-5168",1,"C1"
"TCGA-BP-5169",2,"C2"
"TCGA-BP-5170",2,"C2"
"TCGA-BP-5173",2,"C2"
"TCGA-BP-5174",2,"C2"
"TCGA-BP-5175",2,"C2"
"TCGA-BP-5176",2,"C2"
"TCGA-BP-5177",2,"C2"
"TCGA-BP-5178",2,"C2"
"TCGA-BP-5180",2,"C2"
"TCGA-BP-5182",1,"C1"
"TCGA-BP-5183",2,"C2"
"TCGA-BP-5184",1,"C1"
"TCGA-BP-5185",2,"C2"
"TCGA-BP-5186",1,"C1"
"TCGA-BP-5187",1,"C1"
"TCGA-BP-5189",1,"C1"
"TCGA-BP-5190",2,"C2"
"TCGA-BP-5191",2,"C2"
"TCGA-BP-5192",1,"C1"
"TCGA-BP-5194",1,"C1"
"TCGA-BP-5195",1,"C1"
"TCGA-BP-5196",2,"C2"
"TCGA-BP-5198",2,"C2"
"TCGA-BP-5200",1,"C1"
"TCGA-BP-5201",2,"C2"
"TCGA-BP-5202",1,"C1"
"TCGA-CJ-4634",1,"C1"
"TCGA-CJ-4635",2,"C2"
"TCGA-CJ-4636",2,"C2"
"TCGA-CJ-4637",2,"C2"
"TCGA-CJ-4638",2,"C2"
"TCGA-CJ-4639",1,"C1"
"TCGA-CJ-4640",1,"C1"
"TCGA-CJ-4641",1,"C1"
"TCGA-CJ-4643",1,"C1"
"TCGA-CJ-4644",1,"C1"
"TCGA-CJ-4868",2,"C2"
"TCGA-CJ-4869",2,"C2"
"TCGA-CJ-4870",2,"C2"
"TCGA-CJ-4871",1,"C1"
"TCGA-CJ-4872",1,"C1"
"TCGA-CJ-4873",2,"C2"
"TCGA-CJ-4874",1,"C1"
"TCGA-CJ-4875",2,"C2"
"TCGA-CJ-4876",2,"C2"
"TCGA-CJ-4878",1,"C1"
"TCGA-CJ-4881",2,"C2"
"TCGA-CJ-4882",2,"C2"
"TCGA-CJ-4884",1,"C1"
"TCGA-CJ-4885",1,"C1"
"TCGA-CJ-4886",1,"C1"
"TCGA-CJ-4887",2,"C2"
"TCGA-CJ-4888",1,"C1"
"TCGA-CJ-4889",1,"C1"
"TCGA-CJ-4890",1,"C1"
"TCGA-CJ-4891",2,"C2"
"TCGA-CJ-4892",2,"C2"
"TCGA-CJ-4893",1,"C1"
"TCGA-CJ-4894",1,"C1"
"TCGA-CJ-4895",1,"C1"
"TCGA-CJ-4897",1,"C1"
"TCGA-CJ-4899",1,"C1"
"TCGA-CJ-4900",2,"C2"
"TCGA-CJ-4901",2,"C2"
"TCGA-CJ-4902",2,"C2"
"TCGA-CJ-4903",1,"C1"
"TCGA-CJ-4904",1,"C1"
"TCGA-CJ-4905",1,"C1"
"TCGA-CJ-4907",1,"C1"
"TCGA-CJ-4908",1,"C1"
"TCGA-CJ-4912",2,"C2"
"TCGA-CJ-4916",2,"C2"
"TCGA-CJ-4918",1,"C1"
"TCGA-CJ-4920",1,"C1"
"TCGA-CJ-4923",2,"C2"
"TCGA-CJ-5671",2,"C2"
"TCGA-CJ-5672",2,"C2"
"TCGA-CJ-5675",2,"C2"
"TCGA-CJ-5676",2,"C2"
"TCGA-CJ-5677",2,"C2"
"TCGA-CJ-5678",2,"C2"
"TCGA-CJ-5679",2,"C2"
"TCGA-CJ-5680",1,"C1"
"TCGA-CJ-5681",1,"C1"
"TCGA-CJ-5682",2,"C2"
"TCGA-CJ-5683",2,"C2"
"TCGA-CJ-5684",1,"C1"
"TCGA-CJ-5686",1,"C1"
"TCGA-CJ-5689",1,"C1"
"TCGA-CJ-6027",2,"C2"
"TCGA-CJ-6028",1,"C1"
"TCGA-CJ-6030",1,"C1"
"TCGA-CJ-6031",2,"C2"
"TCGA-CJ-6032",1,"C1"
"TCGA-CJ-6033",2,"C2"
"TCGA-CW-5580",1,"C1"
"TCGA-CW-5581",1,"C1"
"TCGA-CW-5583",1,"C1"
"TCGA-CW-5584",1,"C1"
"TCGA-CW-5585",1,"C1"
"TCGA-CW-5587",1,"C1"
"TCGA-CW-5588",1,"C1"
"TCGA-CW-5589",1,"C1"
"TCGA-CW-5591",1,"C1"
"TCGA-CW-6087",1,"C1"
"TCGA-CW-6088",1,"C1"
"TCGA-CW-6090",1,"C1"
"TCGA-CW-6093",1,"C1"
"TCGA-CW-6097",1,"C1"
"TCGA-CZ-4853",1,"C1"
"TCGA-CZ-4854",2,"C2"
"TCGA-CZ-4856",1,"C1"
"TCGA-CZ-4857",2,"C2"
"TCGA-CZ-4858",2,"C2"
"TCGA-CZ-4859",1,"C1"
"TCGA-CZ-4860",1,"C1"
"TCGA-CZ-4861",1,"C1"
"TCGA-CZ-4862",1,"C1"
"TCGA-CZ-4863",1,"C1"
"TCGA-CZ-4864",1,"C1"
"TCGA-CZ-4866",1,"C1"
"TCGA-CZ-5451",1,"C1"
"TCGA-CZ-5452",2,"C2"
"TCGA-CZ-5453",1,"C1"
"TCGA-CZ-5454",1,"C1"
"TCGA-CZ-5455",1,"C1"
"TCGA-CZ-5456",2,"C2"
"TCGA-CZ-5457",2,"C2"
"TCGA-CZ-5458",1,"C1"
"TCGA-CZ-5459",2,"C2"
"TCGA-CZ-5460",2,"C2"
"TCGA-CZ-5461",1,"C1"
"TCGA-CZ-5462",1,"C1"
"TCGA-CZ-5463",1,"C1"
"TCGA-CZ-5464",2,"C2"
"TCGA-CZ-5465",1,"C1"
"TCGA-CZ-5466",2,"C2"
"TCGA-CZ-5467",1,"C1"
"TCGA-CZ-5468",2,"C2"
"TCGA-CZ-5469",2,"C2"
"TCGA-CZ-5470",2,"C2"
"TCGA-CZ-5982",1,"C1"
"TCGA-CZ-5984",1,"C1"
"TCGA-CZ-5985",1,"C1"
"TCGA-CZ-5986",1,"C1"
"TCGA-CZ-5987",2,"C2"
"TCGA-CZ-5988",1,"C1"
"TCGA-CZ-5989",1,"C1"
"TCGA-DV-5565",2,"C2"
"TCGA-DV-5566",2,"C2"
"TCGA-DV-5567",1,"C1"
"TCGA-DV-5569",1,"C1"
"TCGA-DV-5574",1,"C1"
"TCGA-DV-5575",1,"C1"
"TCGA-DV-5576",1,"C1"
"TCGA-DV-A4VX",2,"C2"
"TCGA-DV-A4VZ",2,"C2"
"TCGA-DV-A4W0",1,"C1"
"TCGA-EU-5904",1,"C1"
"TCGA-EU-5905",1,"C1"
"TCGA-EU-5906",1,"C1"
"TCGA-EU-5907",2,"C2"
"TCGA-G6-A5PC",2,"C2"
"TCGA-G6-A8L6",2,"C2"
"TCGA-G6-A8L7",2,"C2"
"TCGA-G6-A8L8",2,"C2"
"TCGA-GK-A6C7",1,"C1"
"TCGA-MM-A563",2,"C2"
"TCGA-MM-A564",2,"C2"
"TCGA-MM-A84U",2,"C2"
"TCGA-MW-A4EC",2,"C2"
"TCGA-T7-A92I",1,"C1"
