"","time","status","cluster","TAS","group"
"TCGA-3Z-A93Z",12.65739554,0,2,0.151670760057558,"High"
"TCGA-6D-AA2E",11.90123944,0,1,0.354182726874506,"High"
"TCGA-A3-3306",36.82151429,0,2,-0.239949104951468,"Low"
"TCGA-A3-3307",47.21044153,0,1,-0.271641442555267,"Low"
"TCGA-A3-3308",0.526021633,0,1,0.295985514091237,"High"
"TCGA-A3-3311",39.15573528,1,1,-0.130971200374863,"Low"
"TCGA-A3-3313",24.16411875,1,1,0.445106263722836,"High"
"TCGA-A3-3316",49.0843936,0,1,-0.235863186328116,"Low"
"TCGA-A3-3317",49.01864089,0,1,-0.101851752438431,"High"
"TCGA-A3-3319",37.15027781,0,2,1.00847797440727,"High"
"TCGA-A3-3320",49.57753888,0,1,-0.599999945738503,"Low"
"TCGA-A3-3322",48.59124832,0,2,-0.0481948476104491,"High"
"TCGA-A3-3323",36.36124536,0,1,-0.205865199835324,"Low"
"TCGA-A3-3324",38.99135352,0,1,-0.0210351547494785,"High"
"TCGA-A3-3325",38.46533189,1,1,-0.0434290452544905,"High"
"TCGA-A3-3326",37.38041227,0,2,-0.257423763543519,"Low"
"TCGA-A3-3331",48.82138278,0,1,-0.379902515620224,"Low"
"TCGA-A3-3335",62.00479995,0,2,0.237797964247053,"High"
"TCGA-A3-3343",31.06815268,0,1,-0.27292062710252,"Low"
"TCGA-A3-3346",4.50406023,1,2,0.946442519501971,"High"
"TCGA-A3-3347",52.93092678,1,1,0.35769300921409,"High"
"TCGA-A3-3349",45.53374758,0,1,-0.141355841584368,"Low"
"TCGA-A3-3351",29.91748036,0,1,-0.364620512558417,"Low"
"TCGA-A3-3352",18.44363349,1,1,-0.400004340544798,"Low"
"TCGA-A3-3357",88.37163428,0,1,-0.342148991210247,"Low"
"TCGA-A3-3358",42.96939212,0,1,0.0865766444515873,"High"
"TCGA-A3-3359",82.32238551,0,1,-0.378909459235064,"Low"
"TCGA-A3-3362",51.25423283,0,1,-0.187658527233258,"Low"
"TCGA-A3-3363",10.4875563,0,2,0.243238161833061,"High"
"TCGA-A3-3365",28.70105533,0,1,0.154535835014419,"High"
"TCGA-A3-3367",74.62931913,0,1,-0.424695116476769,"Low"
"TCGA-A3-3370",74.76082454,0,1,-0.285494841276064,"Low"
"TCGA-A3-3372",24.16411875,0,1,-0.138079687738077,"Low"
"TCGA-A3-3373",53.29256666,0,1,-0.801577142571578,"Low"
"TCGA-A3-3374",43.19952658,0,1,-0.439785820768912,"Low"
"TCGA-A3-3376",55.75829306,1,1,-0.272599043224738,"Low"
"TCGA-A3-3378",20.71210179,0,1,0.498768162336036,"High"
"TCGA-A3-3380",18.64089161,0,1,-0.164906614278412,"Low"
"TCGA-A3-3382",18.87102607,0,1,-0.348492526461949,"Low"
"TCGA-A3-3383",28.30653911,0,2,-0.14180075955663,"Low"
"TCGA-A3-3385",65.52256962,0,1,-0.57986852714223,"Low"
"TCGA-A3-3387",20.28470921,0,1,0.0181467901737013,"High"
"TCGA-A3-A6NI",33.46812638,0,2,0.0679884621276306,"High"
"TCGA-A3-A6NJ",15.38613276,0,2,-0.26414794241927,"Low"
"TCGA-A3-A6NL",22.65180656,0,2,0.0191913759536651,"High"
"TCGA-A3-A6NN",0.098629056,0,1,-0.212325163598366,"Low"
"TCGA-A3-A8CQ",0.098629056,0,1,-0.379855481736359,"Low"
"TCGA-A3-A8OV",11.17795969,0,2,-0.0018936411264926,"High"
"TCGA-A3-A8OW",10.61906171,0,1,-0.36725459072908,"Low"
"TCGA-AK-3426",29.09557156,1,2,1.19335687557091,"High"
"TCGA-AK-3427",117.7959694,0,2,0.896787413787872,"High"
"TCGA-AK-3428",122.5630404,0,1,-0.922008451037433,"Low"
"TCGA-AK-3429",109.4124996,0,2,0.196679951500478,"High"
"TCGA-AK-3431",73.67590492,1,1,-0.019626984929921,"High"
"TCGA-AK-3433",112.0754841,0,1,0.118981469174304,"High"
"TCGA-AK-3434",68.61294671,0,2,-0.0151979267966732,"High"
"TCGA-AK-3436",109.5111287,0,2,0.110254999298234,"High"
"TCGA-AK-3440",94.1907486,0,1,-0.241020862678619,"Low"
"TCGA-AK-3443",46.78304895,0,1,-0.973122120215642,"Low"
"TCGA-AK-3444",48.36111385,0,1,-0.274056151970776,"Low"
"TCGA-AK-3445",78.64023408,0,2,0.490956011698749,"High"
"TCGA-AK-3447",40.01052043,0,2,-0.825570641713953,"Low"
"TCGA-AK-3450",58.48703028,0,1,-0.431162178481319,"Low"
"TCGA-AK-3451",94.28937765,0,2,0.0704685391184412,"High"
"TCGA-AK-3453",83.21004701,0,1,0.404278444629563,"High"
"TCGA-AK-3454",28.73393168,0,1,-0.32163830328879,"Low"
"TCGA-AK-3455",22.45454844,1,2,-0.411652142940706,"Low"
"TCGA-AK-3456",37.57767038,0,1,-0.534586059683193,"Low"
"TCGA-AK-3458",38.39957918,0,2,0.0700119300062246,"High"
"TCGA-AK-3460",82.45389092,0,2,-0.216992183273557,"Low"
"TCGA-AK-3461",72.88687247,0,1,-0.0872278552169891,"High"
"TCGA-AK-3465",12.1313739,0,1,-0.739695178531816,"Low"
"TCGA-AS-3777",40.70092383,0,1,-0.499268903809115,"Low"
"TCGA-AS-3778",1.413683138,0,2,-0.263707585510749,"Low"
"TCGA-B0-4688",3.320511556,1,1,1.24102009866253,"High"
"TCGA-B0-4690",1.413683138,1,1,0.491523464297181,"High"
"TCGA-B0-4691",4.569812934,1,2,0.774724537324784,"High"
"TCGA-B0-4693",2.531479107,1,1,-0.204035626263275,"Low"
"TCGA-B0-4694",3.484893316,1,2,0.0433838017939205,"High"
"TCGA-B0-4696",28.47092087,1,2,1.94904660100657,"High"
"TCGA-B0-4697",19.00253148,1,2,0.932641008610723,"High"
"TCGA-B0-4698",1.380806786,1,2,2.00467089707511,"High"
"TCGA-B0-4699",3.616398724,1,1,0.28724632357175,"High"
"TCGA-B0-4700",65.09517704,1,2,0.953294790965816,"High"
"TCGA-B0-4701",7.824571786,1,2,0.0870653648069828,"High"
"TCGA-B0-4703",5.983496071,1,2,0.541120863784371,"High"
"TCGA-B0-4706",2.136962883,1,2,0.691496057142063,"High"
"TCGA-B0-4707",19.72581122,1,2,0.267964844699465,"High"
"TCGA-B0-4710",57.69799783,0,1,0.154646552614778,"High"
"TCGA-B0-4712",43.95568268,1,2,0.540440129675567,"High"
"TCGA-B0-4713",6.641023112,1,2,-0.0117275428260358,"High"
"TCGA-B0-4714",3.254758852,1,2,0.589320117040051,"High"
"TCGA-B0-4718",58.45415393,0,2,0.24594130418147,"High"
"TCGA-B0-4810",15.71489628,1,2,0.601360675256437,"High"
"TCGA-B0-4811",46.58579084,1,2,0.618184632382286,"High"
"TCGA-B0-4813",0.591774337,1,2,1.41449747465244,"High"
"TCGA-B0-4814",5.523227143,1,1,-0.338076691231709,"Low"
"TCGA-B0-4815",52.20764704,1,2,1.12895879471672,"High"
"TCGA-B0-4816",45.07347865,1,2,0.206215478170291,"High"
"TCGA-B0-4817",33.50100273,1,2,0.939469040372428,"High"
"TCGA-B0-4818",16.76693954,1,1,-0.172219653367203,"Low"
"TCGA-B0-4819",6.016372423,1,2,0.803358149810261,"High"
"TCGA-B0-4821",40.43791301,1,2,1.6834097057152,"High"
"TCGA-B0-4822",36.52562712,1,2,1.12050710552037,"High"
"TCGA-B0-4823",14.92586383,1,1,-0.312294600139759,"Low"
"TCGA-B0-4824",54.47611533,1,2,-0.277679642579311,"Low"
"TCGA-B0-4827",29.09557156,1,1,1.23036439047592,"High"
"TCGA-B0-4828",10.09304008,1,2,0.0759998336600477,"High"
"TCGA-B0-4833",78.44297597,1,2,0.312330166156499,"High"
"TCGA-B0-4834",68.71157576,1,1,-0.582551238551959,"Low"
"TCGA-B0-4836",40.70092383,1,2,0.560305247716327,"High"
"TCGA-B0-4837",45.30361311,1,2,0.0799981932983542,"High"
"TCGA-B0-4838",27.4188776,1,1,-0.0632616202891906,"High"
"TCGA-B0-4839",53.88434099,1,2,0.0634365510637649,"High"
"TCGA-B0-4841",6.706775816,1,2,0.220360473607248,"High"
"TCGA-B0-4842",56.67883092,1,2,1.38121877195925,"High"
"TCGA-B0-4843",10.52043265,1,2,0.538367700335785,"High"
"TCGA-B0-4844",10.29029819,1,2,0.721719614180832,"High"
"TCGA-B0-4845",65.29243515,1,2,0.235597002141871,"High"
"TCGA-B0-4846",39.45162245,1,1,-0.377648840785264,"Low"
"TCGA-B0-4847",26.07094717,1,2,0.630994604702301,"High"
"TCGA-B0-4848",29.02981885,1,1,0.136808796370986,"High"
"TCGA-B0-4849",2.268468291,1,2,0.0956554701746494,"High"
"TCGA-B0-4852",36.85439064,1,1,-0.275605846313473,"Low"
"TCGA-B0-4945",70.51977513,1,1,-0.287973030179598,"Low"
"TCGA-B0-5075",20.94223625,1,1,-0.307962865262016,"Low"
"TCGA-B0-5077",43.29815564,1,1,-0.157475606838262,"Low"
"TCGA-B0-5080",11.2437124,1,1,0.211009578084916,"High"
"TCGA-B0-5081",11.90123944,1,2,0.444752829599911,"High"
"TCGA-B0-5083",34.35578788,1,1,-0.693062574362503,"Low"
"TCGA-B0-5084",7.298550153,1,2,1.11852137102226,"High"
"TCGA-B0-5085",25.31479107,1,2,0.456221708188798,"High"
"TCGA-B0-5088",18.5093862,1,2,0.226641767613827,"High"
"TCGA-B0-5092",15.09024559,1,2,0.768069798401919,"High"
"TCGA-B0-5094",10.94782523,1,2,0.805721166397167,"High"
"TCGA-B0-5095",8.05470625,1,2,0.345375049055412,"High"
"TCGA-B0-5096",2.235591939,1,1,-0.0610122178059462,"High"
"TCGA-B0-5097",21.86277411,0,1,0.353344115977729,"High"
"TCGA-B0-5098",52.07614163,1,2,1.08905625934995,"High"
"TCGA-B0-5099",15.94503074,1,1,-0.206958070768466,"Low"
"TCGA-B0-5100",62.89246145,1,2,0.484295292877595,"High"
"TCGA-B0-5102",90.87023704,1,2,-0.408703029122849,"Low"
"TCGA-B0-5104",90.47572081,1,1,-0.452333291880675,"Low"
"TCGA-B0-5106",52.53641056,1,2,0.167589075885049,"High"
"TCGA-B0-5107",30.47637834,1,2,0.759815092071499,"High"
"TCGA-B0-5108",58.58565934,0,1,0.269292247471999,"High"
"TCGA-B0-5109",19.29841865,1,2,1.18146531431602,"High"
"TCGA-B0-5110",66.04859125,0,1,-0.421392053754874,"Low"
"TCGA-B0-5113",38.62971365,0,1,-0.58946290752531,"Low"
"TCGA-B0-5115",52.73366867,0,1,-0.195328511196886,"Low"
"TCGA-B0-5116",41.8844725,0,2,-0.307643585762315,"Low"
"TCGA-B0-5117",52.86517408,0,1,-0.4607114352393,"Low"
"TCGA-B0-5119",51.02409837,0,1,-0.342212133101716,"Low"
"TCGA-B0-5120",38.43245554,0,2,0.0868150668747417,"High"
"TCGA-B0-5121",48.82138278,0,2,0.0270736849318643,"High"
"TCGA-B0-5399",46.38853273,0,2,-0.175022829285146,"Low"
"TCGA-B0-5400",56.97471809,0,2,1.59339992402537,"High"
"TCGA-B0-5402",42.41049413,0,1,-0.700915407071364,"Low"
"TCGA-B0-5690",111.5165861,0,1,-0.166065759570654,"Low"
"TCGA-B0-5691",112.7987639,0,1,-0.540187984992243,"Low"
"TCGA-B0-5692",129.6643325,0,2,0.0316182357369245,"High"
"TCGA-B0-5693",133.9382582,0,1,-0.46292781478977,"Low"
"TCGA-B0-5694",15.78064898,1,2,-0.0849303606393152,"High"
"TCGA-B0-5695",70.68415689,0,1,-0.153758696139297,"Low"
"TCGA-B0-5696",85.77440247,0,2,-0.244944646764978,"Low"
"TCGA-B0-5697",86.46480587,0,1,0.206465435968478,"High"
"TCGA-B0-5698",119.3740343,0,1,-0.312259315048551,"Low"
"TCGA-B0-5699",126.2780682,0,1,-0.499927183932887,"Low"
"TCGA-B0-5701",80.90870237,0,1,-0.395599393229473,"Low"
"TCGA-B0-5702",71.40743663,0,2,0.729486544465814,"High"
"TCGA-B0-5703",73.84028668,0,2,0.173975528831926,"High"
"TCGA-B0-5705",149.1600092,0,1,-1.07664755310502,"Low"
"TCGA-B0-5706",105.3687083,0,1,0.259783783168001,"High"
"TCGA-B0-5707",123.089062,0,2,0.626945220379827,"High"
"TCGA-B0-5709",130.650623,0,1,-0.295322322852066,"Low"
"TCGA-B0-5710",79.88953546,0,1,-0.210951823265791,"Low"
"TCGA-B0-5711",131.1437683,0,1,-0.512400176482427,"Low"
"TCGA-B0-5712",89.48943025,0,2,-0.269077542913036,"Low"
"TCGA-B0-5713",91.46201138,0,1,-0.456303280322754,"Low"
"TCGA-B0-5812",126.0479337,0,1,-0.462989630389595,"Low"
"TCGA-B2-3923",32.61334122,0,1,-2.0756819244187,"Low"
"TCGA-B2-3924",35.90097643,0,1,0.106898705254823,"High"
"TCGA-B2-4098",1.676693954,1,1,0.183540007480929,"High"
"TCGA-B2-4099",31.95581418,0,2,0.0349929686498555,"High"
"TCGA-B2-4101",21.30387612,0,1,-0.178162865058524,"Low"
"TCGA-B2-4102",31.29828714,0,1,-0.232007889675067,"Low"
"TCGA-B2-5633",31.65992701,0,1,-0.165002578825244,"Low"
"TCGA-B2-5635",24.82164579,0,2,-0.590920440291354,"Low"
"TCGA-B2-5639",32.9749811,1,1,-0.256894156988367,"Low"
"TCGA-B2-5641",21.56688694,0,1,-0.542868490846992,"Low"
"TCGA-B2-A4SR",16.66831048,0,1,-0.295569324659738,"Low"
"TCGA-B4-5377",11.9998685,0,1,-0.893322417367789,"Low"
"TCGA-B4-5378",5.753361607,0,1,-0.524397966659877,"Low"
"TCGA-B4-5832",5.095834566,0,1,-1.04174362634419,"Low"
"TCGA-B4-5834",1.249301378,0,1,-0.42225902464413,"Low"
"TCGA-B4-5835",0.526021633,0,1,-0.408963437549394,"Low"
"TCGA-B4-5836",4.635565638,0,1,-0.21103003030119,"Low"
"TCGA-B4-5838",5.457474439,0,1,-0.562533653828398,"Low"
"TCGA-B4-5843",0.361639872,0,1,-0.518302239094356,"Low"
"TCGA-B4-5844",0.230134464,0,1,-0.362563095300533,"Low"
"TCGA-B8-4143",23.3093336,1,2,0.594427980722034,"High"
"TCGA-B8-4146",16.79981589,0,1,-1.21568915064023,"Low"
"TCGA-B8-4148",49.9720551,0,1,-0.192109744268466,"Low"
"TCGA-B8-4151",42.7063813,0,1,-0.254533097909381,"Low"
"TCGA-B8-4153",25.05178025,0,2,-0.076820933234753,"High"
"TCGA-B8-4154",45.36936582,0,2,-0.438082102154385,"Low"
"TCGA-B8-4619",17.19433212,0,1,-0.970126600032328,"Low"
"TCGA-B8-4620",25.54492554,0,1,0.219142360090371,"High"
"TCGA-B8-4621",25.90656541,0,1,-0.263478434786359,"Low"
"TCGA-B8-4622",50.13643686,0,1,-0.20124682279435,"Low"
"TCGA-B8-5158",40.04339679,0,1,-0.0581231094577371,"High"
"TCGA-B8-5159",23.73672617,0,1,-0.746031453923325,"Low"
"TCGA-B8-5162",1.183548673,0,1,0.482751187394301,"High"
"TCGA-B8-5163",27.02436138,0,1,0.245245360542149,"High"
"TCGA-B8-5164",0.854785153,0,1,-0.476474863905635,"Low"
"TCGA-B8-5165",24.22987145,0,1,-0.574879874888052,"Low"
"TCGA-B8-5545",50.13643686,0,1,-0.238204091564611,"Low"
"TCGA-B8-5546",16.60255778,0,1,-1.0562461367126,"Low"
"TCGA-B8-5549",6.378012296,0,1,-0.366316044573722,"Low"
"TCGA-B8-5550",48.52549561,0,1,-0.385214702181489,"Low"
"TCGA-B8-5551",0.526021633,0,1,0.188212259973497,"High"
"TCGA-B8-5552",34.38866423,0,1,-0.185083725217973,"Low"
"TCGA-B8-5553",14.30121314,0,1,-0.497765622675418,"Low"
"TCGA-B8-A54D",27.28737219,0,2,-0.100813236589069,"High"
"TCGA-B8-A54E",29.884604,0,1,0.545996757311597,"High"
"TCGA-B8-A54F",17.06282671,0,2,0.16589284563395,"High"
"TCGA-B8-A54G",1.742446658,0,2,0.140902589148212,"High"
"TCGA-B8-A54H",8.416346122,0,1,-0.487198774299885,"Low"
"TCGA-B8-A54I",4.931452806,0,2,0.606299269606375,"High"
"TCGA-B8-A54J",17.35871388,0,2,-0.0313910775997877,"High"
"TCGA-B8-A7U6",16.27379426,0,2,-0.182029166607535,"Low"
"TCGA-B8-A8YJ",14.16970773,0,1,-0.0755699362337688,"High"
"TCGA-BP-4158",111.0234408,0,2,-0.0185242938881508,"High"
"TCGA-BP-4159",85.51139166,1,2,0.238613068572193,"High"
"TCGA-BP-4160",94.71677023,0,1,-0.451770537956482,"Low"
"TCGA-BP-4161",90.2784627,0,1,-0.286365975486756,"Low"
"TCGA-BP-4162",101.0619062,0,1,-0.42540229925383,"Low"
"TCGA-BP-4163",93.33596344,0,1,-0.161277695418037,"Low"
"TCGA-BP-4164",32.61334122,1,1,-0.809050151232933,"Low"
"TCGA-BP-4165",99.84548115,0,2,0.0575867584492992,"High"
"TCGA-BP-4166",0.427392577,0,1,0.243816054954951,"High"
"TCGA-BP-4167",89.35792485,0,2,0.701209102250969,"High"
"TCGA-BP-4169",23.04632278,1,1,0.264728283893315,"High"
"TCGA-BP-4170",77.02929283,1,1,-0.0493825917192462,"High"
"TCGA-BP-4173",62.23493441,0,1,0.336497366251534,"High"
"TCGA-BP-4174",61.77466548,0,1,-0.288538494128938,"Low"
"TCGA-BP-4176",64.27326824,0,1,-0.143666587868042,"Low"
"TCGA-BP-4177",54.90350791,0,1,-0.135625951149192,"Low"
"TCGA-BP-4325",97.44550745,0,1,-0.513309528296138,"Low"
"TCGA-BP-4326",53.42407207,1,1,0.702007228007947,"High"
"TCGA-BP-4327",3.583522372,1,2,0.295881624708473,"High"
"TCGA-BP-4329",27.78051747,1,1,0.00110932050645073,"High"
"TCGA-BP-4330",62.07055265,0,1,-0.209035506155468,"Low"
"TCGA-BP-4332",37.24890686,0,2,0.078242244769841,"High"
"TCGA-BP-4334",21.20524707,1,2,1.63535267918844,"High"
"TCGA-BP-4335",15.61626722,1,2,0.204676382988742,"High"
"TCGA-BP-4337",0.065752704,1,2,0.374210492592945,"High"
"TCGA-BP-4338",93.99349048,0,1,0.497390864420455,"High"
"TCGA-BP-4340",18.47650985,1,1,-0.636883402509274,"Low"
"TCGA-BP-4341",52.24052339,1,2,0.235196567254677,"High"
"TCGA-BP-4343",62.8595851,1,1,-0.742423623818862,"Low"
"TCGA-BP-4345",49.84054969,0,2,0.657937261192655,"High"
"TCGA-BP-4346",49.0843936,1,2,0.0874035891684341,"High"
"TCGA-BP-4347",44.94197324,0,1,0.161233665621541,"High"
"TCGA-BP-4349",12.23000296,0,2,-0.0288827587186259,"High"
"TCGA-BP-4351",31.89006148,0,2,0.211882555557259,"High"
"TCGA-BP-4352",11.3094651,1,2,1.73877523484606,"High"
"TCGA-BP-4354",33.99414801,1,1,0.534222894767494,"High"
"TCGA-BP-4355",31.33116349,1,2,0.207850484973128,"High"
"TCGA-BP-4756",12.29575566,0,1,-0.888960262129771,"Low"
"TCGA-BP-4758",72.5909853,0,2,0.247509182581991,"High"
"TCGA-BP-4759",77.98270704,0,2,0.233669303232765,"High"
"TCGA-BP-4760",77.62106717,0,1,-0.21415423884303,"Low"
"TCGA-BP-4761",5.983496071,0,2,1.68852439724897,"High"
"TCGA-BP-4762",44.15294079,1,1,-0.0870295677911521,"High"
"TCGA-BP-4763",41.75296709,1,1,-0.395029434869663,"Low"
"TCGA-BP-4765",71.80195286,0,1,0.0424285462547628,"High"
"TCGA-BP-4766",48.06522668,0,1,-0.371678179979267,"Low"
"TCGA-BP-4768",13.15054082,0,2,-0.196494709190668,"Low"
"TCGA-BP-4769",61.67603643,0,1,-0.238119589151448,"Low"
"TCGA-BP-4770",10.81631982,1,2,1.35065838542759,"High"
"TCGA-BP-4771",5.325969031,1,2,0.455185550855135,"High"
"TCGA-BP-4774",61.9719236,0,2,0.274378145883569,"High"
"TCGA-BP-4775",60.59111681,0,1,-0.808453011191069,"Low"
"TCGA-BP-4776",13.51218069,0,2,0.379253776956889,"High"
"TCGA-BP-4777",56.90896538,0,1,-0.27987537503029,"Low"
"TCGA-BP-4781",68.38281224,0,1,0.297448950849708,"High"
"TCGA-BP-4782",11.63822862,0,1,-0.226611440455428,"Low"
"TCGA-BP-4784",60.95275668,0,1,-0.37987003096241,"Low"
"TCGA-BP-4787",15.78064898,1,2,0.172695048780433,"High"
"TCGA-BP-4789",48.95288819,0,1,-0.407983343604331,"Low"
"TCGA-BP-4790",36.52562712,1,1,-0.110253132858278,"Low"
"TCGA-BP-4795",20.38333827,0,1,0.363894439674121,"High"
"TCGA-BP-4797",36.39412171,0,1,-0.518841156483902,"Low"
"TCGA-BP-4798",10.98070158,1,2,1.10271706880659,"High"
"TCGA-BP-4799",37.24890686,1,1,0.302512738220908,"High"
"TCGA-BP-4801",36.95301969,0,1,-0.147519772074236,"Low"
"TCGA-BP-4803",6.706775816,0,1,-0.113906651269241,"Low"
"TCGA-BP-4804",47.96659763,0,2,0.0288407929026481,"High"
"TCGA-BP-4807",6.93691028,0,1,-0.311865380037829,"Low"
"TCGA-BP-4959",87.45109643,0,1,-0.822818437148247,"Low"
"TCGA-BP-4960",71.40743663,0,2,0.435689987819259,"High"
"TCGA-BP-4961",63.6157412,0,1,-0.241712521876469,"Low"
"TCGA-BP-4962",58.68428839,0,2,-0.12823064181252,"Low"
"TCGA-BP-4963",60.29522964,0,2,0.00192736743465072,"High"
"TCGA-BP-4964",61.2157675,0,1,-0.382448852481616,"Low"
"TCGA-BP-4965",61.51165467,0,1,-0.502173805804425,"Low"
"TCGA-BP-4967",6.739652168,0,1,-0.683764655309736,"Low"
"TCGA-BP-4968",57.40211066,0,2,-0.133250858476621,"Low"
"TCGA-BP-4969",58.98017556,0,2,0.340627594784883,"High"
"TCGA-BP-4970",14.23546043,0,1,-0.246940577645916,"Low"
"TCGA-BP-4971",48.88713548,0,2,0.704046962591092,"High"
"TCGA-BP-4972",49.38028076,0,1,-0.377205318078341,"Low"
"TCGA-BP-4973",45.50087122,0,1,-0.363162750201774,"Low"
"TCGA-BP-4974",6.93691028,1,1,0.463119411898513,"High"
"TCGA-BP-4975",47.11181247,0,1,-0.419286544907881,"Low"
"TCGA-BP-4977",14.92586383,0,1,-0.34599316865895,"Low"
"TCGA-BP-4981",36.06535819,1,2,0.275016616390567,"High"
"TCGA-BP-4982",33.33662097,0,1,-0.427447319817706,"Low"
"TCGA-BP-4983",46.45428543,0,2,1.0640977449241,"High"
"TCGA-BP-4985",31.29828714,1,1,0.136520138847679,"High"
"TCGA-BP-4987",36.95301969,0,1,-0.288108347561477,"Low"
"TCGA-BP-4989",3.879409541,0,2,0.588429242574394,"High"
"TCGA-BP-4991",46.45428543,0,1,-0.293765532320941,"Low"
"TCGA-BP-4992",16.47105237,0,2,1.46994960763356,"High"
"TCGA-BP-4993",5.819114311,0,2,0.183149494138025,"High"
"TCGA-BP-4994",43.00226847,0,1,-1.64104648454522,"Low"
"TCGA-BP-4998",30.6407601,0,1,0.0155613395970899,"High"
"TCGA-BP-4999",41.62146168,0,1,-0.235406551487453,"Low"
"TCGA-BP-5000",18.5093862,0,2,0.449084244030933,"High"
"TCGA-BP-5001",38.69546635,0,2,0.267494279998564,"High"
"TCGA-BP-5004",37.0187724,0,1,-0.680687391674238,"Low"
"TCGA-BP-5007",37.47904133,0,2,-0.166635188443763,"Low"
"TCGA-BP-5008",35.21057304,0,1,-0.273682391736169,"Low"
"TCGA-BP-5010",28.86543709,1,2,0.524898078849647,"High"
"TCGA-BP-5168",48.09810303,1,1,-0.398909777935573,"Low"
"TCGA-BP-5169",6.345135944,0,2,0.962030811174416,"High"
"TCGA-BP-5170",79.29776112,0,2,0.174681545629282,"High"
"TCGA-BP-5173",2.038333827,1,2,0.461681016615782,"High"
"TCGA-BP-5174",74.20192655,0,2,-0.0976820510575785,"High"
"TCGA-BP-5175",30.6407601,0,2,0.530753218435679,"High"
"TCGA-BP-5176",52.27339974,1,2,0.138169499517861,"High"
"TCGA-BP-5177",9.632771148,0,2,0.351670316747218,"High"
"TCGA-BP-5178",62.8595851,1,2,0.472833287176549,"High"
"TCGA-BP-5180",74.39918467,0,2,0.171136129799475,"High"
"TCGA-BP-5182",38.30095013,0,1,-0.108394784448078,"Low"
"TCGA-BP-5183",42.44337048,0,2,-0.0173874779643045,"High"
"TCGA-BP-5184",37.24890686,0,1,-0.369359044700452,"Low"
"TCGA-BP-5185",37.21603051,0,2,0.0748618495424257,"High"
"TCGA-BP-5186",22.78331196,0,1,-0.403260771004525,"Low"
"TCGA-BP-5187",13.34779893,0,1,-0.122070084604575,"Low"
"TCGA-BP-5189",27.02436138,1,1,-0.263487826651263,"Low"
"TCGA-BP-5190",33.23799191,0,2,-0.293648740957144,"Low"
"TCGA-BP-5191",31.79143242,0,2,0.0302817594853057,"High"
"TCGA-BP-5192",23.47371536,0,1,-0.187925810949255,"Low"
"TCGA-BP-5194",13.41355163,0,1,-0.184200274813801,"Low"
"TCGA-BP-5195",24.62438768,0,1,-0.0703435090749467,"High"
"TCGA-BP-5196",33.46812638,0,2,0.441661230223775,"High"
"TCGA-BP-5198",19.82444028,0,2,0.16140341407432,"High"
"TCGA-BP-5200",34.94756222,0,1,-0.557946339841346,"Low"
"TCGA-BP-5201",31.26541079,0,2,-0.292549022019635,"Low"
"TCGA-BP-5202",0.953414209,0,1,-0.354168326989304,"Low"
"TCGA-CJ-4634",115.0014794,0,1,-0.374687055156407,"Low"
"TCGA-CJ-4635",46.55291449,0,2,-0.239141535739463,"Low"
"TCGA-CJ-4636",63.25410133,0,2,0.192542721018654,"High"
"TCGA-CJ-4637",73.21563599,1,2,0.635830765450478,"High"
"TCGA-CJ-4638",14.16970773,1,2,0.110398529727629,"High"
"TCGA-CJ-4639",106.1577407,0,1,-0.377742876298067,"Low"
"TCGA-CJ-4640",114.4097051,0,1,-0.347764060521197,"Low"
"TCGA-CJ-4641",54.60762074,1,1,-0.162267449895576,"Low"
"TCGA-CJ-4643",58.94729921,0,1,-0.285502754725785,"Low"
"TCGA-CJ-4644",11.04645429,1,1,0.0898867364601029,"High"
"TCGA-CJ-4868",21.23812342,1,2,0.641442560913581,"High"
"TCGA-CJ-4869",83.96620311,0,2,0.248454459382805,"High"
"TCGA-CJ-4870",49.24877536,0,2,-0.193247286217568,"Low"
"TCGA-CJ-4871",79.65940099,0,1,-0.213032422225733,"Low"
"TCGA-CJ-4872",47.17756518,0,1,0.070429953197666,"High"
"TCGA-CJ-4873",74.26767926,0,2,0.910105464980706,"High"
"TCGA-CJ-4874",75.05671171,0,1,-0.601738179283625,"Low"
"TCGA-CJ-4875",116.8425552,1,2,0.264166949739543,"High"
"TCGA-CJ-4876",64.27326824,0,2,0.0208428488800644,"High"
"TCGA-CJ-4878",71.86770556,0,1,-0.260632851817147,"Low"
"TCGA-CJ-4881",66.21297301,0,2,0.951527981013812,"High"
"TCGA-CJ-4882",61.90617089,0,2,0.483220079384725,"High"
"TCGA-CJ-4884",57.82950324,0,1,-0.306671754792818,"Low"
"TCGA-CJ-4885",113.4562909,0,1,-0.36539147199115,"Low"
"TCGA-CJ-4886",64.17463918,0,1,-0.347257237750436,"Low"
"TCGA-CJ-4887",30.6407601,1,2,0.287680561833036,"High"
"TCGA-CJ-4888",51.51724365,1,1,0.929494094575953,"High"
"TCGA-CJ-4889",63.97738107,0,1,0.0332093516583622,"High"
"TCGA-CJ-4890",115.6918828,0,1,0.528559160005341,"High"
"TCGA-CJ-4891",26.92573232,1,2,1.25553484489787,"High"
"TCGA-CJ-4892",50.00493145,0,2,0.156459554881084,"High"
"TCGA-CJ-4893",24.65726403,0,1,-0.526944925666953,"Low"
"TCGA-CJ-4894",27.64901207,1,1,-0.181897759572711,"Low"
"TCGA-CJ-4895",39.45162245,1,1,0.442094741558483,"High"
"TCGA-CJ-4897",109.8398922,0,1,-0.73574841925672,"Low"
"TCGA-CJ-4899",50.23506592,0,1,-0.502543495154413,"Low"
"TCGA-CJ-4900",56.3500674,1,2,0.435109635067141,"High"
"TCGA-CJ-4901",47.67071046,0,2,0.350171814125367,"High"
"TCGA-CJ-4902",49.9720551,0,2,0.0567546423553663,"High"
"TCGA-CJ-4903",51.28710918,0,1,-0.238833227660441,"Low"
"TCGA-CJ-4904",108.5577144,0,1,-0.290639089543905,"Low"
"TCGA-CJ-4905",49.18302265,0,1,-0.186021492435232,"Low"
"TCGA-CJ-4907",49.28165171,0,1,-0.386872704298935,"Low"
"TCGA-CJ-4908",50.33369497,0,1,-0.0260213054422779,"High"
"TCGA-CJ-4912",54.47611533,0,2,0.485300164426148,"High"
"TCGA-CJ-4916",45.13923135,0,2,0.234587257462064,"High"
"TCGA-CJ-4918",3.05750074,1,1,0.094674248845957,"High"
"TCGA-CJ-4920",4.569812934,1,1,0.124074671408785,"High"
"TCGA-CJ-4923",18.80527337,1,2,0.861652177245103,"High"
"TCGA-CJ-5671",131.0780156,0,2,0.239563252861205,"High"
"TCGA-CJ-5672",71.99921097,1,2,-0.0969439503845558,"High"
"TCGA-CJ-5675",129.4013216,0,2,-0.0108881133779017,"High"
"TCGA-CJ-5676",133.7081238,0,2,-0.148668837139482,"Low"
"TCGA-CJ-5677",25.7093073,1,2,0.648041449571085,"High"
"TCGA-CJ-5678",18.87102607,1,2,-0.660661656226626,"Low"
"TCGA-CJ-5679",22.32304304,1,2,1.14024065793465,"High"
"TCGA-CJ-5680",25.24903837,1,1,-0.543015398383442,"Low"
"TCGA-CJ-5681",18.14774633,1,1,1.55352586793839,"High"
"TCGA-CJ-5682",122.8260512,0,2,-0.110301334823515,"Low"
"TCGA-CJ-5683",62.103429,0,2,-0.0303704455951671,"High"
"TCGA-CJ-5684",73.3471414,0,1,-0.186444223948916,"Low"
"TCGA-CJ-5686",67.00200546,0,1,-0.140612077664216,"Low"
"TCGA-CJ-5689",53.25969031,1,1,0.647522793714161,"High"
"TCGA-CJ-6027",118.8480126,1,2,0.505057596885839,"High"
"TCGA-CJ-6028",53.42407207,1,1,-0.386911022863859,"Low"
"TCGA-CJ-6030",75.58273334,1,1,-0.0528511701668813,"High"
"TCGA-CJ-6031",62.66232699,0,2,-0.00815317889374733,"High"
"TCGA-CJ-6032",119.6370451,0,1,-0.80712148644107,"Low"
"TCGA-CJ-6033",7.364302857,1,2,0.350398018509911,"High"
"TCGA-CW-5580",64.56915541,1,1,-0.507375222141802,"Low"
"TCGA-CW-5581",92.02090936,0,1,-0.591857500594028,"Low"
"TCGA-CW-5583",81.82924023,0,1,-0.64164336104274,"Low"
"TCGA-CW-5584",5.391721735,1,1,-0.265214175007493,"Low"
"TCGA-CW-5585",85.77440247,0,1,-0.56095824296431,"Low"
"TCGA-CW-5587",73.18275964,0,1,-0.544703042616544,"Low"
"TCGA-CW-5588",66.31160207,0,1,-0.484121715116896,"Low"
"TCGA-CW-5589",78.17996515,0,1,-0.448305745616851,"Low"
"TCGA-CW-5591",74.66219548,0,1,-0.635233310117832,"Low"
"TCGA-CW-6087",1.347930434,1,1,1.07585400179665,"High"
"TCGA-CW-6088",105.9276063,0,1,-0.724382927759729,"Low"
"TCGA-CW-6090",83.90045041,0,1,0.0123436715037403,"High"
"TCGA-CW-6093",103.4290035,0,1,-0.177998715176642,"Low"
"TCGA-CW-6097",18.77239702,1,1,-0.171538126051548,"Low"
"TCGA-CZ-4853",25.44629648,0,1,-0.611823927265157,"Low"
"TCGA-CZ-4854",46.15839826,1,2,0.34131637951928,"High"
"TCGA-CZ-4856",0.591774337,0,1,-0.645452160585881,"Low"
"TCGA-CZ-4857",47.07893612,1,2,0.220944996402774,"High"
"TCGA-CZ-4858",69.20472104,1,2,1.30526675149215,"High"
"TCGA-CZ-4859",58.7500411,0,1,-0.526553816209987,"Low"
"TCGA-CZ-4860",6.77252852,1,1,0.431256832307476,"High"
"TCGA-CZ-4861",14.66285301,1,1,1.17645747189393,"High"
"TCGA-CZ-4862",107.5385475,0,1,-0.259691828939814,"Low"
"TCGA-CZ-4863",63.38560673,0,1,-0.113757517733971,"Low"
"TCGA-CZ-4864",93.04007627,1,1,-0.0895340143797167,"High"
"TCGA-CZ-4866",107.4070421,0,1,-0.790120416131878,"Low"
"TCGA-CZ-5451",63.41848309,0,1,-0.42875375576936,"Low"
"TCGA-CZ-5452",58.8157938,0,2,-0.201804301157018,"Low"
"TCGA-CZ-5453",79.52789559,1,1,0.0305382064069763,"High"
"TCGA-CZ-5454",23.73672617,1,1,-0.118400974823701,"Low"
"TCGA-CZ-5455",18.44363349,1,1,-0.523257935922284,"Low"
"TCGA-CZ-5456",79.62652464,0,2,-0.0356891756491747,"High"
"TCGA-CZ-5457",90.54147352,0,2,0.0292241899290925,"High"
"TCGA-CZ-5458",91.69214584,0,1,-0.651594475216385,"Low"
"TCGA-CZ-5459",55.33090048,0,2,-0.281018362954727,"Low"
"TCGA-CZ-5460",94.45375941,0,2,-0.106016087922403,"High"
"TCGA-CZ-5461",10.84919617,1,1,-0.208123646599711,"Low"
"TCGA-CZ-5462",10.22454548,1,1,-0.446857125306365,"Low"
"TCGA-CZ-5463",21.76414505,0,1,-0.603665170475962,"Low"
"TCGA-CZ-5464",69.96087714,0,2,-0.331951955007765,"Low"
"TCGA-CZ-5465",84.29496663,1,1,-0.313657833724707,"Low"
"TCGA-CZ-5466",22.52030115,0,2,0.0661425721134832,"High"
"TCGA-CZ-5467",2.399973699,1,1,-0.436084531477285,"Low"
"TCGA-CZ-5468",1.93970477,1,2,0.835613438960599,"High"
"TCGA-CZ-5469",31.10102903,1,2,0.719849705212895,"High"
"TCGA-CZ-5470",12.69027189,0,2,-0.353093624804948,"Low"
"TCGA-CZ-5982",80.18542263,0,1,-0.569604961373647,"Low"
"TCGA-CZ-5984",67.95541967,0,1,-0.368573255230839,"Low"
"TCGA-CZ-5985",65.65407502,0,1,-0.378203785631665,"Low"
"TCGA-CZ-5986",12.26287931,0,1,-0.46157957866671,"Low"
"TCGA-CZ-5987",14.62997666,1,2,0.181072408326115,"High"
"TCGA-CZ-5988",22.78331196,0,1,-0.0947863027806115,"High"
"TCGA-CZ-5989",62.62945064,0,1,-1.50157057029036,"Low"
"TCGA-DV-5565",43.69267186,0,2,0.177634298205512,"High"
"TCGA-DV-5566",45.96114015,0,2,-0.273190146337162,"Low"
"TCGA-DV-5567",65.88420949,0,1,-0.707504495032163,"Low"
"TCGA-DV-5569",11.67110497,0,1,-0.402844039036327,"Low"
"TCGA-DV-5574",66.27872571,0,1,0.0232752411884087,"High"
"TCGA-DV-5575",56.84321268,0,1,-0.232217620985669,"Low"
"TCGA-DV-5576",23.90110793,1,1,-0.456649713987827,"Low"
"TCGA-DV-A4VX",53.45694842,1,2,0.661685018817758,"High"
"TCGA-DV-A4VZ",11.9998685,0,2,-0.152865154971947,"Low"
"TCGA-DV-A4W0",81.20458954,0,1,-0.477232775907488,"Low"
"TCGA-EU-5904",18.11486997,0,1,-0.522945284018461,"Low"
"TCGA-EU-5905",3.912285893,0,1,-0.588341267213816,"Low"
"TCGA-EU-5906",6.77252852,0,1,-0.449758594788975,"Low"
"TCGA-EU-5907",4.175296709,0,2,-0.173473756968436,"Low"
"TCGA-G6-A5PC",7.956077194,1,2,0.483183063927569,"High"
"TCGA-G6-A8L6",10.29029819,1,2,0.531600940707492,"High"
"TCGA-G6-A8L7",70.1252589,0,2,0.858127557557571,"High"
"TCGA-G6-A8L8",35.86810008,1,2,-0.0189594009656912,"High"
"TCGA-GK-A6C7",2.005457474,0,1,-0.13919277676567,"Low"
"TCGA-MM-A563",19.42992406,0,2,0.253519100621807,"High"
"TCGA-MM-A564",19.95594569,0,2,0.507925909528589,"High"
"TCGA-MM-A84U",23.01344643,0,2,0.735395775914686,"High"
"TCGA-MW-A4EC",16.37242332,0,2,-0.153099756038431,"Low"
"TCGA-T7-A92I",11.70398133,0,1,-0.531850038947599,"Low"
